customer_id,customer_name,age,city,gender
1,Customer_1,56,Delhi,Female
2,Customer_2,46,Pune,Male
3,Customer_3,32,Hyderabad,Female
4,Customer_4,60,Hyderabad,Female
5,Customer_5,25,Bangalore,Male
6,Customer_6,38,Bangalore,Male
7,Customer_7,56,Mumbai,Female
8,Customer_8,36,Mumbai,Female
9,Customer_9,40,Hyderabad,Female
10,Customer_10,28,Bangalore,Female
11,Customer_11,28,Delhi,Male
12,Customer_12,41,Pune,Female
13,Customer_13,53,Bangalore,Male
14,Customer_14,57,Bangalore,Male
15,Customer_15,41,Chennai,Female
16,Customer_16,20,Mumbai,Female
17,Customer_17,39,Pune,Female
18,Customer_18,19,Hyderabad,Male
19,Customer_19,41,Bangalore,Male
20,Customer_20,61,Hyderabad,Male
21,Customer_21,47,Bangalore,Male
22,Customer_22,55,Hyderabad,Female
23,Customer_23,19,Pune,Male
24,Customer_24,38,Mumbai,Male
25,Customer_25,50,Pune,Female
26,Customer_26,29,Chennai,Male
27,Customer_27,39,Delhi,Male
28,Customer_28,61,Mumbai,Female
29,Customer_29,42,Pune,Male
30,Customer_30,44,Chennai,Male
31,Customer_31,59,Delhi,Male
32,Customer_32,45,Chennai,Male
33,Customer_33,33,Bangalore,Female
34,Customer_34,32,Bangalore,Male
35,Customer_35,64,Hyderabad,Female
36,Customer_36,61,Mumbai,Male
37,Customer_37,20,Bangalore,Female
38,Customer_38,54,Chennai,Female
39,Customer_39,24,Mumbai,Female
40,Customer_40,38,Bangalore,Male
41,Customer_41,26,Hyderabad,Male
42,Customer_42,56,Pune,Male
43,Customer_43,35,Hyderabad,Female
44,Customer_44,21,Delhi,Male
45,Customer_45,42,Bangalore,Male
46,Customer_46,31,Delhi,Male
47,Customer_47,26,Delhi,Male
48,Customer_48,43,Chennai,Female
49,Customer_49,19,Mumbai,Female
50,Customer_50,37,Chennai,Male
51,Customer_51,45,Bangalore,Male
52,Customer_52,64,Delhi,Male
53,Customer_53,24,Pune,Female
54,Customer_54,61,Delhi,Male
55,Customer_55,25,Pune,Female
56,Customer_56,64,Chennai,Female
57,Customer_57,52,Chennai,Male
58,Customer_58,31,Mumbai,Male
59,Customer_59,34,Delhi,Male
60,Customer_60,53,Hyderabad,Female
61,Customer_61,57,Chennai,Female
62,Customer_62,21,Chennai,Male
63,Customer_63,19,Mumbai,Female
64,Customer_64,23,Pune,Male
65,Customer_65,59,Mumbai,Male
66,Customer_66,21,Delhi,Female
67,Customer_67,46,Bangalore,Female
68,Customer_68,35,Bangalore,Female
69,Customer_69,43,Pune,Female
70,Customer_70,61,Chennai,Male
71,Customer_71,51,Pune,Male
72,Customer_72,27,Chennai,Male
73,Customer_73,53,Chennai,Female
74,Customer_74,31,Bangalore,Male
75,Customer_75,48,Pune,Female
76,Customer_76,32,Mumbai,Female
77,Customer_77,25,Chennai,Female
78,Customer_78,31,Hyderabad,Male
79,Customer_79,40,Hyderabad,Female
80,Customer_80,57,Mumbai,Female
81,Customer_81,38,Hyderabad,Female
82,Customer_82,33,Delhi,Female
83,Customer_83,62,Chennai,Female
84,Customer_84,35,Mumbai,Female
85,Customer_85,64,Pune,Female
86,Customer_86,41,Chennai,Female
87,Customer_87,43,Mumbai,Female
88,Customer_88,42,Bangalore,Female
89,Customer_89,62,Pune,Female
90,Customer_90,58,Bangalore,Female
91,Customer_91,46,Chennai,Male
92,Customer_92,32,Pune,Male
93,Customer_93,62,Hyderabad,Female
94,Customer_94,18,Mumbai,Female
95,Customer_95,42,Chennai,Female
96,Customer_96,24,Delhi,Male
97,Customer_97,26,Pune,Male
98,Customer_98,41,Pune,Male
99,Customer_99,18,Chennai,Female
100,Customer_100,61,Chennai,Female
101,Customer_101,25,Bangalore,Female
102,Customer_102,41,Hyderabad,Female
103,Customer_103,28,Bangalore,Male
104,Customer_104,34,Bangalore,Female
105,Customer_105,25,Hyderabad,Male
106,Customer_106,52,Delhi,Male
107,Customer_107,52,Bangalore,Female
108,Customer_108,50,Bangalore,Male
109,Customer_109,22,Pune,Male
110,Customer_110,59,Hyderabad,Male
111,Customer_111,56,Mumbai,Male
112,Customer_112,58,Delhi,Female
113,Customer_113,45,Delhi,Female
114,Customer_114,24,Hyderabad,Male
115,Customer_115,26,Chennai,Female
116,Customer_116,25,Chennai,Male
117,Customer_117,29,Pune,Female
118,Customer_118,51,Pune,Female
119,Customer_119,50,Hyderabad,Female
120,Customer_120,40,Pune,Female
121,Customer_121,41,Delhi,Female
122,Customer_122,54,Delhi,Male
123,Customer_123,52,Mumbai,Female
124,Customer_124,61,Chennai,Male
125,Customer_125,57,Hyderabad,Male
126,Customer_126,39,Bangalore,Female
127,Customer_127,44,Chennai,Male
128,Customer_128,52,Bangalore,Female
129,Customer_129,18,Mumbai,Male
130,Customer_130,52,Mumbai,Male
131,Customer_131,54,Pune,Female
132,Customer_132,64,Mumbai,Female
133,Customer_133,31,Mumbai,Female
134,Customer_134,20,Bangalore,Female
135,Customer_135,18,Pune,Male
136,Customer_136,22,Mumbai,Female
137,Customer_137,43,Chennai,Male
138,Customer_138,31,Mumbai,Male
139,Customer_139,56,Pune,Male
140,Customer_140,44,Hyderabad,Male
141,Customer_141,26,Pune,Male
142,Customer_142,32,Bangalore,Male
143,Customer_143,32,Hyderabad,Female
144,Customer_144,43,Chennai,Male
145,Customer_145,59,Delhi,Male
146,Customer_146,30,Pune,Male
147,Customer_147,49,Bangalore,Female
148,Customer_148,56,Chennai,Female
149,Customer_149,49,Hyderabad,Male
150,Customer_150,21,Chennai,Female
151,Customer_151,47,Pune,Male
152,Customer_152,54,Mumbai,Female
153,Customer_153,40,Pune,Male
154,Customer_154,56,Delhi,Female
155,Customer_155,62,Pune,Female
156,Customer_156,32,Hyderabad,Female
157,Customer_157,60,Hyderabad,Male
158,Customer_158,46,Pune,Male
159,Customer_159,53,Hyderabad,Male
160,Customer_160,30,Mumbai,Female
161,Customer_161,49,Chennai,Female
162,Customer_162,24,Pune,Male
163,Customer_163,39,Mumbai,Female
164,Customer_164,45,Chennai,Male
165,Customer_165,19,Chennai,Male
166,Customer_166,59,Mumbai,Male
167,Customer_167,62,Bangalore,Male
168,Customer_168,23,Pune,Female
169,Customer_169,45,Chennai,Female
170,Customer_170,45,Chennai,Female
171,Customer_171,61,Hyderabad,Male
172,Customer_172,61,Chennai,Female
173,Customer_173,37,Mumbai,Male
174,Customer_174,47,Chennai,Male
175,Customer_175,28,Bangalore,Male
176,Customer_176,45,Pune,Male
177,Customer_177,42,Pune,Male
178,Customer_178,56,Chennai,Male
179,Customer_179,50,Delhi,Female
180,Customer_180,18,Delhi,Female
181,Customer_181,44,Mumbai,Female
182,Customer_182,30,Delhi,Female
183,Customer_183,58,Mumbai,Male
184,Customer_184,20,Hyderabad,Male
185,Customer_185,56,Mumbai,Female
186,Customer_186,23,Delhi,Female
187,Customer_187,25,Chennai,Female
188,Customer_188,44,Hyderabad,Female
189,Customer_189,26,Delhi,Female
190,Customer_190,54,Mumbai,Female
191,Customer_191,50,Bangalore,Female
192,Customer_192,59,Pune,Female
193,Customer_193,61,Delhi,Male
194,Customer_194,41,Mumbai,Male
195,Customer_195,32,Hyderabad,Male
196,Customer_196,49,Delhi,Male
197,Customer_197,49,Delhi,Female
198,Customer_198,41,Pune,Male
199,Customer_199,58,Mumbai,Female
200,Customer_200,29,Bangalore,Male
201,Customer_201,56,Hyderabad,Female
202,Customer_202,19,Mumbai,Female
203,Customer_203,20,Hyderabad,Male
204,Customer_204,54,Delhi,Male
205,Customer_205,34,Pune,Female
206,Customer_206,19,Pune,Female
207,Customer_207,19,Chennai,Female
208,Customer_208,45,Bangalore,Male
209,Customer_209,40,Pune,Male
210,Customer_210,54,Delhi,Female
211,Customer_211,49,Bangalore,Male
212,Customer_212,50,Mumbai,Female
213,Customer_213,18,Pune,Male
214,Customer_214,36,Bangalore,Male
215,Customer_215,19,Delhi,Male
216,Customer_216,61,Chennai,Male
217,Customer_217,43,Hyderabad,Male
218,Customer_218,49,Hyderabad,Female
219,Customer_219,23,Delhi,Female
220,Customer_220,49,Delhi,Male
221,Customer_221,21,Hyderabad,Female
222,Customer_222,28,Chennai,Female
223,Customer_223,34,Bangalore,Male
224,Customer_224,55,Hyderabad,Female
225,Customer_225,41,Delhi,Male
226,Customer_226,22,Pune,Female
227,Customer_227,51,Mumbai,Female
228,Customer_228,23,Chennai,Female
229,Customer_229,39,Chennai,Female
230,Customer_230,28,Pune,Female
231,Customer_231,33,Pune,Female
232,Customer_232,50,Delhi,Female
233,Customer_233,26,Hyderabad,Male
234,Customer_234,23,Bangalore,Male
235,Customer_235,33,Chennai,Male
236,Customer_236,46,Chennai,Male
237,Customer_237,20,Pune,Female
238,Customer_238,37,Hyderabad,Female
239,Customer_239,53,Chennai,Female
240,Customer_240,36,Bangalore,Male
241,Customer_241,43,Pune,Male
242,Customer_242,20,Bangalore,Male
243,Customer_243,36,Hyderabad,Female
244,Customer_244,37,Chennai,Male
245,Customer_245,49,Mumbai,Female
246,Customer_246,24,Chennai,Male
247,Customer_247,58,Hyderabad,Female
248,Customer_248,50,Chennai,Male
249,Customer_249,57,Chennai,Female
250,Customer_250,56,Delhi,Male
251,Customer_251,35,Chennai,Male
252,Customer_252,57,Chennai,Female
253,Customer_253,18,Bangalore,Female
254,Customer_254,28,Mumbai,Male
255,Customer_255,45,Bangalore,Female
256,Customer_256,42,Bangalore,Male
257,Customer_257,40,Pune,Female
258,Customer_258,48,Delhi,Male
259,Customer_259,47,Bangalore,Female
260,Customer_260,59,Hyderabad,Male
261,Customer_261,52,Hyderabad,Male
262,Customer_262,24,Chennai,Male
263,Customer_263,33,Pune,Female
264,Customer_264,43,Delhi,Male
265,Customer_265,19,Delhi,Female
266,Customer_266,18,Chennai,Female
267,Customer_267,29,Hyderabad,Female
268,Customer_268,22,Mumbai,Male
269,Customer_269,54,Pune,Female
270,Customer_270,49,Chennai,Female
271,Customer_271,26,Pune,Female
272,Customer_272,58,Hyderabad,Male
273,Customer_273,52,Hyderabad,Female
274,Customer_274,36,Mumbai,Female
275,Customer_275,33,Mumbai,Female
276,Customer_276,20,Delhi,Female
277,Customer_277,37,Pune,Male
278,Customer_278,41,Pune,Male
279,Customer_279,50,Hyderabad,Female
280,Customer_280,41,Delhi,Female
281,Customer_281,28,Chennai,Female
282,Customer_282,25,Pune,Female
283,Customer_283,53,Delhi,Male
284,Customer_284,55,Delhi,Male
285,Customer_285,57,Hyderabad,Male
286,Customer_286,37,Delhi,Male
287,Customer_287,52,Mumbai,Female
288,Customer_288,42,Mumbai,Female
289,Customer_289,52,Bangalore,Male
290,Customer_290,42,Hyderabad,Male
291,Customer_291,46,Chennai,Female
292,Customer_292,35,Bangalore,Female
293,Customer_293,63,Mumbai,Female
294,Customer_294,35,Bangalore,Female
295,Customer_295,19,Hyderabad,Female
296,Customer_296,52,Hyderabad,Male
297,Customer_297,33,Delhi,Male
298,Customer_298,58,Pune,Female
299,Customer_299,53,Delhi,Female
300,Customer_300,50,Hyderabad,Male
301,Customer_301,21,Mumbai,Female
302,Customer_302,50,Chennai,Male
303,Customer_303,31,Mumbai,Male
304,Customer_304,38,Delhi,Male
305,Customer_305,37,Chennai,Male
306,Customer_306,25,Hyderabad,Female
307,Customer_307,24,Mumbai,Female
308,Customer_308,20,Hyderabad,Male
309,Customer_309,34,Chennai,Female
310,Customer_310,50,Chennai,Female
311,Customer_311,29,Mumbai,Female
312,Customer_312,39,Hyderabad,Female
313,Customer_313,39,Bangalore,Male
314,Customer_314,63,Hyderabad,Female
315,Customer_315,47,Chennai,Male
316,Customer_316,55,Hyderabad,Male
317,Customer_317,55,Delhi,Female
318,Customer_318,62,Bangalore,Male
319,Customer_319,25,Pune,Female
320,Customer_320,44,Delhi,Female
321,Customer_321,44,Pune,Male
322,Customer_322,51,Mumbai,Female
323,Customer_323,38,Pune,Male
324,Customer_324,47,Hyderabad,Male
325,Customer_325,50,Pune,Female
326,Customer_326,45,Chennai,Female
327,Customer_327,64,Delhi,Female
328,Customer_328,50,Delhi,Male
329,Customer_329,22,Pune,Female
330,Customer_330,36,Delhi,Male
331,Customer_331,21,Chennai,Male
332,Customer_332,52,Delhi,Female
333,Customer_333,34,Pune,Female
334,Customer_334,61,Bangalore,Female
335,Customer_335,45,Bangalore,Male
336,Customer_336,47,Mumbai,Female
337,Customer_337,46,Delhi,Male
338,Customer_338,63,Pune,Female
339,Customer_339,23,Delhi,Female
340,Customer_340,52,Hyderabad,Male
341,Customer_341,58,Chennai,Male
342,Customer_342,54,Delhi,Female
343,Customer_343,41,Delhi,Female
344,Customer_344,46,Bangalore,Female
345,Customer_345,63,Chennai,Female
346,Customer_346,48,Pune,Female
347,Customer_347,52,Delhi,Male
348,Customer_348,50,Bangalore,Male
349,Customer_349,38,Mumbai,Male
350,Customer_350,49,Chennai,Male
351,Customer_351,40,Bangalore,Female
352,Customer_352,50,Bangalore,Male
353,Customer_353,20,Bangalore,Male
354,Customer_354,35,Delhi,Male
355,Customer_355,42,Delhi,Female
356,Customer_356,59,Mumbai,Male
357,Customer_357,48,Hyderabad,Female
358,Customer_358,20,Hyderabad,Male
359,Customer_359,57,Hyderabad,Female
360,Customer_360,63,Chennai,Male
361,Customer_361,41,Chennai,Female
362,Customer_362,49,Mumbai,Male
363,Customer_363,64,Chennai,Female
364,Customer_364,39,Hyderabad,Female
365,Customer_365,40,Hyderabad,Male
366,Customer_366,19,Bangalore,Female
367,Customer_367,44,Chennai,Female
368,Customer_368,59,Delhi,Male
369,Customer_369,19,Delhi,Male
370,Customer_370,43,Bangalore,Female
371,Customer_371,34,Bangalore,Male
372,Customer_372,57,Bangalore,Male
373,Customer_373,50,Delhi,Male
374,Customer_374,26,Hyderabad,Female
375,Customer_375,60,Bangalore,Female
376,Customer_376,56,Mumbai,Female
377,Customer_377,46,Bangalore,Female
378,Customer_378,59,Pune,Female
379,Customer_379,43,Bangalore,Female
380,Customer_380,52,Delhi,Female
381,Customer_381,42,Chennai,Male
382,Customer_382,41,Bangalore,Female
383,Customer_383,30,Chennai,Female
384,Customer_384,24,Pune,Male
385,Customer_385,53,Mumbai,Male
386,Customer_386,62,Chennai,Male
387,Customer_387,37,Hyderabad,Female
388,Customer_388,18,Bangalore,Male
389,Customer_389,25,Pune,Female
390,Customer_390,63,Pune,Female
391,Customer_391,33,Chennai,Female
392,Customer_392,31,Mumbai,Male
393,Customer_393,29,Delhi,Male
394,Customer_394,40,Bangalore,Female
395,Customer_395,32,Pune,Female
396,Customer_396,45,Mumbai,Female
397,Customer_397,51,Hyderabad,Male
398,Customer_398,19,Pune,Female
399,Customer_399,49,Mumbai,Male
400,Customer_400,40,Delhi,Female
401,Customer_401,39,Delhi,Male
402,Customer_402,42,Pune,Female
403,Customer_403,39,Pune,Male
404,Customer_404,39,Chennai,Male
405,Customer_405,59,Bangalore,Male
406,Customer_406,23,Mumbai,Male
407,Customer_407,32,Pune,Male
408,Customer_408,60,Bangalore,Male
409,Customer_409,54,Chennai,Female
410,Customer_410,50,Bangalore,Female
411,Customer_411,25,Pune,Female
412,Customer_412,61,Delhi,Female
413,Customer_413,61,Mumbai,Male
414,Customer_414,22,Mumbai,Female
415,Customer_415,56,Delhi,Male
416,Customer_416,21,Pune,Male
417,Customer_417,23,Mumbai,Male
418,Customer_418,62,Pune,Female
419,Customer_419,49,Chennai,Male
420,Customer_420,47,Pune,Female
421,Customer_421,64,Bangalore,Female
422,Customer_422,52,Delhi,Female
423,Customer_423,57,Pune,Female
424,Customer_424,33,Chennai,Female
425,Customer_425,30,Hyderabad,Male
426,Customer_426,59,Delhi,Male
427,Customer_427,47,Mumbai,Female
428,Customer_428,36,Bangalore,Male
429,Customer_429,34,Mumbai,Female
430,Customer_430,36,Chennai,Male
431,Customer_431,45,Chennai,Male
432,Customer_432,43,Mumbai,Male
433,Customer_433,54,Delhi,Male
434,Customer_434,43,Mumbai,Male
435,Customer_435,40,Pune,Male
436,Customer_436,26,Mumbai,Male
437,Customer_437,29,Bangalore,Male
438,Customer_438,18,Bangalore,Male
439,Customer_439,18,Hyderabad,Male
440,Customer_440,64,Bangalore,Male
441,Customer_441,51,Mumbai,Male
442,Customer_442,49,Bangalore,Male
443,Customer_443,42,Delhi,Female
444,Customer_444,57,Bangalore,Male
445,Customer_445,62,Pune,Male
446,Customer_446,18,Delhi,Male
447,Customer_447,33,Hyderabad,Male
448,Customer_448,56,Pune,Male
449,Customer_449,22,Mumbai,Male
450,Customer_450,39,Mumbai,Female
451,Customer_451,46,Mumbai,Female
452,Customer_452,20,Pune,Female
453,Customer_453,29,Pune,Male
454,Customer_454,43,Pune,Male
455,Customer_455,33,Delhi,Male
456,Customer_456,54,Chennai,Female
457,Customer_457,39,Delhi,Male
458,Customer_458,46,Mumbai,Male
459,Customer_459,31,Chennai,Female
460,Customer_460,45,Bangalore,Female
461,Customer_461,22,Mumbai,Male
462,Customer_462,64,Hyderabad,Male
463,Customer_463,47,Delhi,Male
464,Customer_464,63,Pune,Male
465,Customer_465,22,Delhi,Female
466,Customer_466,29,Pune,Male
467,Customer_467,33,Chennai,Male
468,Customer_468,43,Hyderabad,Female
469,Customer_469,43,Chennai,Male
470,Customer_470,38,Hyderabad,Male
471,Customer_471,56,Delhi,Female
472,Customer_472,53,Pune,Female
473,Customer_473,50,Chennai,Male
474,Customer_474,47,Hyderabad,Female
475,Customer_475,54,Mumbai,Female
476,Customer_476,40,Mumbai,Male
477,Customer_477,27,Chennai,Female
478,Customer_478,22,Pune,Male
479,Customer_479,53,Chennai,Male
480,Customer_480,51,Delhi,Male
481,Customer_481,48,Hyderabad,Male
482,Customer_482,27,Delhi,Female
483,Customer_483,36,Mumbai,Male
484,Customer_484,49,Hyderabad,Male
485,Customer_485,18,Chennai,Male
486,Customer_486,22,Delhi,Male
487,Customer_487,62,Bangalore,Female
488,Customer_488,21,Pune,Female
489,Customer_489,33,Pune,Female
490,Customer_490,41,Bangalore,Male
491,Customer_491,33,Mumbai,Female
492,Customer_492,19,Hyderabad,Female
493,Customer_493,45,Pune,Male
494,Customer_494,49,Bangalore,Female
495,Customer_495,44,Chennai,Male
496,Customer_496,37,Bangalore,Female
497,Customer_497,41,Mumbai,Female
498,Customer_498,29,Mumbai,Female
499,Customer_499,52,Delhi,Female
500,Customer_500,50,Pune,Male
501,Customer_501,50,Delhi,Male
502,Customer_502,60,Bangalore,Female
503,Customer_503,54,Hyderabad,Male
504,Customer_504,29,Hyderabad,Female
505,Customer_505,20,Mumbai,Female
506,Customer_506,18,Hyderabad,Female
507,Customer_507,50,Hyderabad,Female
508,Customer_508,57,Hyderabad,Female
509,Customer_509,27,Bangalore,Female
510,Customer_510,60,Hyderabad,Male
511,Customer_511,61,Chennai,Male
512,Customer_512,46,Hyderabad,Female
513,Customer_513,30,Hyderabad,Male
514,Customer_514,29,Delhi,Female
515,Customer_515,48,Bangalore,Male
516,Customer_516,63,Mumbai,Male
517,Customer_517,19,Delhi,Male
518,Customer_518,52,Pune,Female
519,Customer_519,40,Bangalore,Male
520,Customer_520,34,Chennai,Female
521,Customer_521,43,Bangalore,Female
522,Customer_522,25,Pune,Female
523,Customer_523,46,Pune,Male
524,Customer_524,43,Pune,Male
525,Customer_525,27,Mumbai,Male
526,Customer_526,43,Hyderabad,Female
527,Customer_527,51,Bangalore,Female
528,Customer_528,58,Hyderabad,Male
529,Customer_529,24,Hyderabad,Female
530,Customer_530,21,Chennai,Male
531,Customer_531,62,Pune,Male
532,Customer_532,28,Mumbai,Male
533,Customer_533,46,Chennai,Male
534,Customer_534,53,Delhi,Female
535,Customer_535,42,Mumbai,Male
536,Customer_536,38,Hyderabad,Male
537,Customer_537,53,Mumbai,Male
538,Customer_538,27,Pune,Male
539,Customer_539,54,Delhi,Male
540,Customer_540,26,Pune,Male
541,Customer_541,41,Delhi,Male
542,Customer_542,52,Chennai,Female
543,Customer_543,52,Hyderabad,Female
544,Customer_544,53,Delhi,Female
545,Customer_545,35,Delhi,Female
546,Customer_546,56,Delhi,Male
547,Customer_547,49,Mumbai,Female
548,Customer_548,41,Chennai,Female
549,Customer_549,40,Mumbai,Female
550,Customer_550,49,Hyderabad,Male
551,Customer_551,54,Delhi,Female
552,Customer_552,29,Chennai,Female
553,Customer_553,30,Chennai,Male
554,Customer_554,40,Bangalore,Female
555,Customer_555,42,Hyderabad,Male
556,Customer_556,52,Chennai,Female
557,Customer_557,58,Delhi,Male
558,Customer_558,47,Delhi,Female
559,Customer_559,34,Chennai,Female
560,Customer_560,37,Mumbai,Female
561,Customer_561,42,Hyderabad,Male
562,Customer_562,39,Delhi,Female
563,Customer_563,30,Chennai,Male
564,Customer_564,36,Delhi,Male
565,Customer_565,53,Chennai,Male
566,Customer_566,29,Hyderabad,Male
567,Customer_567,58,Chennai,Female
568,Customer_568,36,Bangalore,Female
569,Customer_569,29,Chennai,Female
570,Customer_570,26,Chennai,Male
571,Customer_571,24,Hyderabad,Female
572,Customer_572,45,Chennai,Male
573,Customer_573,31,Hyderabad,Male
574,Customer_574,48,Bangalore,Male
575,Customer_575,36,Hyderabad,Female
576,Customer_576,64,Delhi,Female
577,Customer_577,33,Hyderabad,Male
578,Customer_578,22,Bangalore,Female
579,Customer_579,52,Pune,Female
580,Customer_580,29,Chennai,Male
581,Customer_581,42,Hyderabad,Male
582,Customer_582,38,Chennai,Female
583,Customer_583,53,Mumbai,Male
584,Customer_584,40,Delhi,Male
585,Customer_585,33,Delhi,Female
586,Customer_586,56,Mumbai,Female
587,Customer_587,62,Mumbai,Male
588,Customer_588,59,Hyderabad,Female
589,Customer_589,56,Mumbai,Male
590,Customer_590,31,Pune,Male
591,Customer_591,48,Chennai,Female
592,Customer_592,22,Chennai,Male
593,Customer_593,52,Bangalore,Male
594,Customer_594,40,Mumbai,Male
595,Customer_595,46,Mumbai,Female
596,Customer_596,60,Pune,Female
597,Customer_597,28,Delhi,Female
598,Customer_598,35,Delhi,Male
599,Customer_599,64,Chennai,Male
600,Customer_600,29,Chennai,Female
601,Customer_601,26,Hyderabad,Female
602,Customer_602,27,Pune,Female
603,Customer_603,61,Bangalore,Male
604,Customer_604,34,Bangalore,Female
605,Customer_605,55,Pune,Male
606,Customer_606,24,Bangalore,Female
607,Customer_607,63,Delhi,Male
608,Customer_608,30,Bangalore,Male
609,Customer_609,57,Bangalore,Female
610,Customer_610,59,Pune,Male
611,Customer_611,26,Pune,Female
612,Customer_612,44,Bangalore,Male
613,Customer_613,19,Mumbai,Male
614,Customer_614,22,Pune,Female
615,Customer_615,46,Hyderabad,Male
616,Customer_616,54,Hyderabad,Female
617,Customer_617,55,Delhi,Female
618,Customer_618,36,Bangalore,Female
619,Customer_619,25,Mumbai,Male
620,Customer_620,62,Delhi,Male
621,Customer_621,18,Bangalore,Male
622,Customer_622,39,Pune,Female
623,Customer_623,34,Hyderabad,Female
624,Customer_624,24,Chennai,Male
625,Customer_625,42,Mumbai,Male
626,Customer_626,62,Chennai,Female
627,Customer_627,21,Hyderabad,Male
628,Customer_628,53,Chennai,Female
629,Customer_629,23,Pune,Male
630,Customer_630,48,Bangalore,Female
631,Customer_631,36,Pune,Male
632,Customer_632,61,Chennai,Male
633,Customer_633,56,Pune,Female
634,Customer_634,44,Hyderabad,Female
635,Customer_635,27,Mumbai,Female
636,Customer_636,43,Pune,Male
637,Customer_637,36,Hyderabad,Female
638,Customer_638,56,Mumbai,Female
639,Customer_639,20,Bangalore,Male
640,Customer_640,62,Chennai,Female
641,Customer_641,30,Bangalore,Female
642,Customer_642,45,Delhi,Female
643,Customer_643,37,Hyderabad,Male
644,Customer_644,45,Mumbai,Male
645,Customer_645,25,Pune,Male
646,Customer_646,58,Bangalore,Female
647,Customer_647,56,Mumbai,Male
648,Customer_648,18,Hyderabad,Female
649,Customer_649,20,Delhi,Female
650,Customer_650,30,Bangalore,Female
651,Customer_651,45,Chennai,Male
652,Customer_652,42,Mumbai,Male
653,Customer_653,50,Chennai,Female
654,Customer_654,55,Mumbai,Female
655,Customer_655,23,Mumbai,Male
656,Customer_656,61,Hyderabad,Male
657,Customer_657,62,Hyderabad,Male
658,Customer_658,49,Hyderabad,Female
659,Customer_659,62,Pune,Male
660,Customer_660,64,Mumbai,Male
661,Customer_661,38,Bangalore,Male
662,Customer_662,33,Chennai,Female
663,Customer_663,38,Hyderabad,Male
664,Customer_664,28,Hyderabad,Female
665,Customer_665,54,Chennai,Female
666,Customer_666,53,Chennai,Female
667,Customer_667,52,Mumbai,Male
668,Customer_668,36,Hyderabad,Male
669,Customer_669,37,Chennai,Male
670,Customer_670,35,Pune,Female
671,Customer_671,64,Pune,Male
672,Customer_672,58,Hyderabad,Female
673,Customer_673,31,Chennai,Male
674,Customer_674,32,Mumbai,Male
675,Customer_675,48,Mumbai,Male
676,Customer_676,18,Mumbai,Male
677,Customer_677,20,Delhi,Female
678,Customer_678,33,Hyderabad,Female
679,Customer_679,40,Mumbai,Female
680,Customer_680,28,Pune,Female
681,Customer_681,29,Chennai,Male
682,Customer_682,27,Bangalore,Female
683,Customer_683,49,Bangalore,Female
684,Customer_684,33,Mumbai,Female
685,Customer_685,25,Bangalore,Male
686,Customer_686,55,Bangalore,Female
687,Customer_687,29,Delhi,Female
688,Customer_688,41,Pune,Male
689,Customer_689,45,Pune,Male
690,Customer_690,25,Delhi,Female
691,Customer_691,45,Delhi,Female
692,Customer_692,53,Bangalore,Male
693,Customer_693,43,Hyderabad,Female
694,Customer_694,25,Chennai,Male
695,Customer_695,45,Chennai,Female
696,Customer_696,45,Bangalore,Female
697,Customer_697,54,Chennai,Female
698,Customer_698,58,Delhi,Female
699,Customer_699,53,Pune,Female
700,Customer_700,44,Chennai,Male
701,Customer_701,34,Bangalore,Male
702,Customer_702,26,Hyderabad,Female
703,Customer_703,50,Bangalore,Female
704,Customer_704,37,Mumbai,Female
705,Customer_705,30,Bangalore,Male
706,Customer_706,45,Delhi,Male
707,Customer_707,46,Pune,Male
708,Customer_708,30,Pune,Male
709,Customer_709,63,Chennai,Male
710,Customer_710,52,Delhi,Male
711,Customer_711,23,Mumbai,Male
712,Customer_712,35,Delhi,Male
713,Customer_713,22,Bangalore,Female
714,Customer_714,64,Delhi,Male
715,Customer_715,42,Delhi,Male
716,Customer_716,19,Mumbai,Male
717,Customer_717,27,Bangalore,Male
718,Customer_718,47,Hyderabad,Female
719,Customer_719,62,Hyderabad,Male
720,Customer_720,22,Pune,Female
721,Customer_721,50,Chennai,Female
722,Customer_722,18,Delhi,Female
723,Customer_723,35,Pune,Male
724,Customer_724,49,Mumbai,Male
725,Customer_725,64,Hyderabad,Male
726,Customer_726,28,Delhi,Female
727,Customer_727,38,Mumbai,Female
728,Customer_728,43,Chennai,Female
729,Customer_729,42,Mumbai,Female
730,Customer_730,39,Delhi,Male
731,Customer_731,44,Chennai,Male
732,Customer_732,30,Mumbai,Male
733,Customer_733,50,Chennai,Female
734,Customer_734,51,Delhi,Female
735,Customer_735,58,Delhi,Male
736,Customer_736,52,Chennai,Male
737,Customer_737,18,Bangalore,Female
738,Customer_738,38,Pune,Male
739,Customer_739,23,Mumbai,Male
740,Customer_740,45,Mumbai,Female
741,Customer_741,34,Bangalore,Female
742,Customer_742,22,Bangalore,Female
743,Customer_743,48,Bangalore,Male
744,Customer_744,22,Hyderabad,Female
745,Customer_745,55,Hyderabad,Male
746,Customer_746,20,Chennai,Male
747,Customer_747,40,Hyderabad,Female
748,Customer_748,54,Delhi,Male
749,Customer_749,54,Chennai,Female
750,Customer_750,27,Mumbai,Female
751,Customer_751,27,Pune,Male
752,Customer_752,36,Delhi,Male
753,Customer_753,34,Mumbai,Female
754,Customer_754,38,Mumbai,Female
755,Customer_755,31,Chennai,Female
756,Customer_756,26,Bangalore,Female
757,Customer_757,63,Bangalore,Female
758,Customer_758,18,Delhi,Female
759,Customer_759,62,Bangalore,Male
760,Customer_760,30,Mumbai,Male
761,Customer_761,21,Bangalore,Male
762,Customer_762,18,Hyderabad,Male
763,Customer_763,57,Bangalore,Female
764,Customer_764,49,Mumbai,Male
765,Customer_765,51,Chennai,Male
766,Customer_766,45,Delhi,Female
767,Customer_767,48,Pune,Male
768,Customer_768,25,Bangalore,Female
769,Customer_769,56,Mumbai,Female
770,Customer_770,43,Pune,Female
771,Customer_771,51,Pune,Female
772,Customer_772,20,Hyderabad,Female
773,Customer_773,29,Pune,Male
774,Customer_774,18,Chennai,Male
775,Customer_775,61,Mumbai,Male
776,Customer_776,22,Mumbai,Female
777,Customer_777,47,Bangalore,Male
778,Customer_778,47,Bangalore,Male
779,Customer_779,34,Bangalore,Male
780,Customer_780,64,Chennai,Male
781,Customer_781,40,Pune,Female
782,Customer_782,32,Pune,Male
783,Customer_783,54,Hyderabad,Female
784,Customer_784,38,Chennai,Female
785,Customer_785,31,Bangalore,Male
786,Customer_786,19,Delhi,Female
787,Customer_787,28,Hyderabad,Female
788,Customer_788,56,Delhi,Female
789,Customer_789,55,Pune,Female
790,Customer_790,51,Hyderabad,Female
791,Customer_791,55,Hyderabad,Female
792,Customer_792,51,Mumbai,Female
793,Customer_793,35,Pune,Male
794,Customer_794,47,Pune,Male
795,Customer_795,32,Chennai,Female
796,Customer_796,44,Hyderabad,Female
797,Customer_797,51,Pune,Male
798,Customer_798,55,Hyderabad,Male
799,Customer_799,50,Chennai,Male
800,Customer_800,41,Chennai,Male
801,Customer_801,32,Mumbai,Female
802,Customer_802,47,Hyderabad,Female
803,Customer_803,59,Pune,Male
804,Customer_804,34,Pune,Male
805,Customer_805,22,Hyderabad,Male
806,Customer_806,46,Hyderabad,Male
807,Customer_807,21,Hyderabad,Female
808,Customer_808,27,Bangalore,Male
809,Customer_809,34,Pune,Male
810,Customer_810,27,Chennai,Male
811,Customer_811,34,Pune,Female
812,Customer_812,37,Bangalore,Female
813,Customer_813,41,Hyderabad,Female
814,Customer_814,22,Mumbai,Male
815,Customer_815,51,Hyderabad,Male
816,Customer_816,23,Hyderabad,Male
817,Customer_817,19,Bangalore,Female
818,Customer_818,30,Pune,Female
819,Customer_819,60,Hyderabad,Male
820,Customer_820,60,Pune,Male
821,Customer_821,28,Delhi,Female
822,Customer_822,64,Chennai,Male
823,Customer_823,40,Pune,Male
824,Customer_824,33,Mumbai,Male
825,Customer_825,48,Chennai,Female
826,Customer_826,28,Mumbai,Male
827,Customer_827,33,Hyderabad,Male
828,Customer_828,25,Chennai,Male
829,Customer_829,21,Pune,Male
830,Customer_830,57,Chennai,Female
831,Customer_831,21,Hyderabad,Female
832,Customer_832,42,Bangalore,Female
833,Customer_833,20,Mumbai,Male
834,Customer_834,49,Hyderabad,Female
835,Customer_835,20,Bangalore,Male
836,Customer_836,44,Chennai,Female
837,Customer_837,46,Chennai,Male
838,Customer_838,49,Hyderabad,Female
839,Customer_839,36,Pune,Female
840,Customer_840,38,Chennai,Female
841,Customer_841,22,Pune,Male
842,Customer_842,35,Pune,Male
843,Customer_843,45,Pune,Male
844,Customer_844,59,Delhi,Female
845,Customer_845,39,Bangalore,Male
846,Customer_846,38,Bangalore,Male
847,Customer_847,23,Chennai,Male
848,Customer_848,18,Chennai,Male
849,Customer_849,22,Pune,Male
850,Customer_850,58,Delhi,Male
851,Customer_851,29,Pune,Female
852,Customer_852,43,Delhi,Female
853,Customer_853,63,Pune,Male
854,Customer_854,51,Mumbai,Female
855,Customer_855,31,Mumbai,Female
856,Customer_856,43,Hyderabad,Male
857,Customer_857,62,Pune,Male
858,Customer_858,44,Chennai,Female
859,Customer_859,26,Bangalore,Male
860,Customer_860,43,Hyderabad,Female
861,Customer_861,64,Chennai,Female
862,Customer_862,39,Mumbai,Female
863,Customer_863,64,Pune,Male
864,Customer_864,47,Hyderabad,Female
865,Customer_865,60,Pune,Male
866,Customer_866,34,Mumbai,Male
867,Customer_867,43,Hyderabad,Male
868,Customer_868,53,Mumbai,Male
869,Customer_869,18,Delhi,Male
870,Customer_870,25,Mumbai,Female
871,Customer_871,52,Pune,Male
872,Customer_872,32,Bangalore,Male
873,Customer_873,64,Mumbai,Male
874,Customer_874,39,Chennai,Male
875,Customer_875,31,Bangalore,Male
876,Customer_876,43,Delhi,Female
877,Customer_877,45,Hyderabad,Male
878,Customer_878,40,Hyderabad,Male
879,Customer_879,31,Bangalore,Female
880,Customer_880,41,Hyderabad,Male
881,Customer_881,19,Mumbai,Female
882,Customer_882,62,Bangalore,Female
883,Customer_883,43,Pune,Female
884,Customer_884,31,Mumbai,Female
885,Customer_885,24,Mumbai,Male
886,Customer_886,20,Mumbai,Male
887,Customer_887,64,Pune,Female
888,Customer_888,40,Delhi,Female
889,Customer_889,63,Chennai,Male
890,Customer_890,60,Hyderabad,Female
891,Customer_891,64,Bangalore,Female
892,Customer_892,62,Delhi,Female
893,Customer_893,35,Bangalore,Male
894,Customer_894,55,Hyderabad,Female
895,Customer_895,52,Pune,Male
896,Customer_896,32,Mumbai,Male
897,Customer_897,42,Mumbai,Male
898,Customer_898,54,Pune,Female
899,Customer_899,45,Delhi,Female
900,Customer_900,27,Delhi,Male
901,Customer_901,56,Bangalore,Male
902,Customer_902,34,Pune,Male
903,Customer_903,56,Delhi,Female
904,Customer_904,39,Pune,Female
905,Customer_905,43,Hyderabad,Male
906,Customer_906,61,Mumbai,Male
907,Customer_907,42,Mumbai,Female
908,Customer_908,34,Mumbai,Male
909,Customer_909,30,Pune,Female
910,Customer_910,37,Pune,Female
911,Customer_911,42,Bangalore,Male
912,Customer_912,21,Mumbai,Male
913,Customer_913,27,Bangalore,Female
914,Customer_914,20,Mumbai,Female
915,Customer_915,58,Bangalore,Female
916,Customer_916,62,Bangalore,Female
917,Customer_917,35,Hyderabad,Female
918,Customer_918,64,Bangalore,Male
919,Customer_919,53,Pune,Female
920,Customer_920,64,Bangalore,Female
921,Customer_921,39,Mumbai,Female
922,Customer_922,51,Bangalore,Male
923,Customer_923,64,Delhi,Male
924,Customer_924,25,Chennai,Female
925,Customer_925,57,Mumbai,Female
926,Customer_926,61,Delhi,Male
927,Customer_927,36,Mumbai,Male
928,Customer_928,59,Pune,Male
929,Customer_929,58,Chennai,Male
930,Customer_930,54,Chennai,Female
931,Customer_931,23,Pune,Male
932,Customer_932,43,Chennai,Female
933,Customer_933,51,Pune,Female
934,Customer_934,62,Delhi,Male
935,Customer_935,23,Hyderabad,Male
936,Customer_936,54,Mumbai,Male
937,Customer_937,50,Pune,Male
938,Customer_938,39,Mumbai,Female
939,Customer_939,38,Delhi,Female
940,Customer_940,23,Hyderabad,Female
941,Customer_941,23,Delhi,Male
942,Customer_942,21,Chennai,Female
943,Customer_943,47,Mumbai,Male
944,Customer_944,28,Hyderabad,Female
945,Customer_945,47,Chennai,Male
946,Customer_946,48,Hyderabad,Female
947,Customer_947,41,Chennai,Female
948,Customer_948,26,Delhi,Male
949,Customer_949,20,Pune,Female
950,Customer_950,48,Mumbai,Female
951,Customer_951,57,Bangalore,Male
952,Customer_952,54,Bangalore,Male
953,Customer_953,53,Delhi,Male
954,Customer_954,41,Mumbai,Male
955,Customer_955,48,Mumbai,Male
956,Customer_956,23,Delhi,Female
957,Customer_957,19,Mumbai,Male
958,Customer_958,37,Pune,Female
959,Customer_959,45,Delhi,Female
960,Customer_960,28,Pune,Male
961,Customer_961,21,Mumbai,Female
962,Customer_962,32,Delhi,Female
963,Customer_963,23,Mumbai,Male
964,Customer_964,47,Delhi,Female
965,Customer_965,55,Mumbai,Male
966,Customer_966,19,Pune,Male
967,Customer_967,32,Pune,Male
968,Customer_968,28,Mumbai,Female
969,Customer_969,25,Delhi,Female
970,Customer_970,43,Bangalore,Female
971,Customer_971,62,Pune,Female
972,Customer_972,61,Pune,Male
973,Customer_973,22,Chennai,Female
974,Customer_974,23,Bangalore,Male
975,Customer_975,43,Mumbai,Female
976,Customer_976,21,Delhi,Female
977,Customer_977,36,Chennai,Female
978,Customer_978,37,Mumbai,Female
979,Customer_979,50,Hyderabad,Female
980,Customer_980,37,Pune,Male
981,Customer_981,29,Hyderabad,Female
982,Customer_982,64,Pune,Female
983,Customer_983,18,Pune,Female
984,Customer_984,43,Hyderabad,Female
985,Customer_985,31,Hyderabad,Male
986,Customer_986,55,Mumbai,Female
987,Customer_987,54,Chennai,Male
988,Customer_988,28,Chennai,Female
989,Customer_989,53,Hyderabad,Male
990,Customer_990,30,Mumbai,Male
991,Customer_991,60,Chennai,Male
992,Customer_992,20,Mumbai,Male
993,Customer_993,50,Mumbai,Male
994,Customer_994,23,Pune,Female
995,Customer_995,27,Chennai,Male
996,Customer_996,22,Chennai,Female
997,Customer_997,40,Pune,Male
998,Customer_998,27,Hyderabad,Male
999,Customer_999,61,Pune,Female
1000,Customer_1000,19,Chennai,Male
1001,Customer_1001,30,Chennai,Male
1002,Customer_1002,57,Hyderabad,Male
1003,Customer_1003,19,Pune,Male
1004,Customer_1004,37,Delhi,Female
1005,Customer_1005,18,Delhi,Male
1006,Customer_1006,54,Hyderabad,Male
1007,Customer_1007,26,Pune,Female
1008,Customer_1008,34,Pune,Female
1009,Customer_1009,26,Mumbai,Male
1010,Customer_1010,28,Chennai,Male
1011,Customer_1011,32,Bangalore,Female
1012,Customer_1012,41,Hyderabad,Male
1013,Customer_1013,55,Bangalore,Female
1014,Customer_1014,52,Bangalore,Male
1015,Customer_1015,47,Hyderabad,Female
1016,Customer_1016,48,Pune,Female
1017,Customer_1017,22,Hyderabad,Female
1018,Customer_1018,61,Bangalore,Male
1019,Customer_1019,31,Chennai,Male
1020,Customer_1020,28,Chennai,Male
1021,Customer_1021,26,Chennai,Male
1022,Customer_1022,51,Pune,Female
1023,Customer_1023,29,Delhi,Female
1024,Customer_1024,52,Hyderabad,Female
1025,Customer_1025,52,Chennai,Male
1026,Customer_1026,18,Hyderabad,Male
1027,Customer_1027,57,Chennai,Male
1028,Customer_1028,39,Pune,Female
1029,Customer_1029,46,Delhi,Male
1030,Customer_1030,25,Delhi,Male
1031,Customer_1031,28,Chennai,Female
1032,Customer_1032,58,Pune,Female
1033,Customer_1033,54,Mumbai,Male
1034,Customer_1034,31,Hyderabad,Female
1035,Customer_1035,47,Hyderabad,Male
1036,Customer_1036,52,Bangalore,Female
1037,Customer_1037,38,Pune,Female
1038,Customer_1038,54,Bangalore,Female
1039,Customer_1039,22,Chennai,Male
1040,Customer_1040,36,Bangalore,Male
1041,Customer_1041,31,Delhi,Male
1042,Customer_1042,43,Hyderabad,Female
1043,Customer_1043,21,Bangalore,Female
1044,Customer_1044,42,Delhi,Female
1045,Customer_1045,62,Pune,Female
1046,Customer_1046,59,Bangalore,Male
1047,Customer_1047,42,Chennai,Male
1048,Customer_1048,35,Chennai,Male
1049,Customer_1049,57,Chennai,Female
1050,Customer_1050,25,Hyderabad,Female
1051,Customer_1051,56,Bangalore,Male
1052,Customer_1052,57,Pune,Female
1053,Customer_1053,31,Bangalore,Male
1054,Customer_1054,49,Hyderabad,Female
1055,Customer_1055,55,Delhi,Female
1056,Customer_1056,50,Hyderabad,Male
1057,Customer_1057,40,Chennai,Male
1058,Customer_1058,32,Delhi,Female
1059,Customer_1059,50,Chennai,Male
1060,Customer_1060,42,Mumbai,Male
1061,Customer_1061,34,Hyderabad,Female
1062,Customer_1062,50,Hyderabad,Female
1063,Customer_1063,64,Pune,Female
1064,Customer_1064,19,Bangalore,Male
1065,Customer_1065,31,Delhi,Female
1066,Customer_1066,57,Delhi,Female
1067,Customer_1067,57,Pune,Female
1068,Customer_1068,56,Pune,Female
1069,Customer_1069,23,Bangalore,Female
1070,Customer_1070,23,Chennai,Male
1071,Customer_1071,20,Bangalore,Female
1072,Customer_1072,24,Hyderabad,Female
1073,Customer_1073,25,Chennai,Male
1074,Customer_1074,59,Mumbai,Female
1075,Customer_1075,32,Bangalore,Female
1076,Customer_1076,64,Pune,Male
1077,Customer_1077,46,Chennai,Female
1078,Customer_1078,50,Bangalore,Male
1079,Customer_1079,47,Delhi,Female
1080,Customer_1080,56,Mumbai,Male
1081,Customer_1081,44,Hyderabad,Male
1082,Customer_1082,53,Delhi,Female
1083,Customer_1083,46,Delhi,Male
1084,Customer_1084,55,Mumbai,Male
1085,Customer_1085,50,Hyderabad,Female
1086,Customer_1086,54,Pune,Female
1087,Customer_1087,44,Chennai,Male
1088,Customer_1088,50,Hyderabad,Female
1089,Customer_1089,21,Bangalore,Male
1090,Customer_1090,39,Delhi,Male
1091,Customer_1091,19,Bangalore,Female
1092,Customer_1092,27,Pune,Female
1093,Customer_1093,22,Bangalore,Male
1094,Customer_1094,27,Hyderabad,Female
1095,Customer_1095,50,Bangalore,Female
1096,Customer_1096,55,Pune,Male
1097,Customer_1097,30,Pune,Male
1098,Customer_1098,48,Pune,Male
1099,Customer_1099,64,Hyderabad,Male
1100,Customer_1100,53,Pune,Male
1101,Customer_1101,62,Delhi,Male
1102,Customer_1102,41,Pune,Female
1103,Customer_1103,32,Bangalore,Male
1104,Customer_1104,46,Chennai,Female
1105,Customer_1105,25,Bangalore,Female
1106,Customer_1106,22,Chennai,Male
1107,Customer_1107,46,Bangalore,Female
1108,Customer_1108,64,Hyderabad,Male
1109,Customer_1109,21,Bangalore,Female
1110,Customer_1110,29,Hyderabad,Male
1111,Customer_1111,62,Hyderabad,Male
1112,Customer_1112,19,Pune,Male
1113,Customer_1113,44,Delhi,Male
1114,Customer_1114,48,Chennai,Female
1115,Customer_1115,53,Pune,Female
1116,Customer_1116,53,Pune,Female
1117,Customer_1117,43,Hyderabad,Female
1118,Customer_1118,60,Hyderabad,Female
1119,Customer_1119,44,Chennai,Male
1120,Customer_1120,22,Bangalore,Male
1121,Customer_1121,37,Bangalore,Male
1122,Customer_1122,28,Pune,Male
1123,Customer_1123,27,Mumbai,Male
1124,Customer_1124,57,Mumbai,Female
1125,Customer_1125,55,Bangalore,Male
1126,Customer_1126,23,Mumbai,Male
1127,Customer_1127,25,Bangalore,Female
1128,Customer_1128,40,Hyderabad,Female
1129,Customer_1129,64,Pune,Male
1130,Customer_1130,43,Delhi,Male
1131,Customer_1131,63,Pune,Female
1132,Customer_1132,60,Bangalore,Male
1133,Customer_1133,29,Bangalore,Male
1134,Customer_1134,43,Pune,Male
1135,Customer_1135,30,Chennai,Female
1136,Customer_1136,57,Bangalore,Male
1137,Customer_1137,35,Mumbai,Male
1138,Customer_1138,42,Mumbai,Female
1139,Customer_1139,50,Bangalore,Female
1140,Customer_1140,64,Bangalore,Female
1141,Customer_1141,57,Chennai,Male
1142,Customer_1142,60,Mumbai,Female
1143,Customer_1143,29,Bangalore,Male
1144,Customer_1144,61,Bangalore,Female
1145,Customer_1145,53,Chennai,Male
1146,Customer_1146,21,Chennai,Female
1147,Customer_1147,22,Pune,Male
1148,Customer_1148,54,Chennai,Male
1149,Customer_1149,25,Delhi,Female
1150,Customer_1150,59,Mumbai,Female
1151,Customer_1151,45,Pune,Male
1152,Customer_1152,48,Delhi,Female
1153,Customer_1153,26,Bangalore,Male
1154,Customer_1154,46,Bangalore,Female
1155,Customer_1155,31,Pune,Female
1156,Customer_1156,57,Chennai,Male
1157,Customer_1157,58,Bangalore,Female
1158,Customer_1158,39,Hyderabad,Female
1159,Customer_1159,28,Pune,Male
1160,Customer_1160,40,Delhi,Male
1161,Customer_1161,18,Pune,Female
1162,Customer_1162,63,Mumbai,Male
1163,Customer_1163,54,Chennai,Female
1164,Customer_1164,38,Chennai,Female
1165,Customer_1165,43,Pune,Male
1166,Customer_1166,63,Bangalore,Male
1167,Customer_1167,53,Bangalore,Male
1168,Customer_1168,40,Hyderabad,Male
1169,Customer_1169,18,Hyderabad,Male
1170,Customer_1170,57,Chennai,Male
1171,Customer_1171,32,Hyderabad,Female
1172,Customer_1172,38,Delhi,Female
1173,Customer_1173,64,Hyderabad,Male
1174,Customer_1174,26,Delhi,Female
1175,Customer_1175,26,Hyderabad,Female
1176,Customer_1176,27,Chennai,Female
1177,Customer_1177,43,Chennai,Female
1178,Customer_1178,58,Delhi,Male
1179,Customer_1179,52,Pune,Female
1180,Customer_1180,42,Chennai,Female
1181,Customer_1181,43,Pune,Male
1182,Customer_1182,28,Bangalore,Male
1183,Customer_1183,55,Delhi,Male
1184,Customer_1184,19,Chennai,Male
1185,Customer_1185,24,Mumbai,Female
1186,Customer_1186,35,Bangalore,Male
1187,Customer_1187,44,Pune,Female
1188,Customer_1188,51,Chennai,Female
1189,Customer_1189,44,Delhi,Male
1190,Customer_1190,34,Hyderabad,Male
1191,Customer_1191,60,Mumbai,Male
1192,Customer_1192,61,Pune,Male
1193,Customer_1193,41,Bangalore,Male
1194,Customer_1194,42,Delhi,Male
1195,Customer_1195,24,Mumbai,Female
1196,Customer_1196,23,Delhi,Female
1197,Customer_1197,41,Chennai,Female
1198,Customer_1198,50,Hyderabad,Female
1199,Customer_1199,46,Bangalore,Male
1200,Customer_1200,60,Delhi,Male
1201,Customer_1201,39,Pune,Female
1202,Customer_1202,43,Chennai,Female
1203,Customer_1203,45,Chennai,Female
1204,Customer_1204,38,Bangalore,Male
1205,Customer_1205,24,Chennai,Male
1206,Customer_1206,34,Pune,Male
1207,Customer_1207,37,Delhi,Female
1208,Customer_1208,58,Bangalore,Female
1209,Customer_1209,37,Chennai,Male
1210,Customer_1210,39,Chennai,Male
1211,Customer_1211,45,Pune,Female
1212,Customer_1212,57,Hyderabad,Female
1213,Customer_1213,24,Hyderabad,Male
1214,Customer_1214,18,Chennai,Female
1215,Customer_1215,49,Delhi,Male
1216,Customer_1216,30,Bangalore,Male
1217,Customer_1217,47,Chennai,Female
1218,Customer_1218,40,Mumbai,Female
1219,Customer_1219,36,Bangalore,Female
1220,Customer_1220,49,Hyderabad,Male
1221,Customer_1221,47,Chennai,Female
1222,Customer_1222,46,Pune,Female
1223,Customer_1223,62,Mumbai,Male
1224,Customer_1224,46,Chennai,Male
1225,Customer_1225,47,Delhi,Female
1226,Customer_1226,33,Mumbai,Male
1227,Customer_1227,57,Chennai,Male
1228,Customer_1228,36,Delhi,Male
1229,Customer_1229,35,Mumbai,Female
1230,Customer_1230,18,Delhi,Female
1231,Customer_1231,31,Delhi,Male
1232,Customer_1232,64,Mumbai,Male
1233,Customer_1233,19,Mumbai,Male
1234,Customer_1234,45,Delhi,Female
1235,Customer_1235,47,Hyderabad,Male
1236,Customer_1236,55,Mumbai,Male
1237,Customer_1237,21,Chennai,Female
1238,Customer_1238,18,Bangalore,Male
1239,Customer_1239,25,Pune,Female
1240,Customer_1240,46,Delhi,Female
1241,Customer_1241,56,Delhi,Female
1242,Customer_1242,20,Pune,Male
1243,Customer_1243,49,Hyderabad,Male
1244,Customer_1244,27,Pune,Female
1245,Customer_1245,27,Mumbai,Male
1246,Customer_1246,36,Pune,Female
1247,Customer_1247,63,Delhi,Male
1248,Customer_1248,51,Pune,Female
1249,Customer_1249,50,Bangalore,Female
1250,Customer_1250,40,Chennai,Male
1251,Customer_1251,45,Mumbai,Male
1252,Customer_1252,49,Pune,Male
1253,Customer_1253,24,Delhi,Male
1254,Customer_1254,46,Chennai,Female
1255,Customer_1255,25,Mumbai,Female
1256,Customer_1256,18,Delhi,Male
1257,Customer_1257,20,Hyderabad,Male
1258,Customer_1258,41,Bangalore,Female
1259,Customer_1259,40,Hyderabad,Male
1260,Customer_1260,25,Bangalore,Male
1261,Customer_1261,64,Pune,Male
1262,Customer_1262,54,Mumbai,Male
1263,Customer_1263,20,Pune,Female
1264,Customer_1264,50,Bangalore,Female
1265,Customer_1265,45,Bangalore,Male
1266,Customer_1266,64,Bangalore,Female
1267,Customer_1267,25,Chennai,Male
1268,Customer_1268,51,Delhi,Male
1269,Customer_1269,52,Mumbai,Male
1270,Customer_1270,49,Pune,Female
1271,Customer_1271,41,Pune,Female
1272,Customer_1272,31,Hyderabad,Female
1273,Customer_1273,49,Bangalore,Female
1274,Customer_1274,63,Bangalore,Female
1275,Customer_1275,60,Bangalore,Male
1276,Customer_1276,33,Pune,Male
1277,Customer_1277,21,Hyderabad,Female
1278,Customer_1278,54,Delhi,Female
1279,Customer_1279,38,Chennai,Female
1280,Customer_1280,31,Mumbai,Male
1281,Customer_1281,48,Delhi,Female
1282,Customer_1282,35,Pune,Male
1283,Customer_1283,24,Chennai,Male
1284,Customer_1284,27,Chennai,Female
1285,Customer_1285,24,Chennai,Male
1286,Customer_1286,50,Bangalore,Male
1287,Customer_1287,40,Mumbai,Female
1288,Customer_1288,38,Pune,Male
1289,Customer_1289,36,Pune,Female
1290,Customer_1290,36,Chennai,Male
1291,Customer_1291,53,Pune,Female
1292,Customer_1292,46,Mumbai,Female
1293,Customer_1293,35,Mumbai,Male
1294,Customer_1294,19,Hyderabad,Female
1295,Customer_1295,18,Hyderabad,Male
1296,Customer_1296,64,Delhi,Male
1297,Customer_1297,22,Mumbai,Female
1298,Customer_1298,37,Mumbai,Male
1299,Customer_1299,28,Mumbai,Female
1300,Customer_1300,59,Hyderabad,Male
1301,Customer_1301,19,Chennai,Male
1302,Customer_1302,20,Chennai,Female
1303,Customer_1303,40,Pune,Male
1304,Customer_1304,29,Chennai,Male
1305,Customer_1305,37,Bangalore,Male
1306,Customer_1306,22,Hyderabad,Male
1307,Customer_1307,54,Mumbai,Male
1308,Customer_1308,55,Chennai,Male
1309,Customer_1309,47,Hyderabad,Male
1310,Customer_1310,26,Chennai,Male
1311,Customer_1311,51,Delhi,Female
1312,Customer_1312,61,Mumbai,Male
1313,Customer_1313,52,Delhi,Male
1314,Customer_1314,39,Mumbai,Female
1315,Customer_1315,61,Hyderabad,Female
1316,Customer_1316,41,Pune,Female
1317,Customer_1317,34,Chennai,Male
1318,Customer_1318,27,Chennai,Female
1319,Customer_1319,47,Bangalore,Female
1320,Customer_1320,63,Delhi,Male
1321,Customer_1321,40,Chennai,Male
1322,Customer_1322,49,Hyderabad,Female
1323,Customer_1323,34,Pune,Female
1324,Customer_1324,34,Hyderabad,Male
1325,Customer_1325,31,Delhi,Male
1326,Customer_1326,26,Bangalore,Male
1327,Customer_1327,57,Chennai,Male
1328,Customer_1328,19,Hyderabad,Male
1329,Customer_1329,62,Mumbai,Female
1330,Customer_1330,42,Pune,Male
1331,Customer_1331,56,Hyderabad,Male
1332,Customer_1332,26,Pune,Male
1333,Customer_1333,39,Chennai,Male
1334,Customer_1334,60,Mumbai,Male
1335,Customer_1335,63,Bangalore,Female
1336,Customer_1336,21,Bangalore,Male
1337,Customer_1337,43,Mumbai,Female
1338,Customer_1338,46,Pune,Male
1339,Customer_1339,62,Chennai,Female
1340,Customer_1340,51,Hyderabad,Female
1341,Customer_1341,40,Mumbai,Male
1342,Customer_1342,54,Delhi,Male
1343,Customer_1343,28,Pune,Male
1344,Customer_1344,23,Bangalore,Male
1345,Customer_1345,35,Mumbai,Male
1346,Customer_1346,38,Bangalore,Female
1347,Customer_1347,59,Pune,Male
1348,Customer_1348,53,Bangalore,Male
1349,Customer_1349,58,Mumbai,Female
1350,Customer_1350,55,Pune,Male
1351,Customer_1351,51,Delhi,Female
1352,Customer_1352,34,Mumbai,Male
1353,Customer_1353,54,Hyderabad,Female
1354,Customer_1354,42,Chennai,Male
1355,Customer_1355,55,Mumbai,Female
1356,Customer_1356,29,Pune,Female
1357,Customer_1357,40,Chennai,Male
1358,Customer_1358,59,Mumbai,Male
1359,Customer_1359,39,Delhi,Male
1360,Customer_1360,38,Delhi,Female
1361,Customer_1361,44,Hyderabad,Female
1362,Customer_1362,48,Bangalore,Female
1363,Customer_1363,23,Chennai,Male
1364,Customer_1364,44,Pune,Male
1365,Customer_1365,57,Pune,Female
1366,Customer_1366,51,Bangalore,Male
1367,Customer_1367,29,Delhi,Female
1368,Customer_1368,62,Delhi,Male
1369,Customer_1369,24,Mumbai,Male
1370,Customer_1370,27,Hyderabad,Female
1371,Customer_1371,62,Chennai,Male
1372,Customer_1372,34,Hyderabad,Male
1373,Customer_1373,43,Hyderabad,Male
1374,Customer_1374,38,Mumbai,Male
1375,Customer_1375,45,Hyderabad,Male
1376,Customer_1376,63,Bangalore,Female
1377,Customer_1377,19,Mumbai,Male
1378,Customer_1378,60,Bangalore,Female
1379,Customer_1379,18,Mumbai,Male
1380,Customer_1380,53,Hyderabad,Male
1381,Customer_1381,43,Bangalore,Female
1382,Customer_1382,46,Bangalore,Female
1383,Customer_1383,38,Bangalore,Male
1384,Customer_1384,28,Mumbai,Male
1385,Customer_1385,57,Pune,Female
1386,Customer_1386,28,Hyderabad,Female
1387,Customer_1387,53,Bangalore,Female
1388,Customer_1388,56,Chennai,Female
1389,Customer_1389,57,Pune,Male
1390,Customer_1390,52,Chennai,Male
1391,Customer_1391,51,Hyderabad,Male
1392,Customer_1392,64,Hyderabad,Male
1393,Customer_1393,41,Bangalore,Male
1394,Customer_1394,39,Bangalore,Female
1395,Customer_1395,22,Mumbai,Female
1396,Customer_1396,50,Pune,Female
1397,Customer_1397,53,Pune,Male
1398,Customer_1398,64,Bangalore,Female
1399,Customer_1399,37,Hyderabad,Male
1400,Customer_1400,36,Bangalore,Male
1401,Customer_1401,52,Hyderabad,Male
1402,Customer_1402,60,Hyderabad,Female
1403,Customer_1403,34,Bangalore,Male
1404,Customer_1404,62,Delhi,Male
1405,Customer_1405,60,Pune,Female
1406,Customer_1406,51,Chennai,Male
1407,Customer_1407,26,Hyderabad,Female
1408,Customer_1408,43,Hyderabad,Male
1409,Customer_1409,19,Delhi,Female
1410,Customer_1410,26,Chennai,Male
1411,Customer_1411,26,Mumbai,Male
1412,Customer_1412,57,Delhi,Female
1413,Customer_1413,34,Chennai,Male
1414,Customer_1414,18,Delhi,Female
1415,Customer_1415,42,Hyderabad,Male
1416,Customer_1416,60,Pune,Female
1417,Customer_1417,57,Delhi,Male
1418,Customer_1418,59,Mumbai,Male
1419,Customer_1419,42,Bangalore,Male
1420,Customer_1420,56,Chennai,Female
1421,Customer_1421,52,Delhi,Female
1422,Customer_1422,20,Delhi,Female
1423,Customer_1423,54,Mumbai,Female
1424,Customer_1424,61,Pune,Female
1425,Customer_1425,61,Delhi,Male
1426,Customer_1426,47,Delhi,Male
1427,Customer_1427,55,Pune,Male
1428,Customer_1428,51,Mumbai,Male
1429,Customer_1429,29,Chennai,Male
1430,Customer_1430,36,Chennai,Female
1431,Customer_1431,54,Delhi,Male
1432,Customer_1432,61,Pune,Female
1433,Customer_1433,34,Delhi,Male
1434,Customer_1434,27,Bangalore,Female
1435,Customer_1435,64,Chennai,Female
1436,Customer_1436,29,Hyderabad,Female
1437,Customer_1437,33,Bangalore,Male
1438,Customer_1438,41,Delhi,Male
1439,Customer_1439,36,Mumbai,Male
1440,Customer_1440,25,Chennai,Male
1441,Customer_1441,48,Hyderabad,Female
1442,Customer_1442,38,Bangalore,Female
1443,Customer_1443,34,Chennai,Female
1444,Customer_1444,40,Pune,Female
1445,Customer_1445,54,Mumbai,Male
1446,Customer_1446,33,Bangalore,Female
1447,Customer_1447,23,Pune,Male
1448,Customer_1448,25,Delhi,Female
1449,Customer_1449,42,Pune,Female
1450,Customer_1450,35,Bangalore,Female
1451,Customer_1451,42,Bangalore,Male
1452,Customer_1452,29,Delhi,Male
1453,Customer_1453,32,Pune,Female
1454,Customer_1454,43,Pune,Female
1455,Customer_1455,58,Delhi,Female
1456,Customer_1456,62,Pune,Male
1457,Customer_1457,43,Chennai,Male
1458,Customer_1458,64,Delhi,Male
1459,Customer_1459,49,Mumbai,Female
1460,Customer_1460,27,Bangalore,Male
1461,Customer_1461,33,Mumbai,Female
1462,Customer_1462,24,Chennai,Male
1463,Customer_1463,34,Chennai,Female
1464,Customer_1464,40,Hyderabad,Female
1465,Customer_1465,43,Hyderabad,Male
1466,Customer_1466,38,Hyderabad,Female
1467,Customer_1467,39,Delhi,Female
1468,Customer_1468,24,Pune,Female
1469,Customer_1469,31,Chennai,Male
1470,Customer_1470,32,Mumbai,Female
1471,Customer_1471,24,Mumbai,Male
1472,Customer_1472,26,Mumbai,Male
1473,Customer_1473,25,Mumbai,Female
1474,Customer_1474,40,Hyderabad,Male
1475,Customer_1475,46,Mumbai,Female
1476,Customer_1476,35,Pune,Male
1477,Customer_1477,48,Hyderabad,Female
1478,Customer_1478,47,Mumbai,Male
1479,Customer_1479,56,Delhi,Female
1480,Customer_1480,52,Bangalore,Female
1481,Customer_1481,35,Bangalore,Female
1482,Customer_1482,59,Bangalore,Female
1483,Customer_1483,56,Hyderabad,Male
1484,Customer_1484,34,Mumbai,Male
1485,Customer_1485,31,Chennai,Female
1486,Customer_1486,48,Chennai,Male
1487,Customer_1487,41,Chennai,Female
1488,Customer_1488,52,Hyderabad,Female
1489,Customer_1489,61,Pune,Male
1490,Customer_1490,62,Delhi,Male
1491,Customer_1491,51,Delhi,Female
1492,Customer_1492,20,Bangalore,Male
1493,Customer_1493,54,Bangalore,Female
1494,Customer_1494,60,Chennai,Male
1495,Customer_1495,57,Chennai,Male
1496,Customer_1496,43,Bangalore,Male
1497,Customer_1497,40,Mumbai,Male
1498,Customer_1498,61,Pune,Male
1499,Customer_1499,56,Pune,Female
1500,Customer_1500,32,Pune,Male
1501,Customer_1501,21,Pune,Male
1502,Customer_1502,46,Bangalore,Female
1503,Customer_1503,39,Delhi,Female
1504,Customer_1504,42,Bangalore,Female
1505,Customer_1505,30,Pune,Male
1506,Customer_1506,35,Bangalore,Male
1507,Customer_1507,50,Pune,Female
1508,Customer_1508,33,Hyderabad,Female
1509,Customer_1509,62,Chennai,Female
1510,Customer_1510,59,Delhi,Female
1511,Customer_1511,61,Hyderabad,Male
1512,Customer_1512,19,Mumbai,Male
1513,Customer_1513,52,Bangalore,Male
1514,Customer_1514,59,Mumbai,Male
1515,Customer_1515,51,Bangalore,Male
1516,Customer_1516,47,Chennai,Female
1517,Customer_1517,30,Hyderabad,Male
1518,Customer_1518,30,Chennai,Female
1519,Customer_1519,35,Pune,Female
1520,Customer_1520,49,Chennai,Female
1521,Customer_1521,49,Chennai,Male
1522,Customer_1522,52,Pune,Female
1523,Customer_1523,56,Bangalore,Male
1524,Customer_1524,63,Pune,Female
1525,Customer_1525,46,Hyderabad,Male
1526,Customer_1526,46,Chennai,Female
1527,Customer_1527,61,Pune,Male
1528,Customer_1528,33,Chennai,Female
1529,Customer_1529,61,Hyderabad,Female
1530,Customer_1530,64,Mumbai,Female
1531,Customer_1531,27,Hyderabad,Female
1532,Customer_1532,47,Delhi,Male
1533,Customer_1533,42,Delhi,Male
1534,Customer_1534,56,Delhi,Male
1535,Customer_1535,37,Chennai,Female
1536,Customer_1536,22,Bangalore,Female
1537,Customer_1537,18,Bangalore,Female
1538,Customer_1538,47,Bangalore,Female
1539,Customer_1539,20,Chennai,Female
1540,Customer_1540,62,Hyderabad,Female
1541,Customer_1541,31,Bangalore,Male
1542,Customer_1542,47,Mumbai,Male
1543,Customer_1543,21,Delhi,Male
1544,Customer_1544,35,Hyderabad,Male
1545,Customer_1545,54,Delhi,Male
1546,Customer_1546,42,Bangalore,Male
1547,Customer_1547,18,Hyderabad,Male
1548,Customer_1548,63,Pune,Male
1549,Customer_1549,32,Mumbai,Female
1550,Customer_1550,26,Bangalore,Female
1551,Customer_1551,32,Bangalore,Female
1552,Customer_1552,41,Mumbai,Female
1553,Customer_1553,21,Mumbai,Female
1554,Customer_1554,29,Pune,Female
1555,Customer_1555,54,Bangalore,Female
1556,Customer_1556,54,Chennai,Male
1557,Customer_1557,60,Bangalore,Male
1558,Customer_1558,23,Delhi,Female
1559,Customer_1559,56,Hyderabad,Male
1560,Customer_1560,63,Hyderabad,Male
1561,Customer_1561,41,Delhi,Male
1562,Customer_1562,28,Hyderabad,Male
1563,Customer_1563,30,Mumbai,Male
1564,Customer_1564,51,Hyderabad,Female
1565,Customer_1565,42,Hyderabad,Male
1566,Customer_1566,24,Delhi,Female
1567,Customer_1567,21,Pune,Female
1568,Customer_1568,25,Hyderabad,Female
1569,Customer_1569,37,Chennai,Male
1570,Customer_1570,46,Hyderabad,Female
1571,Customer_1571,62,Pune,Female
1572,Customer_1572,63,Delhi,Female
1573,Customer_1573,27,Pune,Female
1574,Customer_1574,60,Delhi,Male
1575,Customer_1575,51,Mumbai,Female
1576,Customer_1576,43,Delhi,Female
1577,Customer_1577,58,Mumbai,Female
1578,Customer_1578,20,Mumbai,Female
1579,Customer_1579,23,Delhi,Male
1580,Customer_1580,22,Chennai,Female
1581,Customer_1581,22,Bangalore,Female
1582,Customer_1582,64,Delhi,Female
1583,Customer_1583,40,Hyderabad,Female
1584,Customer_1584,26,Chennai,Female
1585,Customer_1585,52,Chennai,Female
1586,Customer_1586,37,Hyderabad,Male
1587,Customer_1587,59,Bangalore,Female
1588,Customer_1588,52,Chennai,Male
1589,Customer_1589,35,Mumbai,Male
1590,Customer_1590,34,Bangalore,Female
1591,Customer_1591,41,Hyderabad,Male
1592,Customer_1592,20,Bangalore,Female
1593,Customer_1593,49,Delhi,Male
1594,Customer_1594,52,Bangalore,Female
1595,Customer_1595,55,Mumbai,Male
1596,Customer_1596,30,Delhi,Male
1597,Customer_1597,64,Pune,Female
1598,Customer_1598,42,Hyderabad,Male
1599,Customer_1599,26,Hyderabad,Male
1600,Customer_1600,21,Bangalore,Male
1601,Customer_1601,31,Chennai,Male
1602,Customer_1602,54,Delhi,Male
1603,Customer_1603,51,Pune,Female
1604,Customer_1604,28,Delhi,Male
1605,Customer_1605,58,Hyderabad,Male
1606,Customer_1606,20,Delhi,Female
1607,Customer_1607,45,Pune,Female
1608,Customer_1608,46,Chennai,Female
1609,Customer_1609,26,Bangalore,Male
1610,Customer_1610,20,Mumbai,Male
1611,Customer_1611,42,Delhi,Male
1612,Customer_1612,51,Mumbai,Male
1613,Customer_1613,29,Hyderabad,Female
1614,Customer_1614,59,Bangalore,Female
1615,Customer_1615,26,Bangalore,Male
1616,Customer_1616,32,Delhi,Male
1617,Customer_1617,57,Chennai,Male
1618,Customer_1618,42,Bangalore,Male
1619,Customer_1619,22,Delhi,Female
1620,Customer_1620,28,Delhi,Female
1621,Customer_1621,51,Mumbai,Male
1622,Customer_1622,41,Bangalore,Female
1623,Customer_1623,32,Delhi,Male
1624,Customer_1624,55,Mumbai,Male
1625,Customer_1625,25,Pune,Female
1626,Customer_1626,22,Mumbai,Male
1627,Customer_1627,43,Mumbai,Female
1628,Customer_1628,35,Delhi,Male
1629,Customer_1629,23,Hyderabad,Female
1630,Customer_1630,54,Hyderabad,Male
1631,Customer_1631,30,Chennai,Female
1632,Customer_1632,45,Hyderabad,Male
1633,Customer_1633,22,Mumbai,Male
1634,Customer_1634,30,Chennai,Female
1635,Customer_1635,34,Delhi,Male
1636,Customer_1636,57,Bangalore,Female
1637,Customer_1637,62,Mumbai,Female
1638,Customer_1638,49,Mumbai,Male
1639,Customer_1639,46,Chennai,Male
1640,Customer_1640,20,Delhi,Male
1641,Customer_1641,57,Pune,Male
1642,Customer_1642,51,Mumbai,Female
1643,Customer_1643,57,Pune,Male
1644,Customer_1644,44,Pune,Male
1645,Customer_1645,30,Hyderabad,Male
1646,Customer_1646,62,Delhi,Female
1647,Customer_1647,50,Pune,Male
1648,Customer_1648,23,Delhi,Female
1649,Customer_1649,41,Hyderabad,Male
1650,Customer_1650,36,Delhi,Female
1651,Customer_1651,33,Mumbai,Male
1652,Customer_1652,57,Pune,Male
1653,Customer_1653,45,Delhi,Female
1654,Customer_1654,50,Bangalore,Male
1655,Customer_1655,58,Delhi,Male
1656,Customer_1656,30,Pune,Male
1657,Customer_1657,60,Hyderabad,Female
1658,Customer_1658,62,Hyderabad,Male
1659,Customer_1659,42,Pune,Female
1660,Customer_1660,59,Mumbai,Female
1661,Customer_1661,53,Mumbai,Female
1662,Customer_1662,44,Hyderabad,Male
1663,Customer_1663,55,Hyderabad,Female
1664,Customer_1664,24,Pune,Female
1665,Customer_1665,22,Mumbai,Male
1666,Customer_1666,60,Hyderabad,Female
1667,Customer_1667,62,Mumbai,Female
1668,Customer_1668,48,Hyderabad,Male
1669,Customer_1669,40,Delhi,Male
1670,Customer_1670,59,Bangalore,Female
1671,Customer_1671,27,Chennai,Male
1672,Customer_1672,49,Delhi,Male
1673,Customer_1673,60,Chennai,Male
1674,Customer_1674,47,Hyderabad,Female
1675,Customer_1675,56,Bangalore,Female
1676,Customer_1676,48,Bangalore,Male
1677,Customer_1677,35,Hyderabad,Female
1678,Customer_1678,53,Hyderabad,Male
1679,Customer_1679,19,Mumbai,Male
1680,Customer_1680,31,Hyderabad,Male
1681,Customer_1681,30,Pune,Male
1682,Customer_1682,46,Hyderabad,Male
1683,Customer_1683,29,Pune,Female
1684,Customer_1684,56,Hyderabad,Female
1685,Customer_1685,19,Mumbai,Female
1686,Customer_1686,49,Pune,Female
1687,Customer_1687,30,Delhi,Male
1688,Customer_1688,63,Pune,Male
1689,Customer_1689,44,Mumbai,Female
1690,Customer_1690,58,Chennai,Female
1691,Customer_1691,34,Pune,Male
1692,Customer_1692,57,Hyderabad,Male
1693,Customer_1693,48,Hyderabad,Male
1694,Customer_1694,51,Chennai,Female
1695,Customer_1695,41,Mumbai,Male
1696,Customer_1696,62,Bangalore,Male
1697,Customer_1697,52,Hyderabad,Female
1698,Customer_1698,23,Delhi,Female
1699,Customer_1699,36,Mumbai,Female
1700,Customer_1700,47,Pune,Male
1701,Customer_1701,24,Pune,Male
1702,Customer_1702,27,Delhi,Female
1703,Customer_1703,58,Hyderabad,Male
1704,Customer_1704,49,Mumbai,Male
1705,Customer_1705,51,Delhi,Male
1706,Customer_1706,45,Hyderabad,Female
1707,Customer_1707,32,Mumbai,Female
1708,Customer_1708,47,Pune,Male
1709,Customer_1709,54,Mumbai,Male
1710,Customer_1710,46,Chennai,Male
1711,Customer_1711,39,Bangalore,Male
1712,Customer_1712,21,Mumbai,Female
1713,Customer_1713,37,Bangalore,Female
1714,Customer_1714,49,Mumbai,Male
1715,Customer_1715,53,Bangalore,Male
1716,Customer_1716,21,Chennai,Female
1717,Customer_1717,44,Pune,Male
1718,Customer_1718,34,Hyderabad,Female
1719,Customer_1719,29,Bangalore,Male
1720,Customer_1720,39,Chennai,Female
1721,Customer_1721,34,Bangalore,Male
1722,Customer_1722,27,Pune,Male
1723,Customer_1723,18,Bangalore,Female
1724,Customer_1724,39,Chennai,Female
1725,Customer_1725,43,Chennai,Male
1726,Customer_1726,35,Delhi,Male
1727,Customer_1727,31,Pune,Female
1728,Customer_1728,64,Delhi,Female
1729,Customer_1729,46,Pune,Male
1730,Customer_1730,29,Bangalore,Male
1731,Customer_1731,53,Chennai,Female
1732,Customer_1732,52,Delhi,Female
1733,Customer_1733,29,Bangalore,Female
1734,Customer_1734,24,Chennai,Female
1735,Customer_1735,46,Pune,Female
1736,Customer_1736,28,Chennai,Male
1737,Customer_1737,50,Bangalore,Male
1738,Customer_1738,23,Delhi,Female
1739,Customer_1739,64,Delhi,Male
1740,Customer_1740,32,Chennai,Male
1741,Customer_1741,49,Bangalore,Female
1742,Customer_1742,28,Mumbai,Male
1743,Customer_1743,40,Pune,Male
1744,Customer_1744,43,Pune,Male
1745,Customer_1745,51,Bangalore,Female
1746,Customer_1746,63,Mumbai,Female
1747,Customer_1747,51,Delhi,Male
1748,Customer_1748,46,Hyderabad,Male
1749,Customer_1749,21,Hyderabad,Male
1750,Customer_1750,34,Bangalore,Male
1751,Customer_1751,52,Mumbai,Male
1752,Customer_1752,30,Mumbai,Male
1753,Customer_1753,58,Pune,Female
1754,Customer_1754,56,Delhi,Male
1755,Customer_1755,32,Chennai,Male
1756,Customer_1756,46,Mumbai,Female
1757,Customer_1757,46,Chennai,Male
1758,Customer_1758,28,Hyderabad,Male
1759,Customer_1759,49,Chennai,Male
1760,Customer_1760,19,Delhi,Male
1761,Customer_1761,64,Delhi,Female
1762,Customer_1762,31,Chennai,Male
1763,Customer_1763,37,Bangalore,Female
1764,Customer_1764,39,Mumbai,Male
1765,Customer_1765,28,Bangalore,Male
1766,Customer_1766,44,Chennai,Female
1767,Customer_1767,20,Mumbai,Male
1768,Customer_1768,34,Pune,Female
1769,Customer_1769,61,Bangalore,Female
1770,Customer_1770,45,Bangalore,Female
1771,Customer_1771,46,Chennai,Male
1772,Customer_1772,38,Hyderabad,Male
1773,Customer_1773,64,Chennai,Male
1774,Customer_1774,33,Bangalore,Male
1775,Customer_1775,54,Mumbai,Female
1776,Customer_1776,37,Hyderabad,Male
1777,Customer_1777,23,Chennai,Male
1778,Customer_1778,36,Chennai,Female
1779,Customer_1779,22,Bangalore,Female
1780,Customer_1780,20,Bangalore,Male
1781,Customer_1781,18,Pune,Female
1782,Customer_1782,55,Chennai,Female
1783,Customer_1783,32,Bangalore,Female
1784,Customer_1784,51,Delhi,Female
1785,Customer_1785,52,Hyderabad,Female
1786,Customer_1786,42,Delhi,Male
1787,Customer_1787,41,Hyderabad,Male
1788,Customer_1788,29,Chennai,Male
1789,Customer_1789,35,Pune,Male
1790,Customer_1790,32,Bangalore,Male
1791,Customer_1791,61,Bangalore,Male
1792,Customer_1792,33,Bangalore,Male
1793,Customer_1793,44,Chennai,Female
1794,Customer_1794,25,Hyderabad,Male
1795,Customer_1795,63,Bangalore,Male
1796,Customer_1796,42,Delhi,Male
1797,Customer_1797,34,Bangalore,Female
1798,Customer_1798,46,Chennai,Male
1799,Customer_1799,25,Pune,Male
1800,Customer_1800,32,Delhi,Female
1801,Customer_1801,44,Bangalore,Male
1802,Customer_1802,63,Bangalore,Male
1803,Customer_1803,24,Mumbai,Female
1804,Customer_1804,20,Hyderabad,Male
1805,Customer_1805,46,Delhi,Female
1806,Customer_1806,61,Mumbai,Male
1807,Customer_1807,41,Pune,Male
1808,Customer_1808,20,Hyderabad,Male
1809,Customer_1809,37,Delhi,Female
1810,Customer_1810,63,Bangalore,Female
1811,Customer_1811,32,Delhi,Female
1812,Customer_1812,42,Bangalore,Male
1813,Customer_1813,47,Hyderabad,Male
1814,Customer_1814,31,Bangalore,Female
1815,Customer_1815,24,Pune,Female
1816,Customer_1816,34,Chennai,Male
1817,Customer_1817,61,Bangalore,Male
1818,Customer_1818,37,Pune,Male
1819,Customer_1819,53,Chennai,Male
1820,Customer_1820,26,Hyderabad,Female
1821,Customer_1821,55,Hyderabad,Male
1822,Customer_1822,39,Delhi,Male
1823,Customer_1823,19,Pune,Male
1824,Customer_1824,41,Pune,Male
1825,Customer_1825,25,Mumbai,Male
1826,Customer_1826,28,Mumbai,Male
1827,Customer_1827,30,Chennai,Male
1828,Customer_1828,34,Chennai,Female
1829,Customer_1829,25,Mumbai,Female
1830,Customer_1830,38,Chennai,Female
1831,Customer_1831,35,Bangalore,Male
1832,Customer_1832,47,Mumbai,Female
1833,Customer_1833,35,Pune,Male
1834,Customer_1834,63,Bangalore,Male
1835,Customer_1835,64,Chennai,Male
1836,Customer_1836,48,Hyderabad,Male
1837,Customer_1837,55,Delhi,Female
1838,Customer_1838,49,Mumbai,Male
1839,Customer_1839,28,Hyderabad,Male
1840,Customer_1840,62,Chennai,Female
1841,Customer_1841,42,Pune,Female
1842,Customer_1842,50,Delhi,Female
1843,Customer_1843,55,Hyderabad,Male
1844,Customer_1844,58,Delhi,Female
1845,Customer_1845,25,Mumbai,Male
1846,Customer_1846,28,Chennai,Male
1847,Customer_1847,39,Pune,Female
1848,Customer_1848,41,Chennai,Female
1849,Customer_1849,58,Delhi,Female
1850,Customer_1850,34,Hyderabad,Male
1851,Customer_1851,29,Mumbai,Male
1852,Customer_1852,63,Mumbai,Male
1853,Customer_1853,49,Chennai,Male
1854,Customer_1854,32,Hyderabad,Male
1855,Customer_1855,33,Hyderabad,Male
1856,Customer_1856,39,Delhi,Female
1857,Customer_1857,45,Chennai,Male
1858,Customer_1858,37,Chennai,Female
1859,Customer_1859,50,Bangalore,Female
1860,Customer_1860,27,Chennai,Female
1861,Customer_1861,57,Mumbai,Female
1862,Customer_1862,49,Delhi,Female
1863,Customer_1863,50,Hyderabad,Male
1864,Customer_1864,19,Chennai,Male
1865,Customer_1865,50,Delhi,Male
1866,Customer_1866,50,Chennai,Male
1867,Customer_1867,58,Hyderabad,Female
1868,Customer_1868,30,Pune,Female
1869,Customer_1869,47,Hyderabad,Female
1870,Customer_1870,50,Hyderabad,Male
1871,Customer_1871,30,Hyderabad,Male
1872,Customer_1872,43,Chennai,Male
1873,Customer_1873,39,Bangalore,Male
1874,Customer_1874,56,Hyderabad,Female
1875,Customer_1875,19,Mumbai,Female
1876,Customer_1876,55,Mumbai,Male
1877,Customer_1877,56,Delhi,Male
1878,Customer_1878,43,Bangalore,Female
1879,Customer_1879,63,Delhi,Female
1880,Customer_1880,32,Mumbai,Female
1881,Customer_1881,51,Mumbai,Female
1882,Customer_1882,59,Pune,Male
1883,Customer_1883,61,Hyderabad,Female
1884,Customer_1884,57,Mumbai,Female
1885,Customer_1885,28,Chennai,Female
1886,Customer_1886,20,Chennai,Female
1887,Customer_1887,23,Delhi,Male
1888,Customer_1888,26,Delhi,Male
1889,Customer_1889,23,Hyderabad,Male
1890,Customer_1890,26,Hyderabad,Male
1891,Customer_1891,56,Pune,Male
1892,Customer_1892,48,Bangalore,Male
1893,Customer_1893,49,Delhi,Female
1894,Customer_1894,58,Hyderabad,Female
1895,Customer_1895,29,Delhi,Female
1896,Customer_1896,25,Hyderabad,Female
1897,Customer_1897,25,Mumbai,Male
1898,Customer_1898,45,Delhi,Female
1899,Customer_1899,37,Mumbai,Male
1900,Customer_1900,64,Delhi,Female
1901,Customer_1901,24,Bangalore,Female
1902,Customer_1902,28,Pune,Female
1903,Customer_1903,37,Chennai,Male
1904,Customer_1904,33,Chennai,Female
1905,Customer_1905,21,Chennai,Male
1906,Customer_1906,23,Mumbai,Male
1907,Customer_1907,39,Hyderabad,Female
1908,Customer_1908,43,Chennai,Male
1909,Customer_1909,20,Bangalore,Male
1910,Customer_1910,58,Chennai,Female
1911,Customer_1911,59,Delhi,Female
1912,Customer_1912,31,Mumbai,Female
1913,Customer_1913,28,Delhi,Female
1914,Customer_1914,35,Delhi,Female
1915,Customer_1915,29,Delhi,Female
1916,Customer_1916,40,Pune,Male
1917,Customer_1917,29,Pune,Female
1918,Customer_1918,30,Hyderabad,Female
1919,Customer_1919,42,Mumbai,Male
1920,Customer_1920,62,Bangalore,Female
1921,Customer_1921,36,Bangalore,Male
1922,Customer_1922,63,Bangalore,Female
1923,Customer_1923,53,Delhi,Female
1924,Customer_1924,62,Pune,Male
1925,Customer_1925,25,Mumbai,Female
1926,Customer_1926,46,Delhi,Male
1927,Customer_1927,49,Pune,Female
1928,Customer_1928,61,Pune,Female
1929,Customer_1929,35,Chennai,Male
1930,Customer_1930,23,Chennai,Female
1931,Customer_1931,35,Mumbai,Female
1932,Customer_1932,36,Mumbai,Male
1933,Customer_1933,39,Mumbai,Female
1934,Customer_1934,54,Delhi,Male
1935,Customer_1935,49,Hyderabad,Female
1936,Customer_1936,58,Mumbai,Male
1937,Customer_1937,20,Chennai,Female
1938,Customer_1938,45,Hyderabad,Male
1939,Customer_1939,27,Delhi,Male
1940,Customer_1940,52,Hyderabad,Female
1941,Customer_1941,46,Bangalore,Female
1942,Customer_1942,32,Hyderabad,Male
1943,Customer_1943,50,Mumbai,Female
1944,Customer_1944,24,Delhi,Male
1945,Customer_1945,29,Mumbai,Female
1946,Customer_1946,47,Chennai,Female
1947,Customer_1947,38,Bangalore,Male
1948,Customer_1948,48,Chennai,Male
1949,Customer_1949,41,Mumbai,Female
1950,Customer_1950,37,Mumbai,Female
1951,Customer_1951,54,Mumbai,Female
1952,Customer_1952,21,Pune,Female
1953,Customer_1953,45,Bangalore,Female
1954,Customer_1954,61,Mumbai,Male
1955,Customer_1955,37,Mumbai,Female
1956,Customer_1956,41,Chennai,Female
1957,Customer_1957,49,Chennai,Male
1958,Customer_1958,58,Mumbai,Male
1959,Customer_1959,53,Delhi,Male
1960,Customer_1960,51,Pune,Female
1961,Customer_1961,53,Chennai,Male
1962,Customer_1962,19,Delhi,Male
1963,Customer_1963,32,Pune,Male
1964,Customer_1964,51,Mumbai,Male
1965,Customer_1965,53,Bangalore,Female
1966,Customer_1966,23,Hyderabad,Female
1967,Customer_1967,56,Hyderabad,Female
1968,Customer_1968,59,Mumbai,Male
1969,Customer_1969,29,Chennai,Male
1970,Customer_1970,20,Delhi,Male
1971,Customer_1971,62,Bangalore,Male
1972,Customer_1972,35,Pune,Male
1973,Customer_1973,57,Mumbai,Male
1974,Customer_1974,38,Bangalore,Female
1975,Customer_1975,32,Bangalore,Female
1976,Customer_1976,50,Chennai,Male
1977,Customer_1977,52,Pune,Female
1978,Customer_1978,43,Bangalore,Male
1979,Customer_1979,25,Chennai,Male
1980,Customer_1980,53,Delhi,Female
1981,Customer_1981,47,Chennai,Male
1982,Customer_1982,40,Delhi,Female
1983,Customer_1983,59,Delhi,Male
1984,Customer_1984,61,Bangalore,Male
1985,Customer_1985,31,Chennai,Female
1986,Customer_1986,31,Delhi,Male
1987,Customer_1987,19,Pune,Male
1988,Customer_1988,54,Bangalore,Male
1989,Customer_1989,22,Chennai,Female
1990,Customer_1990,55,Chennai,Male
1991,Customer_1991,62,Hyderabad,Male
1992,Customer_1992,58,Chennai,Male
1993,Customer_1993,64,Bangalore,Female
1994,Customer_1994,31,Pune,Female
1995,Customer_1995,56,Chennai,Female
1996,Customer_1996,42,Hyderabad,Female
1997,Customer_1997,37,Bangalore,Female
1998,Customer_1998,19,Delhi,Male
1999,Customer_1999,56,Mumbai,Female
2000,Customer_2000,23,Mumbai,Female
2001,Customer_2001,34,Delhi,Male
2002,Customer_2002,42,Chennai,Female
2003,Customer_2003,45,Mumbai,Male
2004,Customer_2004,19,Mumbai,Female
2005,Customer_2005,52,Delhi,Male
2006,Customer_2006,54,Chennai,Male
2007,Customer_2007,22,Chennai,Female
2008,Customer_2008,18,Delhi,Female
2009,Customer_2009,57,Chennai,Male
2010,Customer_2010,29,Chennai,Male
2011,Customer_2011,53,Bangalore,Male
2012,Customer_2012,62,Bangalore,Male
2013,Customer_2013,40,Delhi,Male
2014,Customer_2014,64,Pune,Male
2015,Customer_2015,48,Mumbai,Male
2016,Customer_2016,28,Bangalore,Female
2017,Customer_2017,27,Mumbai,Male
2018,Customer_2018,20,Hyderabad,Female
2019,Customer_2019,31,Delhi,Female
2020,Customer_2020,33,Pune,Male
2021,Customer_2021,27,Hyderabad,Male
2022,Customer_2022,46,Hyderabad,Female
2023,Customer_2023,27,Chennai,Male
2024,Customer_2024,29,Hyderabad,Male
2025,Customer_2025,47,Delhi,Female
2026,Customer_2026,58,Bangalore,Female
2027,Customer_2027,18,Delhi,Female
2028,Customer_2028,22,Bangalore,Male
2029,Customer_2029,37,Hyderabad,Male
2030,Customer_2030,25,Hyderabad,Female
2031,Customer_2031,60,Pune,Male
2032,Customer_2032,29,Bangalore,Female
2033,Customer_2033,18,Hyderabad,Male
2034,Customer_2034,37,Chennai,Female
2035,Customer_2035,45,Mumbai,Male
2036,Customer_2036,60,Pune,Female
2037,Customer_2037,54,Delhi,Male
2038,Customer_2038,64,Pune,Male
2039,Customer_2039,54,Mumbai,Female
2040,Customer_2040,29,Bangalore,Male
2041,Customer_2041,54,Delhi,Male
2042,Customer_2042,61,Delhi,Female
2043,Customer_2043,45,Bangalore,Male
2044,Customer_2044,64,Pune,Male
2045,Customer_2045,32,Hyderabad,Male
2046,Customer_2046,23,Pune,Female
2047,Customer_2047,61,Mumbai,Female
2048,Customer_2048,37,Chennai,Female
2049,Customer_2049,31,Hyderabad,Female
2050,Customer_2050,19,Pune,Female
2051,Customer_2051,26,Chennai,Male
2052,Customer_2052,54,Chennai,Male
2053,Customer_2053,37,Bangalore,Female
2054,Customer_2054,43,Mumbai,Male
2055,Customer_2055,46,Mumbai,Male
2056,Customer_2056,18,Mumbai,Male
2057,Customer_2057,52,Hyderabad,Male
2058,Customer_2058,23,Delhi,Female
2059,Customer_2059,54,Hyderabad,Female
2060,Customer_2060,22,Pune,Male
2061,Customer_2061,50,Chennai,Male
2062,Customer_2062,31,Chennai,Female
2063,Customer_2063,29,Delhi,Male
2064,Customer_2064,59,Pune,Male
2065,Customer_2065,37,Delhi,Male
2066,Customer_2066,41,Chennai,Female
2067,Customer_2067,60,Hyderabad,Female
2068,Customer_2068,51,Mumbai,Male
2069,Customer_2069,42,Chennai,Male
2070,Customer_2070,46,Bangalore,Male
2071,Customer_2071,56,Mumbai,Male
2072,Customer_2072,48,Chennai,Male
2073,Customer_2073,64,Hyderabad,Male
2074,Customer_2074,60,Delhi,Female
2075,Customer_2075,40,Mumbai,Female
2076,Customer_2076,61,Hyderabad,Male
2077,Customer_2077,55,Pune,Female
2078,Customer_2078,37,Bangalore,Male
2079,Customer_2079,40,Mumbai,Male
2080,Customer_2080,62,Delhi,Female
2081,Customer_2081,33,Pune,Female
2082,Customer_2082,59,Hyderabad,Male
2083,Customer_2083,25,Bangalore,Male
2084,Customer_2084,38,Delhi,Female
2085,Customer_2085,18,Hyderabad,Female
2086,Customer_2086,25,Hyderabad,Male
2087,Customer_2087,46,Mumbai,Male
2088,Customer_2088,49,Mumbai,Male
2089,Customer_2089,55,Delhi,Female
2090,Customer_2090,22,Chennai,Male
2091,Customer_2091,64,Chennai,Female
2092,Customer_2092,39,Hyderabad,Male
2093,Customer_2093,64,Mumbai,Female
2094,Customer_2094,51,Bangalore,Female
2095,Customer_2095,18,Bangalore,Female
2096,Customer_2096,43,Hyderabad,Female
2097,Customer_2097,60,Mumbai,Male
2098,Customer_2098,27,Delhi,Female
2099,Customer_2099,47,Delhi,Female
2100,Customer_2100,35,Delhi,Female
2101,Customer_2101,34,Bangalore,Male
2102,Customer_2102,43,Mumbai,Male
2103,Customer_2103,25,Mumbai,Male
2104,Customer_2104,64,Bangalore,Male
2105,Customer_2105,57,Delhi,Male
2106,Customer_2106,29,Delhi,Male
2107,Customer_2107,44,Hyderabad,Female
2108,Customer_2108,25,Chennai,Female
2109,Customer_2109,42,Pune,Female
2110,Customer_2110,63,Chennai,Male
2111,Customer_2111,21,Mumbai,Female
2112,Customer_2112,50,Mumbai,Female
2113,Customer_2113,18,Mumbai,Male
2114,Customer_2114,36,Chennai,Female
2115,Customer_2115,48,Pune,Male
2116,Customer_2116,33,Hyderabad,Female
2117,Customer_2117,31,Chennai,Male
2118,Customer_2118,22,Pune,Male
2119,Customer_2119,58,Delhi,Male
2120,Customer_2120,43,Delhi,Female
2121,Customer_2121,45,Mumbai,Female
2122,Customer_2122,19,Bangalore,Male
2123,Customer_2123,23,Mumbai,Male
2124,Customer_2124,26,Bangalore,Female
2125,Customer_2125,50,Pune,Female
2126,Customer_2126,58,Delhi,Male
2127,Customer_2127,42,Chennai,Female
2128,Customer_2128,30,Bangalore,Female
2129,Customer_2129,26,Pune,Female
2130,Customer_2130,30,Delhi,Male
2131,Customer_2131,48,Chennai,Male
2132,Customer_2132,58,Bangalore,Female
2133,Customer_2133,28,Mumbai,Male
2134,Customer_2134,21,Mumbai,Female
2135,Customer_2135,51,Mumbai,Female
2136,Customer_2136,55,Pune,Male
2137,Customer_2137,63,Mumbai,Male
2138,Customer_2138,21,Hyderabad,Male
2139,Customer_2139,55,Delhi,Female
2140,Customer_2140,36,Pune,Female
2141,Customer_2141,23,Chennai,Male
2142,Customer_2142,51,Mumbai,Male
2143,Customer_2143,35,Delhi,Male
2144,Customer_2144,30,Bangalore,Female
2145,Customer_2145,58,Mumbai,Female
2146,Customer_2146,40,Delhi,Female
2147,Customer_2147,36,Hyderabad,Male
2148,Customer_2148,62,Bangalore,Male
2149,Customer_2149,28,Hyderabad,Female
2150,Customer_2150,18,Chennai,Male
2151,Customer_2151,41,Delhi,Male
2152,Customer_2152,24,Hyderabad,Male
2153,Customer_2153,42,Chennai,Male
2154,Customer_2154,38,Delhi,Female
2155,Customer_2155,32,Delhi,Male
2156,Customer_2156,18,Hyderabad,Female
2157,Customer_2157,29,Delhi,Female
2158,Customer_2158,24,Mumbai,Male
2159,Customer_2159,32,Delhi,Female
2160,Customer_2160,38,Pune,Female
2161,Customer_2161,36,Chennai,Male
2162,Customer_2162,46,Delhi,Female
2163,Customer_2163,42,Pune,Female
2164,Customer_2164,50,Delhi,Female
2165,Customer_2165,49,Delhi,Female
2166,Customer_2166,52,Hyderabad,Female
2167,Customer_2167,61,Mumbai,Female
2168,Customer_2168,55,Chennai,Female
2169,Customer_2169,43,Mumbai,Female
2170,Customer_2170,28,Bangalore,Male
2171,Customer_2171,52,Hyderabad,Male
2172,Customer_2172,25,Hyderabad,Male
2173,Customer_2173,63,Mumbai,Female
2174,Customer_2174,31,Hyderabad,Female
2175,Customer_2175,27,Mumbai,Female
2176,Customer_2176,19,Hyderabad,Male
2177,Customer_2177,63,Delhi,Male
2178,Customer_2178,26,Mumbai,Male
2179,Customer_2179,20,Mumbai,Female
2180,Customer_2180,38,Pune,Male
2181,Customer_2181,43,Hyderabad,Male
2182,Customer_2182,25,Hyderabad,Female
2183,Customer_2183,19,Mumbai,Male
2184,Customer_2184,23,Delhi,Female
2185,Customer_2185,45,Delhi,Male
2186,Customer_2186,46,Chennai,Female
2187,Customer_2187,43,Delhi,Female
2188,Customer_2188,42,Hyderabad,Female
2189,Customer_2189,29,Pune,Female
2190,Customer_2190,22,Mumbai,Female
2191,Customer_2191,51,Bangalore,Male
2192,Customer_2192,54,Pune,Female
2193,Customer_2193,32,Bangalore,Female
2194,Customer_2194,61,Pune,Female
2195,Customer_2195,53,Delhi,Female
2196,Customer_2196,32,Hyderabad,Male
2197,Customer_2197,60,Bangalore,Female
2198,Customer_2198,40,Pune,Male
2199,Customer_2199,23,Hyderabad,Female
2200,Customer_2200,63,Bangalore,Female
2201,Customer_2201,61,Mumbai,Male
2202,Customer_2202,60,Pune,Male
2203,Customer_2203,62,Mumbai,Male
2204,Customer_2204,38,Delhi,Female
2205,Customer_2205,40,Mumbai,Male
2206,Customer_2206,60,Mumbai,Female
2207,Customer_2207,33,Chennai,Male
2208,Customer_2208,64,Pune,Male
2209,Customer_2209,32,Delhi,Female
2210,Customer_2210,42,Mumbai,Male
2211,Customer_2211,53,Hyderabad,Male
2212,Customer_2212,28,Bangalore,Female
2213,Customer_2213,32,Mumbai,Female
2214,Customer_2214,21,Delhi,Female
2215,Customer_2215,38,Mumbai,Male
2216,Customer_2216,30,Bangalore,Male
2217,Customer_2217,39,Delhi,Male
2218,Customer_2218,36,Pune,Male
2219,Customer_2219,51,Delhi,Male
2220,Customer_2220,31,Pune,Female
2221,Customer_2221,21,Delhi,Male
2222,Customer_2222,63,Bangalore,Female
2223,Customer_2223,44,Bangalore,Male
2224,Customer_2224,46,Delhi,Female
2225,Customer_2225,64,Mumbai,Male
2226,Customer_2226,45,Bangalore,Male
2227,Customer_2227,52,Pune,Female
2228,Customer_2228,25,Pune,Male
2229,Customer_2229,33,Hyderabad,Female
2230,Customer_2230,59,Chennai,Male
2231,Customer_2231,53,Chennai,Male
2232,Customer_2232,47,Chennai,Female
2233,Customer_2233,35,Pune,Male
2234,Customer_2234,19,Hyderabad,Female
2235,Customer_2235,30,Chennai,Male
2236,Customer_2236,21,Chennai,Male
2237,Customer_2237,43,Delhi,Male
2238,Customer_2238,42,Delhi,Male
2239,Customer_2239,47,Delhi,Male
2240,Customer_2240,28,Mumbai,Male
2241,Customer_2241,24,Chennai,Male
2242,Customer_2242,48,Mumbai,Female
2243,Customer_2243,61,Hyderabad,Male
2244,Customer_2244,27,Pune,Male
2245,Customer_2245,56,Chennai,Male
2246,Customer_2246,30,Pune,Female
2247,Customer_2247,48,Delhi,Female
2248,Customer_2248,24,Chennai,Male
2249,Customer_2249,59,Bangalore,Male
2250,Customer_2250,59,Mumbai,Male
2251,Customer_2251,53,Mumbai,Female
2252,Customer_2252,37,Chennai,Male
2253,Customer_2253,21,Delhi,Female
2254,Customer_2254,24,Mumbai,Male
2255,Customer_2255,18,Delhi,Female
2256,Customer_2256,61,Hyderabad,Female
2257,Customer_2257,62,Pune,Male
2258,Customer_2258,59,Bangalore,Male
2259,Customer_2259,64,Pune,Male
2260,Customer_2260,30,Pune,Male
2261,Customer_2261,39,Hyderabad,Male
2262,Customer_2262,38,Mumbai,Male
2263,Customer_2263,39,Bangalore,Male
2264,Customer_2264,45,Mumbai,Female
2265,Customer_2265,26,Chennai,Male
2266,Customer_2266,43,Pune,Male
2267,Customer_2267,26,Chennai,Female
2268,Customer_2268,32,Delhi,Male
2269,Customer_2269,27,Pune,Male
2270,Customer_2270,41,Mumbai,Male
2271,Customer_2271,59,Pune,Male
2272,Customer_2272,25,Delhi,Female
2273,Customer_2273,41,Hyderabad,Female
2274,Customer_2274,33,Chennai,Male
2275,Customer_2275,43,Chennai,Male
2276,Customer_2276,44,Mumbai,Female
2277,Customer_2277,54,Pune,Male
2278,Customer_2278,21,Mumbai,Female
2279,Customer_2279,41,Hyderabad,Female
2280,Customer_2280,36,Pune,Female
2281,Customer_2281,53,Pune,Male
2282,Customer_2282,56,Mumbai,Male
2283,Customer_2283,27,Mumbai,Male
2284,Customer_2284,42,Delhi,Female
2285,Customer_2285,35,Hyderabad,Male
2286,Customer_2286,36,Delhi,Male
2287,Customer_2287,53,Chennai,Female
2288,Customer_2288,27,Pune,Male
2289,Customer_2289,50,Mumbai,Male
2290,Customer_2290,22,Pune,Male
2291,Customer_2291,64,Pune,Female
2292,Customer_2292,52,Bangalore,Male
2293,Customer_2293,61,Chennai,Female
2294,Customer_2294,51,Bangalore,Female
2295,Customer_2295,50,Pune,Female
2296,Customer_2296,38,Mumbai,Male
2297,Customer_2297,34,Pune,Male
2298,Customer_2298,39,Chennai,Male
2299,Customer_2299,54,Bangalore,Female
2300,Customer_2300,32,Mumbai,Female
2301,Customer_2301,52,Pune,Male
2302,Customer_2302,45,Hyderabad,Female
2303,Customer_2303,24,Chennai,Male
2304,Customer_2304,49,Chennai,Male
2305,Customer_2305,28,Hyderabad,Male
2306,Customer_2306,27,Pune,Male
2307,Customer_2307,26,Chennai,Male
2308,Customer_2308,31,Mumbai,Male
2309,Customer_2309,30,Pune,Male
2310,Customer_2310,42,Pune,Female
2311,Customer_2311,19,Bangalore,Male
2312,Customer_2312,52,Chennai,Female
2313,Customer_2313,24,Chennai,Female
2314,Customer_2314,38,Hyderabad,Male
2315,Customer_2315,35,Bangalore,Female
2316,Customer_2316,20,Bangalore,Female
2317,Customer_2317,59,Chennai,Female
2318,Customer_2318,56,Pune,Male
2319,Customer_2319,58,Bangalore,Male
2320,Customer_2320,28,Hyderabad,Male
2321,Customer_2321,56,Bangalore,Male
2322,Customer_2322,41,Hyderabad,Male
2323,Customer_2323,63,Bangalore,Female
2324,Customer_2324,36,Hyderabad,Female
2325,Customer_2325,21,Bangalore,Male
2326,Customer_2326,43,Bangalore,Female
2327,Customer_2327,55,Mumbai,Female
2328,Customer_2328,59,Hyderabad,Female
2329,Customer_2329,49,Hyderabad,Female
2330,Customer_2330,56,Hyderabad,Male
2331,Customer_2331,62,Delhi,Male
2332,Customer_2332,63,Bangalore,Male
2333,Customer_2333,53,Hyderabad,Female
2334,Customer_2334,57,Chennai,Female
2335,Customer_2335,54,Delhi,Male
2336,Customer_2336,50,Mumbai,Male
2337,Customer_2337,53,Hyderabad,Female
2338,Customer_2338,20,Hyderabad,Male
2339,Customer_2339,26,Delhi,Male
2340,Customer_2340,25,Bangalore,Female
2341,Customer_2341,50,Chennai,Female
2342,Customer_2342,23,Mumbai,Male
2343,Customer_2343,58,Hyderabad,Female
2344,Customer_2344,56,Bangalore,Male
2345,Customer_2345,21,Chennai,Female
2346,Customer_2346,30,Chennai,Female
2347,Customer_2347,19,Mumbai,Male
2348,Customer_2348,22,Pune,Female
2349,Customer_2349,61,Chennai,Male
2350,Customer_2350,44,Pune,Female
2351,Customer_2351,49,Chennai,Male
2352,Customer_2352,38,Mumbai,Female
2353,Customer_2353,25,Delhi,Female
2354,Customer_2354,55,Mumbai,Male
2355,Customer_2355,25,Mumbai,Female
2356,Customer_2356,20,Delhi,Male
2357,Customer_2357,61,Delhi,Female
2358,Customer_2358,20,Bangalore,Female
2359,Customer_2359,39,Chennai,Male
2360,Customer_2360,23,Bangalore,Female
2361,Customer_2361,19,Delhi,Female
2362,Customer_2362,40,Pune,Male
2363,Customer_2363,61,Pune,Female
2364,Customer_2364,19,Mumbai,Male
2365,Customer_2365,55,Hyderabad,Male
2366,Customer_2366,34,Mumbai,Male
2367,Customer_2367,52,Mumbai,Female
2368,Customer_2368,51,Hyderabad,Female
2369,Customer_2369,40,Chennai,Male
2370,Customer_2370,47,Delhi,Female
2371,Customer_2371,25,Pune,Male
2372,Customer_2372,39,Mumbai,Female
2373,Customer_2373,61,Hyderabad,Male
2374,Customer_2374,53,Bangalore,Male
2375,Customer_2375,22,Mumbai,Female
2376,Customer_2376,30,Pune,Male
2377,Customer_2377,46,Delhi,Male
2378,Customer_2378,48,Mumbai,Female
2379,Customer_2379,64,Mumbai,Male
2380,Customer_2380,33,Chennai,Male
2381,Customer_2381,59,Hyderabad,Female
2382,Customer_2382,47,Bangalore,Male
2383,Customer_2383,33,Bangalore,Male
2384,Customer_2384,29,Delhi,Male
2385,Customer_2385,34,Pune,Male
2386,Customer_2386,33,Delhi,Male
2387,Customer_2387,29,Mumbai,Male
2388,Customer_2388,25,Mumbai,Male
2389,Customer_2389,37,Bangalore,Male
2390,Customer_2390,20,Pune,Female
2391,Customer_2391,33,Hyderabad,Male
2392,Customer_2392,47,Pune,Male
2393,Customer_2393,62,Mumbai,Female
2394,Customer_2394,40,Hyderabad,Male
2395,Customer_2395,45,Pune,Male
2396,Customer_2396,57,Pune,Male
2397,Customer_2397,22,Hyderabad,Male
2398,Customer_2398,37,Mumbai,Male
2399,Customer_2399,57,Pune,Male
2400,Customer_2400,61,Hyderabad,Female
2401,Customer_2401,18,Chennai,Female
2402,Customer_2402,47,Chennai,Female
2403,Customer_2403,38,Mumbai,Female
2404,Customer_2404,37,Hyderabad,Female
2405,Customer_2405,23,Chennai,Male
2406,Customer_2406,39,Hyderabad,Male
2407,Customer_2407,35,Pune,Male
2408,Customer_2408,25,Mumbai,Male
2409,Customer_2409,56,Chennai,Male
2410,Customer_2410,49,Pune,Female
2411,Customer_2411,50,Delhi,Female
2412,Customer_2412,33,Delhi,Male
2413,Customer_2413,29,Mumbai,Male
2414,Customer_2414,55,Chennai,Male
2415,Customer_2415,51,Chennai,Female
2416,Customer_2416,31,Chennai,Female
2417,Customer_2417,53,Hyderabad,Male
2418,Customer_2418,50,Pune,Female
2419,Customer_2419,40,Chennai,Male
2420,Customer_2420,62,Pune,Female
2421,Customer_2421,19,Mumbai,Female
2422,Customer_2422,58,Chennai,Male
2423,Customer_2423,38,Mumbai,Female
2424,Customer_2424,19,Chennai,Female
2425,Customer_2425,44,Delhi,Male
2426,Customer_2426,26,Bangalore,Female
2427,Customer_2427,18,Mumbai,Male
2428,Customer_2428,28,Chennai,Female
2429,Customer_2429,20,Bangalore,Male
2430,Customer_2430,40,Mumbai,Male
2431,Customer_2431,43,Hyderabad,Female
2432,Customer_2432,21,Chennai,Female
2433,Customer_2433,35,Hyderabad,Male
2434,Customer_2434,23,Delhi,Female
2435,Customer_2435,52,Chennai,Female
2436,Customer_2436,39,Delhi,Female
2437,Customer_2437,60,Bangalore,Male
2438,Customer_2438,32,Mumbai,Male
2439,Customer_2439,39,Pune,Male
2440,Customer_2440,54,Delhi,Female
2441,Customer_2441,59,Pune,Female
2442,Customer_2442,29,Pune,Male
2443,Customer_2443,64,Mumbai,Male
2444,Customer_2444,59,Bangalore,Female
2445,Customer_2445,55,Mumbai,Female
2446,Customer_2446,35,Chennai,Female
2447,Customer_2447,62,Delhi,Female
2448,Customer_2448,52,Pune,Male
2449,Customer_2449,47,Mumbai,Female
2450,Customer_2450,41,Mumbai,Female
2451,Customer_2451,59,Mumbai,Male
2452,Customer_2452,47,Delhi,Male
2453,Customer_2453,31,Bangalore,Female
2454,Customer_2454,23,Mumbai,Male
2455,Customer_2455,20,Delhi,Female
2456,Customer_2456,33,Pune,Female
2457,Customer_2457,24,Chennai,Male
2458,Customer_2458,31,Hyderabad,Male
2459,Customer_2459,26,Delhi,Female
2460,Customer_2460,32,Hyderabad,Male
2461,Customer_2461,38,Mumbai,Female
2462,Customer_2462,52,Mumbai,Female
2463,Customer_2463,19,Delhi,Female
2464,Customer_2464,44,Hyderabad,Male
2465,Customer_2465,19,Mumbai,Female
2466,Customer_2466,52,Pune,Female
2467,Customer_2467,35,Bangalore,Female
2468,Customer_2468,31,Bangalore,Male
2469,Customer_2469,37,Mumbai,Female
2470,Customer_2470,35,Hyderabad,Female
2471,Customer_2471,27,Chennai,Female
2472,Customer_2472,42,Mumbai,Male
2473,Customer_2473,19,Chennai,Female
2474,Customer_2474,42,Chennai,Female
2475,Customer_2475,50,Hyderabad,Male
2476,Customer_2476,53,Chennai,Male
2477,Customer_2477,48,Pune,Female
2478,Customer_2478,31,Hyderabad,Female
2479,Customer_2479,18,Mumbai,Female
2480,Customer_2480,63,Pune,Male
2481,Customer_2481,33,Delhi,Male
2482,Customer_2482,63,Bangalore,Female
2483,Customer_2483,20,Mumbai,Male
2484,Customer_2484,52,Mumbai,Female
2485,Customer_2485,58,Mumbai,Female
2486,Customer_2486,23,Pune,Male
2487,Customer_2487,42,Delhi,Female
2488,Customer_2488,30,Hyderabad,Male
2489,Customer_2489,51,Delhi,Male
2490,Customer_2490,25,Pune,Female
2491,Customer_2491,38,Mumbai,Male
2492,Customer_2492,51,Bangalore,Female
2493,Customer_2493,21,Mumbai,Male
2494,Customer_2494,42,Hyderabad,Female
2495,Customer_2495,32,Chennai,Female
2496,Customer_2496,21,Bangalore,Female
2497,Customer_2497,62,Mumbai,Male
2498,Customer_2498,29,Bangalore,Female
2499,Customer_2499,49,Chennai,Male
2500,Customer_2500,49,Delhi,Male
2501,Customer_2501,45,Pune,Male
2502,Customer_2502,30,Mumbai,Male
2503,Customer_2503,48,Hyderabad,Male
2504,Customer_2504,31,Delhi,Female
2505,Customer_2505,37,Mumbai,Male
2506,Customer_2506,35,Delhi,Female
2507,Customer_2507,46,Hyderabad,Female
2508,Customer_2508,23,Mumbai,Male
2509,Customer_2509,49,Chennai,Female
2510,Customer_2510,46,Chennai,Female
2511,Customer_2511,60,Hyderabad,Male
2512,Customer_2512,19,Bangalore,Female
2513,Customer_2513,40,Hyderabad,Male
2514,Customer_2514,36,Bangalore,Male
2515,Customer_2515,48,Mumbai,Male
2516,Customer_2516,22,Bangalore,Female
2517,Customer_2517,36,Mumbai,Female
2518,Customer_2518,51,Mumbai,Female
2519,Customer_2519,27,Pune,Female
2520,Customer_2520,42,Mumbai,Male
2521,Customer_2521,19,Bangalore,Male
2522,Customer_2522,28,Pune,Female
2523,Customer_2523,48,Pune,Male
2524,Customer_2524,32,Mumbai,Female
2525,Customer_2525,26,Hyderabad,Male
2526,Customer_2526,40,Hyderabad,Male
2527,Customer_2527,36,Chennai,Male
2528,Customer_2528,26,Pune,Male
2529,Customer_2529,52,Mumbai,Male
2530,Customer_2530,38,Hyderabad,Female
2531,Customer_2531,26,Mumbai,Female
2532,Customer_2532,45,Mumbai,Male
2533,Customer_2533,63,Pune,Female
2534,Customer_2534,24,Chennai,Male
2535,Customer_2535,33,Pune,Male
2536,Customer_2536,33,Delhi,Male
2537,Customer_2537,50,Hyderabad,Male
2538,Customer_2538,21,Hyderabad,Female
2539,Customer_2539,21,Hyderabad,Male
2540,Customer_2540,56,Bangalore,Female
2541,Customer_2541,57,Mumbai,Male
2542,Customer_2542,34,Pune,Male
2543,Customer_2543,54,Hyderabad,Female
2544,Customer_2544,56,Delhi,Male
2545,Customer_2545,46,Hyderabad,Male
2546,Customer_2546,53,Chennai,Female
2547,Customer_2547,55,Mumbai,Female
2548,Customer_2548,56,Mumbai,Female
2549,Customer_2549,54,Pune,Male
2550,Customer_2550,52,Bangalore,Male
2551,Customer_2551,24,Pune,Female
2552,Customer_2552,44,Hyderabad,Female
2553,Customer_2553,45,Chennai,Male
2554,Customer_2554,39,Delhi,Male
2555,Customer_2555,31,Pune,Female
2556,Customer_2556,24,Bangalore,Female
2557,Customer_2557,54,Pune,Female
2558,Customer_2558,39,Mumbai,Female
2559,Customer_2559,22,Hyderabad,Male
2560,Customer_2560,19,Hyderabad,Male
2561,Customer_2561,44,Hyderabad,Male
2562,Customer_2562,38,Hyderabad,Male
2563,Customer_2563,55,Hyderabad,Female
2564,Customer_2564,32,Hyderabad,Male
2565,Customer_2565,38,Delhi,Female
2566,Customer_2566,27,Bangalore,Male
2567,Customer_2567,40,Hyderabad,Male
2568,Customer_2568,56,Bangalore,Male
2569,Customer_2569,22,Chennai,Female
2570,Customer_2570,18,Hyderabad,Male
2571,Customer_2571,30,Pune,Female
2572,Customer_2572,38,Hyderabad,Female
2573,Customer_2573,43,Mumbai,Male
2574,Customer_2574,62,Delhi,Female
2575,Customer_2575,38,Pune,Male
2576,Customer_2576,35,Pune,Female
2577,Customer_2577,54,Mumbai,Male
2578,Customer_2578,62,Hyderabad,Female
2579,Customer_2579,49,Delhi,Female
2580,Customer_2580,53,Pune,Male
2581,Customer_2581,34,Delhi,Male
2582,Customer_2582,52,Pune,Male
2583,Customer_2583,28,Hyderabad,Male
2584,Customer_2584,38,Chennai,Female
2585,Customer_2585,43,Pune,Female
2586,Customer_2586,21,Chennai,Female
2587,Customer_2587,51,Pune,Female
2588,Customer_2588,35,Bangalore,Male
2589,Customer_2589,57,Hyderabad,Female
2590,Customer_2590,52,Mumbai,Male
2591,Customer_2591,58,Chennai,Female
2592,Customer_2592,46,Mumbai,Male
2593,Customer_2593,46,Hyderabad,Male
2594,Customer_2594,55,Mumbai,Male
2595,Customer_2595,59,Hyderabad,Male
2596,Customer_2596,38,Mumbai,Male
2597,Customer_2597,59,Chennai,Female
2598,Customer_2598,30,Bangalore,Male
2599,Customer_2599,58,Mumbai,Female
2600,Customer_2600,34,Chennai,Female
2601,Customer_2601,26,Pune,Male
2602,Customer_2602,58,Hyderabad,Female
2603,Customer_2603,18,Delhi,Female
2604,Customer_2604,19,Delhi,Female
2605,Customer_2605,46,Hyderabad,Male
2606,Customer_2606,50,Bangalore,Male
2607,Customer_2607,27,Mumbai,Male
2608,Customer_2608,57,Bangalore,Male
2609,Customer_2609,38,Delhi,Female
2610,Customer_2610,45,Chennai,Female
2611,Customer_2611,28,Hyderabad,Female
2612,Customer_2612,51,Hyderabad,Female
2613,Customer_2613,25,Bangalore,Female
2614,Customer_2614,39,Chennai,Female
2615,Customer_2615,25,Bangalore,Male
2616,Customer_2616,32,Mumbai,Female
2617,Customer_2617,34,Pune,Female
2618,Customer_2618,40,Chennai,Female
2619,Customer_2619,41,Pune,Male
2620,Customer_2620,62,Mumbai,Female
2621,Customer_2621,36,Pune,Female
2622,Customer_2622,22,Delhi,Male
2623,Customer_2623,49,Pune,Female
2624,Customer_2624,61,Mumbai,Male
2625,Customer_2625,18,Pune,Male
2626,Customer_2626,40,Hyderabad,Female
2627,Customer_2627,54,Bangalore,Female
2628,Customer_2628,25,Delhi,Male
2629,Customer_2629,30,Hyderabad,Female
2630,Customer_2630,25,Hyderabad,Female
2631,Customer_2631,40,Mumbai,Male
2632,Customer_2632,60,Bangalore,Male
2633,Customer_2633,18,Bangalore,Female
2634,Customer_2634,62,Chennai,Male
2635,Customer_2635,41,Delhi,Female
2636,Customer_2636,52,Mumbai,Female
2637,Customer_2637,41,Delhi,Female
2638,Customer_2638,34,Chennai,Female
2639,Customer_2639,22,Pune,Male
2640,Customer_2640,37,Hyderabad,Female
2641,Customer_2641,38,Delhi,Male
2642,Customer_2642,57,Hyderabad,Female
2643,Customer_2643,48,Mumbai,Female
2644,Customer_2644,63,Pune,Male
2645,Customer_2645,53,Mumbai,Female
2646,Customer_2646,28,Pune,Male
2647,Customer_2647,32,Pune,Male
2648,Customer_2648,36,Hyderabad,Female
2649,Customer_2649,24,Mumbai,Female
2650,Customer_2650,45,Mumbai,Female
2651,Customer_2651,60,Delhi,Female
2652,Customer_2652,22,Mumbai,Male
2653,Customer_2653,22,Delhi,Female
2654,Customer_2654,47,Bangalore,Female
2655,Customer_2655,49,Bangalore,Female
2656,Customer_2656,25,Bangalore,Female
2657,Customer_2657,27,Chennai,Female
2658,Customer_2658,55,Mumbai,Male
2659,Customer_2659,64,Chennai,Female
2660,Customer_2660,49,Mumbai,Male
2661,Customer_2661,45,Delhi,Female
2662,Customer_2662,34,Chennai,Female
2663,Customer_2663,48,Chennai,Female
2664,Customer_2664,25,Chennai,Male
2665,Customer_2665,57,Pune,Female
2666,Customer_2666,42,Delhi,Male
2667,Customer_2667,26,Bangalore,Male
2668,Customer_2668,19,Delhi,Female
2669,Customer_2669,32,Pune,Male
2670,Customer_2670,20,Mumbai,Female
2671,Customer_2671,53,Delhi,Female
2672,Customer_2672,21,Chennai,Male
2673,Customer_2673,31,Bangalore,Female
2674,Customer_2674,58,Bangalore,Female
2675,Customer_2675,58,Mumbai,Male
2676,Customer_2676,42,Delhi,Male
2677,Customer_2677,27,Pune,Male
2678,Customer_2678,38,Mumbai,Male
2679,Customer_2679,53,Delhi,Male
2680,Customer_2680,29,Hyderabad,Male
2681,Customer_2681,44,Bangalore,Female
2682,Customer_2682,57,Pune,Male
2683,Customer_2683,19,Chennai,Male
2684,Customer_2684,30,Pune,Female
2685,Customer_2685,49,Chennai,Female
2686,Customer_2686,48,Pune,Male
2687,Customer_2687,33,Bangalore,Male
2688,Customer_2688,49,Chennai,Female
2689,Customer_2689,49,Delhi,Male
2690,Customer_2690,51,Chennai,Male
2691,Customer_2691,28,Mumbai,Female
2692,Customer_2692,27,Delhi,Male
2693,Customer_2693,32,Mumbai,Female
2694,Customer_2694,34,Pune,Male
2695,Customer_2695,57,Delhi,Female
2696,Customer_2696,35,Pune,Female
2697,Customer_2697,26,Hyderabad,Female
2698,Customer_2698,42,Pune,Male
2699,Customer_2699,57,Pune,Female
2700,Customer_2700,31,Mumbai,Male
2701,Customer_2701,42,Chennai,Female
2702,Customer_2702,39,Hyderabad,Female
2703,Customer_2703,47,Pune,Female
2704,Customer_2704,37,Pune,Male
2705,Customer_2705,38,Hyderabad,Male
2706,Customer_2706,61,Hyderabad,Female
2707,Customer_2707,49,Delhi,Male
2708,Customer_2708,63,Mumbai,Male
2709,Customer_2709,38,Hyderabad,Male
2710,Customer_2710,52,Hyderabad,Female
2711,Customer_2711,49,Bangalore,Male
2712,Customer_2712,47,Chennai,Female
2713,Customer_2713,56,Hyderabad,Female
2714,Customer_2714,29,Mumbai,Female
2715,Customer_2715,58,Chennai,Male
2716,Customer_2716,64,Chennai,Female
2717,Customer_2717,35,Pune,Male
2718,Customer_2718,38,Pune,Male
2719,Customer_2719,30,Pune,Female
2720,Customer_2720,38,Pune,Female
2721,Customer_2721,25,Bangalore,Female
2722,Customer_2722,63,Hyderabad,Male
2723,Customer_2723,57,Pune,Male
2724,Customer_2724,63,Delhi,Female
2725,Customer_2725,24,Pune,Female
2726,Customer_2726,40,Hyderabad,Male
2727,Customer_2727,61,Pune,Male
2728,Customer_2728,49,Bangalore,Female
2729,Customer_2729,28,Mumbai,Male
2730,Customer_2730,39,Mumbai,Male
2731,Customer_2731,39,Hyderabad,Male
2732,Customer_2732,60,Mumbai,Male
2733,Customer_2733,42,Mumbai,Male
2734,Customer_2734,39,Delhi,Male
2735,Customer_2735,45,Hyderabad,Female
2736,Customer_2736,46,Hyderabad,Male
2737,Customer_2737,30,Mumbai,Female
2738,Customer_2738,35,Mumbai,Female
2739,Customer_2739,19,Mumbai,Male
2740,Customer_2740,46,Chennai,Female
2741,Customer_2741,38,Bangalore,Female
2742,Customer_2742,32,Pune,Female
2743,Customer_2743,44,Bangalore,Male
2744,Customer_2744,48,Hyderabad,Female
2745,Customer_2745,32,Delhi,Male
2746,Customer_2746,40,Pune,Female
2747,Customer_2747,41,Delhi,Female
2748,Customer_2748,61,Chennai,Female
2749,Customer_2749,30,Hyderabad,Female
2750,Customer_2750,39,Chennai,Male
2751,Customer_2751,60,Hyderabad,Female
2752,Customer_2752,54,Delhi,Female
2753,Customer_2753,50,Delhi,Male
2754,Customer_2754,20,Delhi,Male
2755,Customer_2755,36,Hyderabad,Male
2756,Customer_2756,40,Mumbai,Female
2757,Customer_2757,46,Delhi,Male
2758,Customer_2758,47,Chennai,Male
2759,Customer_2759,56,Pune,Male
2760,Customer_2760,61,Hyderabad,Male
2761,Customer_2761,64,Chennai,Male
2762,Customer_2762,42,Bangalore,Male
2763,Customer_2763,54,Bangalore,Female
2764,Customer_2764,64,Pune,Male
2765,Customer_2765,25,Mumbai,Female
2766,Customer_2766,59,Delhi,Male
2767,Customer_2767,33,Hyderabad,Male
2768,Customer_2768,25,Chennai,Male
2769,Customer_2769,18,Delhi,Female
2770,Customer_2770,61,Chennai,Male
2771,Customer_2771,22,Hyderabad,Male
2772,Customer_2772,20,Bangalore,Male
2773,Customer_2773,18,Delhi,Male
2774,Customer_2774,21,Pune,Female
2775,Customer_2775,57,Mumbai,Female
2776,Customer_2776,52,Pune,Female
2777,Customer_2777,49,Mumbai,Female
2778,Customer_2778,59,Chennai,Female
2779,Customer_2779,51,Delhi,Male
2780,Customer_2780,60,Delhi,Male
2781,Customer_2781,42,Mumbai,Male
2782,Customer_2782,27,Bangalore,Female
2783,Customer_2783,38,Hyderabad,Male
2784,Customer_2784,63,Pune,Female
2785,Customer_2785,56,Chennai,Male
2786,Customer_2786,44,Pune,Female
2787,Customer_2787,44,Pune,Male
2788,Customer_2788,19,Chennai,Male
2789,Customer_2789,58,Chennai,Male
2790,Customer_2790,30,Delhi,Male
2791,Customer_2791,26,Pune,Female
2792,Customer_2792,53,Hyderabad,Male
2793,Customer_2793,39,Hyderabad,Male
2794,Customer_2794,59,Mumbai,Male
2795,Customer_2795,43,Chennai,Female
2796,Customer_2796,29,Delhi,Male
2797,Customer_2797,34,Hyderabad,Male
2798,Customer_2798,31,Bangalore,Male
2799,Customer_2799,31,Delhi,Male
2800,Customer_2800,51,Delhi,Male
2801,Customer_2801,37,Hyderabad,Female
2802,Customer_2802,28,Bangalore,Female
2803,Customer_2803,33,Mumbai,Female
2804,Customer_2804,48,Hyderabad,Male
2805,Customer_2805,23,Bangalore,Female
2806,Customer_2806,36,Delhi,Male
2807,Customer_2807,54,Bangalore,Male
2808,Customer_2808,21,Delhi,Male
2809,Customer_2809,64,Hyderabad,Male
2810,Customer_2810,21,Chennai,Female
2811,Customer_2811,37,Hyderabad,Female
2812,Customer_2812,27,Pune,Female
2813,Customer_2813,41,Pune,Male
2814,Customer_2814,52,Pune,Female
2815,Customer_2815,43,Hyderabad,Female
2816,Customer_2816,54,Mumbai,Male
2817,Customer_2817,55,Hyderabad,Female
2818,Customer_2818,38,Chennai,Male
2819,Customer_2819,57,Bangalore,Female
2820,Customer_2820,56,Hyderabad,Female
2821,Customer_2821,38,Hyderabad,Female
2822,Customer_2822,27,Delhi,Male
2823,Customer_2823,55,Delhi,Female
2824,Customer_2824,63,Delhi,Female
2825,Customer_2825,21,Hyderabad,Female
2826,Customer_2826,62,Mumbai,Female
2827,Customer_2827,37,Bangalore,Male
2828,Customer_2828,34,Bangalore,Male
2829,Customer_2829,24,Chennai,Female
2830,Customer_2830,21,Mumbai,Female
2831,Customer_2831,46,Mumbai,Female
2832,Customer_2832,31,Bangalore,Male
2833,Customer_2833,20,Pune,Female
2834,Customer_2834,41,Delhi,Female
2835,Customer_2835,54,Delhi,Male
2836,Customer_2836,33,Bangalore,Male
2837,Customer_2837,21,Mumbai,Male
2838,Customer_2838,41,Chennai,Female
2839,Customer_2839,51,Pune,Male
2840,Customer_2840,47,Bangalore,Male
2841,Customer_2841,35,Delhi,Female
2842,Customer_2842,36,Hyderabad,Male
2843,Customer_2843,48,Mumbai,Female
2844,Customer_2844,36,Hyderabad,Female
2845,Customer_2845,63,Chennai,Male
2846,Customer_2846,36,Bangalore,Female
2847,Customer_2847,39,Delhi,Male
2848,Customer_2848,41,Pune,Male
2849,Customer_2849,62,Hyderabad,Male
2850,Customer_2850,29,Pune,Female
2851,Customer_2851,47,Chennai,Male
2852,Customer_2852,55,Delhi,Female
2853,Customer_2853,48,Hyderabad,Female
2854,Customer_2854,53,Chennai,Female
2855,Customer_2855,36,Pune,Male
2856,Customer_2856,62,Pune,Female
2857,Customer_2857,53,Hyderabad,Female
2858,Customer_2858,47,Delhi,Male
2859,Customer_2859,50,Pune,Male
2860,Customer_2860,35,Bangalore,Female
2861,Customer_2861,45,Chennai,Female
2862,Customer_2862,64,Hyderabad,Male
2863,Customer_2863,28,Mumbai,Female
2864,Customer_2864,62,Mumbai,Female
2865,Customer_2865,50,Delhi,Female
2866,Customer_2866,34,Bangalore,Female
2867,Customer_2867,23,Pune,Male
2868,Customer_2868,21,Mumbai,Female
2869,Customer_2869,37,Delhi,Male
2870,Customer_2870,64,Chennai,Female
2871,Customer_2871,44,Bangalore,Male
2872,Customer_2872,32,Bangalore,Female
2873,Customer_2873,23,Delhi,Male
2874,Customer_2874,64,Delhi,Female
2875,Customer_2875,31,Pune,Male
2876,Customer_2876,28,Delhi,Female
2877,Customer_2877,56,Pune,Female
2878,Customer_2878,26,Pune,Male
2879,Customer_2879,43,Hyderabad,Male
2880,Customer_2880,33,Bangalore,Male
2881,Customer_2881,22,Chennai,Male
2882,Customer_2882,27,Bangalore,Male
2883,Customer_2883,20,Bangalore,Female
2884,Customer_2884,30,Hyderabad,Male
2885,Customer_2885,60,Pune,Male
2886,Customer_2886,47,Pune,Female
2887,Customer_2887,62,Delhi,Male
2888,Customer_2888,23,Hyderabad,Male
2889,Customer_2889,34,Delhi,Male
2890,Customer_2890,62,Hyderabad,Female
2891,Customer_2891,36,Delhi,Male
2892,Customer_2892,59,Mumbai,Female
2893,Customer_2893,52,Bangalore,Female
2894,Customer_2894,63,Bangalore,Male
2895,Customer_2895,43,Chennai,Female
2896,Customer_2896,22,Pune,Male
2897,Customer_2897,46,Chennai,Male
2898,Customer_2898,54,Mumbai,Male
2899,Customer_2899,37,Chennai,Male
2900,Customer_2900,38,Bangalore,Male
2901,Customer_2901,27,Pune,Female
2902,Customer_2902,22,Mumbai,Female
2903,Customer_2903,53,Bangalore,Female
2904,Customer_2904,23,Delhi,Female
2905,Customer_2905,43,Hyderabad,Male
2906,Customer_2906,21,Mumbai,Male
2907,Customer_2907,56,Pune,Female
2908,Customer_2908,56,Chennai,Male
2909,Customer_2909,52,Chennai,Female
2910,Customer_2910,18,Mumbai,Female
2911,Customer_2911,41,Pune,Female
2912,Customer_2912,53,Mumbai,Female
2913,Customer_2913,23,Pune,Male
2914,Customer_2914,58,Chennai,Male
2915,Customer_2915,63,Bangalore,Female
2916,Customer_2916,61,Delhi,Female
2917,Customer_2917,48,Bangalore,Female
2918,Customer_2918,37,Delhi,Female
2919,Customer_2919,41,Chennai,Female
2920,Customer_2920,42,Bangalore,Male
2921,Customer_2921,53,Bangalore,Female
2922,Customer_2922,38,Mumbai,Female
2923,Customer_2923,47,Hyderabad,Male
2924,Customer_2924,41,Chennai,Male
2925,Customer_2925,61,Pune,Male
2926,Customer_2926,59,Chennai,Male
2927,Customer_2927,47,Pune,Male
2928,Customer_2928,39,Pune,Male
2929,Customer_2929,45,Delhi,Male
2930,Customer_2930,24,Pune,Male
2931,Customer_2931,52,Pune,Male
2932,Customer_2932,45,Mumbai,Female
2933,Customer_2933,31,Bangalore,Male
2934,Customer_2934,27,Chennai,Female
2935,Customer_2935,33,Chennai,Female
2936,Customer_2936,33,Pune,Female
2937,Customer_2937,48,Hyderabad,Female
2938,Customer_2938,59,Chennai,Female
2939,Customer_2939,42,Pune,Female
2940,Customer_2940,30,Delhi,Female
2941,Customer_2941,23,Delhi,Female
2942,Customer_2942,61,Delhi,Male
2943,Customer_2943,26,Pune,Female
2944,Customer_2944,62,Mumbai,Female
2945,Customer_2945,53,Hyderabad,Female
2946,Customer_2946,60,Pune,Female
2947,Customer_2947,37,Mumbai,Male
2948,Customer_2948,35,Mumbai,Female
2949,Customer_2949,60,Chennai,Male
2950,Customer_2950,38,Pune,Male
2951,Customer_2951,21,Pune,Female
2952,Customer_2952,50,Mumbai,Female
2953,Customer_2953,44,Mumbai,Male
2954,Customer_2954,24,Mumbai,Female
2955,Customer_2955,23,Chennai,Female
2956,Customer_2956,32,Pune,Male
2957,Customer_2957,35,Mumbai,Male
2958,Customer_2958,49,Delhi,Female
2959,Customer_2959,28,Pune,Female
2960,Customer_2960,37,Chennai,Female
2961,Customer_2961,41,Delhi,Male
2962,Customer_2962,32,Bangalore,Female
2963,Customer_2963,24,Pune,Male
2964,Customer_2964,38,Bangalore,Male
2965,Customer_2965,59,Mumbai,Female
2966,Customer_2966,43,Chennai,Male
2967,Customer_2967,61,Mumbai,Female
2968,Customer_2968,31,Chennai,Female
2969,Customer_2969,54,Hyderabad,Male
2970,Customer_2970,38,Mumbai,Female
2971,Customer_2971,35,Bangalore,Male
2972,Customer_2972,22,Chennai,Male
2973,Customer_2973,20,Mumbai,Female
2974,Customer_2974,40,Pune,Female
2975,Customer_2975,43,Chennai,Female
2976,Customer_2976,54,Chennai,Female
2977,Customer_2977,41,Mumbai,Male
2978,Customer_2978,36,Hyderabad,Male
2979,Customer_2979,42,Mumbai,Male
2980,Customer_2980,38,Bangalore,Female
2981,Customer_2981,29,Bangalore,Male
2982,Customer_2982,58,Chennai,Male
2983,Customer_2983,50,Chennai,Female
2984,Customer_2984,21,Mumbai,Female
2985,Customer_2985,59,Bangalore,Female
2986,Customer_2986,24,Bangalore,Male
2987,Customer_2987,39,Hyderabad,Female
2988,Customer_2988,50,Pune,Male
2989,Customer_2989,34,Hyderabad,Male
2990,Customer_2990,41,Delhi,Male
2991,Customer_2991,51,Hyderabad,Male
2992,Customer_2992,45,Mumbai,Male
2993,Customer_2993,60,Pune,Female
2994,Customer_2994,58,Mumbai,Male
2995,Customer_2995,56,Delhi,Female
2996,Customer_2996,39,Pune,Male
2997,Customer_2997,34,Chennai,Male
2998,Customer_2998,51,Bangalore,Female
2999,Customer_2999,23,Hyderabad,Male
3000,Customer_3000,63,Mumbai,Male
3001,Customer_3001,23,Delhi,Female
3002,Customer_3002,51,Bangalore,Female
3003,Customer_3003,18,Hyderabad,Male
3004,Customer_3004,27,Bangalore,Male
3005,Customer_3005,38,Hyderabad,Male
3006,Customer_3006,22,Chennai,Female
3007,Customer_3007,19,Pune,Male
3008,Customer_3008,39,Bangalore,Female
3009,Customer_3009,19,Bangalore,Female
3010,Customer_3010,27,Bangalore,Male
3011,Customer_3011,51,Pune,Female
3012,Customer_3012,33,Delhi,Male
3013,Customer_3013,56,Hyderabad,Male
3014,Customer_3014,39,Chennai,Female
3015,Customer_3015,29,Bangalore,Female
3016,Customer_3016,41,Pune,Female
3017,Customer_3017,64,Delhi,Female
3018,Customer_3018,57,Hyderabad,Female
3019,Customer_3019,55,Pune,Female
3020,Customer_3020,27,Chennai,Male
3021,Customer_3021,52,Chennai,Male
3022,Customer_3022,49,Hyderabad,Male
3023,Customer_3023,24,Bangalore,Female
3024,Customer_3024,38,Chennai,Female
3025,Customer_3025,37,Delhi,Female
3026,Customer_3026,43,Pune,Male
3027,Customer_3027,21,Delhi,Male
3028,Customer_3028,63,Bangalore,Female
3029,Customer_3029,39,Delhi,Female
3030,Customer_3030,32,Delhi,Female
3031,Customer_3031,57,Mumbai,Female
3032,Customer_3032,38,Delhi,Male
3033,Customer_3033,32,Hyderabad,Male
3034,Customer_3034,39,Pune,Male
3035,Customer_3035,45,Mumbai,Female
3036,Customer_3036,31,Pune,Male
3037,Customer_3037,44,Pune,Female
3038,Customer_3038,58,Bangalore,Female
3039,Customer_3039,57,Bangalore,Female
3040,Customer_3040,45,Mumbai,Male
3041,Customer_3041,43,Chennai,Male
3042,Customer_3042,19,Bangalore,Female
3043,Customer_3043,42,Bangalore,Male
3044,Customer_3044,20,Bangalore,Female
3045,Customer_3045,25,Pune,Female
3046,Customer_3046,61,Mumbai,Female
3047,Customer_3047,50,Pune,Male
3048,Customer_3048,59,Hyderabad,Male
3049,Customer_3049,52,Pune,Female
3050,Customer_3050,23,Hyderabad,Male
3051,Customer_3051,56,Delhi,Male
3052,Customer_3052,40,Delhi,Male
3053,Customer_3053,42,Hyderabad,Male
3054,Customer_3054,60,Hyderabad,Female
3055,Customer_3055,36,Pune,Male
3056,Customer_3056,22,Hyderabad,Female
3057,Customer_3057,28,Mumbai,Female
3058,Customer_3058,29,Delhi,Male
3059,Customer_3059,27,Delhi,Female
3060,Customer_3060,25,Chennai,Female
3061,Customer_3061,41,Hyderabad,Male
3062,Customer_3062,45,Bangalore,Female
3063,Customer_3063,58,Bangalore,Female
3064,Customer_3064,53,Hyderabad,Male
3065,Customer_3065,54,Mumbai,Male
3066,Customer_3066,38,Bangalore,Male
3067,Customer_3067,25,Chennai,Male
3068,Customer_3068,26,Hyderabad,Male
3069,Customer_3069,64,Mumbai,Female
3070,Customer_3070,32,Mumbai,Female
3071,Customer_3071,63,Pune,Male
3072,Customer_3072,57,Mumbai,Male
3073,Customer_3073,35,Bangalore,Female
3074,Customer_3074,59,Bangalore,Male
3075,Customer_3075,37,Hyderabad,Male
3076,Customer_3076,23,Hyderabad,Female
3077,Customer_3077,29,Mumbai,Female
3078,Customer_3078,19,Chennai,Female
3079,Customer_3079,24,Delhi,Male
3080,Customer_3080,33,Pune,Female
3081,Customer_3081,20,Delhi,Male
3082,Customer_3082,62,Mumbai,Female
3083,Customer_3083,20,Mumbai,Male
3084,Customer_3084,44,Delhi,Male
3085,Customer_3085,60,Pune,Male
3086,Customer_3086,57,Delhi,Female
3087,Customer_3087,55,Hyderabad,Female
3088,Customer_3088,50,Bangalore,Female
3089,Customer_3089,45,Chennai,Male
3090,Customer_3090,18,Hyderabad,Female
3091,Customer_3091,25,Bangalore,Female
3092,Customer_3092,54,Chennai,Male
3093,Customer_3093,49,Chennai,Male
3094,Customer_3094,60,Chennai,Female
3095,Customer_3095,54,Mumbai,Female
3096,Customer_3096,21,Chennai,Female
3097,Customer_3097,47,Pune,Male
3098,Customer_3098,23,Delhi,Female
3099,Customer_3099,63,Pune,Male
3100,Customer_3100,36,Delhi,Male
3101,Customer_3101,49,Hyderabad,Female
3102,Customer_3102,26,Hyderabad,Female
3103,Customer_3103,29,Delhi,Male
3104,Customer_3104,28,Pune,Male
3105,Customer_3105,63,Delhi,Female
3106,Customer_3106,33,Chennai,Female
3107,Customer_3107,18,Mumbai,Female
3108,Customer_3108,62,Hyderabad,Male
3109,Customer_3109,38,Mumbai,Male
3110,Customer_3110,47,Chennai,Female
3111,Customer_3111,30,Chennai,Male
3112,Customer_3112,51,Hyderabad,Male
3113,Customer_3113,21,Hyderabad,Female
3114,Customer_3114,45,Chennai,Male
3115,Customer_3115,55,Bangalore,Female
3116,Customer_3116,48,Mumbai,Female
3117,Customer_3117,44,Mumbai,Male
3118,Customer_3118,22,Bangalore,Male
3119,Customer_3119,42,Pune,Female
3120,Customer_3120,20,Mumbai,Male
3121,Customer_3121,50,Delhi,Female
3122,Customer_3122,21,Chennai,Male
3123,Customer_3123,42,Chennai,Male
3124,Customer_3124,37,Bangalore,Male
3125,Customer_3125,51,Mumbai,Female
3126,Customer_3126,43,Pune,Male
3127,Customer_3127,22,Mumbai,Female
3128,Customer_3128,52,Chennai,Female
3129,Customer_3129,45,Hyderabad,Female
3130,Customer_3130,46,Delhi,Male
3131,Customer_3131,26,Bangalore,Female
3132,Customer_3132,55,Hyderabad,Female
3133,Customer_3133,23,Pune,Male
3134,Customer_3134,36,Hyderabad,Female
3135,Customer_3135,61,Hyderabad,Female
3136,Customer_3136,28,Pune,Male
3137,Customer_3137,19,Hyderabad,Female
3138,Customer_3138,64,Bangalore,Male
3139,Customer_3139,61,Chennai,Female
3140,Customer_3140,61,Mumbai,Female
3141,Customer_3141,26,Hyderabad,Male
3142,Customer_3142,38,Bangalore,Female
3143,Customer_3143,41,Mumbai,Female
3144,Customer_3144,51,Mumbai,Female
3145,Customer_3145,39,Hyderabad,Male
3146,Customer_3146,20,Bangalore,Male
3147,Customer_3147,29,Chennai,Male
3148,Customer_3148,45,Hyderabad,Male
3149,Customer_3149,47,Pune,Male
3150,Customer_3150,43,Mumbai,Female
3151,Customer_3151,38,Hyderabad,Male
3152,Customer_3152,45,Mumbai,Male
3153,Customer_3153,43,Bangalore,Male
3154,Customer_3154,50,Delhi,Female
3155,Customer_3155,38,Hyderabad,Female
3156,Customer_3156,52,Chennai,Male
3157,Customer_3157,51,Hyderabad,Female
3158,Customer_3158,58,Mumbai,Female
3159,Customer_3159,64,Bangalore,Female
3160,Customer_3160,35,Pune,Female
3161,Customer_3161,28,Chennai,Male
3162,Customer_3162,40,Bangalore,Male
3163,Customer_3163,39,Hyderabad,Female
3164,Customer_3164,34,Pune,Female
3165,Customer_3165,22,Bangalore,Female
3166,Customer_3166,61,Delhi,Female
3167,Customer_3167,28,Chennai,Male
3168,Customer_3168,47,Mumbai,Female
3169,Customer_3169,32,Bangalore,Male
3170,Customer_3170,44,Bangalore,Female
3171,Customer_3171,52,Delhi,Male
3172,Customer_3172,50,Hyderabad,Female
3173,Customer_3173,37,Chennai,Male
3174,Customer_3174,33,Chennai,Male
3175,Customer_3175,51,Mumbai,Male
3176,Customer_3176,19,Bangalore,Female
3177,Customer_3177,52,Pune,Male
3178,Customer_3178,57,Bangalore,Female
3179,Customer_3179,45,Mumbai,Male
3180,Customer_3180,64,Bangalore,Male
3181,Customer_3181,56,Delhi,Female
3182,Customer_3182,23,Bangalore,Male
3183,Customer_3183,26,Bangalore,Female
3184,Customer_3184,37,Pune,Female
3185,Customer_3185,18,Delhi,Female
3186,Customer_3186,25,Delhi,Female
3187,Customer_3187,40,Bangalore,Male
3188,Customer_3188,20,Chennai,Male
3189,Customer_3189,21,Pune,Female
3190,Customer_3190,42,Bangalore,Male
3191,Customer_3191,64,Bangalore,Male
3192,Customer_3192,55,Mumbai,Female
3193,Customer_3193,32,Mumbai,Male
3194,Customer_3194,38,Chennai,Female
3195,Customer_3195,52,Pune,Male
3196,Customer_3196,63,Hyderabad,Male
3197,Customer_3197,31,Mumbai,Female
3198,Customer_3198,53,Hyderabad,Male
3199,Customer_3199,29,Delhi,Male
3200,Customer_3200,34,Mumbai,Female
3201,Customer_3201,56,Mumbai,Male
3202,Customer_3202,26,Pune,Female
3203,Customer_3203,52,Chennai,Male
3204,Customer_3204,30,Hyderabad,Female
3205,Customer_3205,32,Mumbai,Female
3206,Customer_3206,35,Mumbai,Female
3207,Customer_3207,50,Pune,Female
3208,Customer_3208,23,Pune,Female
3209,Customer_3209,44,Chennai,Male
3210,Customer_3210,40,Hyderabad,Male
3211,Customer_3211,44,Delhi,Female
3212,Customer_3212,51,Chennai,Male
3213,Customer_3213,63,Delhi,Female
3214,Customer_3214,55,Bangalore,Male
3215,Customer_3215,31,Mumbai,Male
3216,Customer_3216,53,Hyderabad,Female
3217,Customer_3217,25,Chennai,Female
3218,Customer_3218,52,Mumbai,Male
3219,Customer_3219,36,Hyderabad,Male
3220,Customer_3220,47,Hyderabad,Female
3221,Customer_3221,31,Hyderabad,Male
3222,Customer_3222,37,Mumbai,Male
3223,Customer_3223,42,Chennai,Female
3224,Customer_3224,57,Pune,Male
3225,Customer_3225,41,Mumbai,Female
3226,Customer_3226,31,Hyderabad,Female
3227,Customer_3227,43,Chennai,Female
3228,Customer_3228,55,Bangalore,Male
3229,Customer_3229,40,Delhi,Male
3230,Customer_3230,39,Hyderabad,Female
3231,Customer_3231,36,Bangalore,Female
3232,Customer_3232,63,Pune,Male
3233,Customer_3233,20,Hyderabad,Male
3234,Customer_3234,59,Bangalore,Male
3235,Customer_3235,36,Hyderabad,Female
3236,Customer_3236,26,Mumbai,Female
3237,Customer_3237,45,Chennai,Male
3238,Customer_3238,37,Bangalore,Male
3239,Customer_3239,62,Chennai,Male
3240,Customer_3240,24,Mumbai,Female
3241,Customer_3241,31,Mumbai,Female
3242,Customer_3242,26,Chennai,Male
3243,Customer_3243,36,Bangalore,Male
3244,Customer_3244,64,Chennai,Female
3245,Customer_3245,31,Chennai,Female
3246,Customer_3246,55,Delhi,Male
3247,Customer_3247,53,Bangalore,Male
3248,Customer_3248,57,Delhi,Male
3249,Customer_3249,34,Hyderabad,Female
3250,Customer_3250,47,Chennai,Male
3251,Customer_3251,26,Hyderabad,Female
3252,Customer_3252,50,Bangalore,Female
3253,Customer_3253,42,Chennai,Male
3254,Customer_3254,31,Hyderabad,Male
3255,Customer_3255,28,Pune,Female
3256,Customer_3256,52,Mumbai,Male
3257,Customer_3257,58,Chennai,Female
3258,Customer_3258,31,Mumbai,Male
3259,Customer_3259,47,Delhi,Male
3260,Customer_3260,58,Hyderabad,Male
3261,Customer_3261,21,Delhi,Male
3262,Customer_3262,21,Chennai,Female
3263,Customer_3263,45,Mumbai,Female
3264,Customer_3264,25,Mumbai,Female
3265,Customer_3265,19,Hyderabad,Male
3266,Customer_3266,58,Chennai,Female
3267,Customer_3267,63,Pune,Female
3268,Customer_3268,39,Pune,Female
3269,Customer_3269,58,Hyderabad,Male
3270,Customer_3270,33,Chennai,Female
3271,Customer_3271,46,Hyderabad,Male
3272,Customer_3272,47,Chennai,Male
3273,Customer_3273,29,Delhi,Female
3274,Customer_3274,52,Hyderabad,Male
3275,Customer_3275,28,Chennai,Female
3276,Customer_3276,63,Pune,Female
3277,Customer_3277,38,Chennai,Female
3278,Customer_3278,38,Chennai,Female
3279,Customer_3279,22,Hyderabad,Female
3280,Customer_3280,37,Delhi,Male
3281,Customer_3281,54,Delhi,Female
3282,Customer_3282,20,Delhi,Male
3283,Customer_3283,61,Delhi,Female
3284,Customer_3284,50,Bangalore,Female
3285,Customer_3285,26,Hyderabad,Female
3286,Customer_3286,26,Mumbai,Male
3287,Customer_3287,21,Hyderabad,Male
3288,Customer_3288,52,Bangalore,Male
3289,Customer_3289,34,Delhi,Male
3290,Customer_3290,51,Bangalore,Female
3291,Customer_3291,41,Pune,Female
3292,Customer_3292,49,Pune,Male
3293,Customer_3293,18,Hyderabad,Male
3294,Customer_3294,25,Hyderabad,Male
3295,Customer_3295,62,Mumbai,Female
3296,Customer_3296,40,Mumbai,Male
3297,Customer_3297,64,Pune,Male
3298,Customer_3298,57,Delhi,Female
3299,Customer_3299,29,Bangalore,Male
3300,Customer_3300,29,Mumbai,Female
3301,Customer_3301,63,Chennai,Female
3302,Customer_3302,64,Mumbai,Female
3303,Customer_3303,32,Delhi,Female
3304,Customer_3304,58,Delhi,Female
3305,Customer_3305,36,Hyderabad,Male
3306,Customer_3306,43,Bangalore,Male
3307,Customer_3307,46,Delhi,Female
3308,Customer_3308,39,Mumbai,Female
3309,Customer_3309,57,Mumbai,Male
3310,Customer_3310,38,Pune,Male
3311,Customer_3311,55,Delhi,Female
3312,Customer_3312,37,Chennai,Male
3313,Customer_3313,46,Hyderabad,Male
3314,Customer_3314,21,Bangalore,Female
3315,Customer_3315,24,Chennai,Male
3316,Customer_3316,45,Hyderabad,Male
3317,Customer_3317,45,Mumbai,Male
3318,Customer_3318,21,Chennai,Male
3319,Customer_3319,39,Hyderabad,Female
3320,Customer_3320,29,Mumbai,Male
3321,Customer_3321,62,Mumbai,Female
3322,Customer_3322,20,Mumbai,Male
3323,Customer_3323,39,Mumbai,Female
3324,Customer_3324,61,Mumbai,Female
3325,Customer_3325,19,Pune,Male
3326,Customer_3326,41,Chennai,Female
3327,Customer_3327,51,Hyderabad,Female
3328,Customer_3328,44,Pune,Female
3329,Customer_3329,58,Pune,Female
3330,Customer_3330,18,Delhi,Female
3331,Customer_3331,25,Delhi,Male
3332,Customer_3332,40,Delhi,Female
3333,Customer_3333,55,Bangalore,Female
3334,Customer_3334,23,Delhi,Male
3335,Customer_3335,39,Hyderabad,Male
3336,Customer_3336,42,Pune,Female
3337,Customer_3337,35,Hyderabad,Male
3338,Customer_3338,34,Chennai,Male
3339,Customer_3339,29,Delhi,Male
3340,Customer_3340,23,Bangalore,Male
3341,Customer_3341,43,Chennai,Male
3342,Customer_3342,44,Bangalore,Male
3343,Customer_3343,25,Chennai,Female
3344,Customer_3344,36,Pune,Female
3345,Customer_3345,59,Hyderabad,Male
3346,Customer_3346,18,Mumbai,Male
3347,Customer_3347,46,Hyderabad,Female
3348,Customer_3348,62,Delhi,Male
3349,Customer_3349,52,Mumbai,Female
3350,Customer_3350,57,Bangalore,Male
3351,Customer_3351,31,Pune,Female
3352,Customer_3352,52,Pune,Female
3353,Customer_3353,62,Bangalore,Male
3354,Customer_3354,37,Delhi,Male
3355,Customer_3355,30,Bangalore,Male
3356,Customer_3356,55,Chennai,Male
3357,Customer_3357,63,Delhi,Female
3358,Customer_3358,25,Mumbai,Male
3359,Customer_3359,60,Bangalore,Female
3360,Customer_3360,37,Delhi,Male
3361,Customer_3361,50,Mumbai,Female
3362,Customer_3362,43,Bangalore,Male
3363,Customer_3363,56,Pune,Male
3364,Customer_3364,38,Bangalore,Female
3365,Customer_3365,59,Hyderabad,Male
3366,Customer_3366,60,Bangalore,Male
3367,Customer_3367,58,Hyderabad,Male
3368,Customer_3368,26,Mumbai,Male
3369,Customer_3369,41,Bangalore,Male
3370,Customer_3370,54,Mumbai,Female
3371,Customer_3371,58,Mumbai,Male
3372,Customer_3372,34,Delhi,Female
3373,Customer_3373,41,Mumbai,Male
3374,Customer_3374,38,Mumbai,Male
3375,Customer_3375,56,Bangalore,Female
3376,Customer_3376,58,Bangalore,Female
3377,Customer_3377,56,Pune,Female
3378,Customer_3378,30,Delhi,Female
3379,Customer_3379,28,Mumbai,Female
3380,Customer_3380,63,Delhi,Male
3381,Customer_3381,36,Hyderabad,Female
3382,Customer_3382,28,Mumbai,Female
3383,Customer_3383,30,Delhi,Male
3384,Customer_3384,63,Pune,Male
3385,Customer_3385,62,Pune,Female
3386,Customer_3386,18,Mumbai,Female
3387,Customer_3387,57,Hyderabad,Female
3388,Customer_3388,61,Pune,Male
3389,Customer_3389,36,Pune,Female
3390,Customer_3390,29,Hyderabad,Male
3391,Customer_3391,25,Delhi,Male
3392,Customer_3392,25,Pune,Male
3393,Customer_3393,62,Bangalore,Male
3394,Customer_3394,29,Chennai,Female
3395,Customer_3395,50,Chennai,Male
3396,Customer_3396,62,Pune,Male
3397,Customer_3397,43,Delhi,Female
3398,Customer_3398,56,Delhi,Male
3399,Customer_3399,45,Mumbai,Female
3400,Customer_3400,22,Bangalore,Male
3401,Customer_3401,25,Delhi,Female
3402,Customer_3402,42,Hyderabad,Male
3403,Customer_3403,44,Bangalore,Male
3404,Customer_3404,63,Chennai,Female
3405,Customer_3405,40,Bangalore,Male
3406,Customer_3406,47,Hyderabad,Male
3407,Customer_3407,62,Pune,Female
3408,Customer_3408,64,Hyderabad,Male
3409,Customer_3409,40,Hyderabad,Male
3410,Customer_3410,64,Pune,Female
3411,Customer_3411,37,Pune,Female
3412,Customer_3412,35,Pune,Female
3413,Customer_3413,35,Pune,Female
3414,Customer_3414,19,Pune,Female
3415,Customer_3415,21,Hyderabad,Male
3416,Customer_3416,47,Mumbai,Female
3417,Customer_3417,50,Mumbai,Male
3418,Customer_3418,53,Delhi,Female
3419,Customer_3419,35,Mumbai,Male
3420,Customer_3420,54,Chennai,Male
3421,Customer_3421,36,Mumbai,Female
3422,Customer_3422,64,Hyderabad,Male
3423,Customer_3423,45,Pune,Male
3424,Customer_3424,57,Pune,Female
3425,Customer_3425,37,Hyderabad,Female
3426,Customer_3426,50,Chennai,Female
3427,Customer_3427,29,Mumbai,Female
3428,Customer_3428,32,Hyderabad,Male
3429,Customer_3429,58,Delhi,Male
3430,Customer_3430,56,Pune,Male
3431,Customer_3431,19,Bangalore,Male
3432,Customer_3432,46,Delhi,Male
3433,Customer_3433,58,Chennai,Male
3434,Customer_3434,27,Delhi,Female
3435,Customer_3435,19,Hyderabad,Male
3436,Customer_3436,28,Mumbai,Male
3437,Customer_3437,30,Pune,Male
3438,Customer_3438,27,Chennai,Female
3439,Customer_3439,31,Chennai,Female
3440,Customer_3440,35,Bangalore,Female
3441,Customer_3441,26,Delhi,Female
3442,Customer_3442,56,Bangalore,Male
3443,Customer_3443,45,Mumbai,Male
3444,Customer_3444,20,Mumbai,Male
3445,Customer_3445,37,Bangalore,Female
3446,Customer_3446,23,Pune,Male
3447,Customer_3447,44,Mumbai,Male
3448,Customer_3448,19,Bangalore,Male
3449,Customer_3449,46,Delhi,Female
3450,Customer_3450,55,Bangalore,Female
3451,Customer_3451,20,Bangalore,Female
3452,Customer_3452,33,Hyderabad,Male
3453,Customer_3453,47,Mumbai,Male
3454,Customer_3454,57,Pune,Male
3455,Customer_3455,19,Pune,Male
3456,Customer_3456,34,Hyderabad,Female
3457,Customer_3457,58,Chennai,Male
3458,Customer_3458,29,Pune,Female
3459,Customer_3459,52,Bangalore,Male
3460,Customer_3460,60,Hyderabad,Female
3461,Customer_3461,18,Delhi,Male
3462,Customer_3462,62,Mumbai,Male
3463,Customer_3463,32,Mumbai,Female
3464,Customer_3464,43,Mumbai,Female
3465,Customer_3465,54,Bangalore,Male
3466,Customer_3466,38,Delhi,Male
3467,Customer_3467,48,Hyderabad,Male
3468,Customer_3468,42,Hyderabad,Female
3469,Customer_3469,40,Mumbai,Male
3470,Customer_3470,41,Delhi,Female
3471,Customer_3471,55,Delhi,Male
3472,Customer_3472,45,Delhi,Male
3473,Customer_3473,38,Pune,Male
3474,Customer_3474,60,Pune,Male
3475,Customer_3475,35,Mumbai,Female
3476,Customer_3476,53,Delhi,Female
3477,Customer_3477,52,Chennai,Male
3478,Customer_3478,62,Delhi,Male
3479,Customer_3479,26,Hyderabad,Male
3480,Customer_3480,55,Hyderabad,Female
3481,Customer_3481,47,Mumbai,Male
3482,Customer_3482,61,Chennai,Female
3483,Customer_3483,51,Delhi,Female
3484,Customer_3484,49,Chennai,Female
3485,Customer_3485,20,Mumbai,Female
3486,Customer_3486,20,Hyderabad,Male
3487,Customer_3487,45,Hyderabad,Male
3488,Customer_3488,61,Pune,Female
3489,Customer_3489,32,Mumbai,Male
3490,Customer_3490,58,Mumbai,Male
3491,Customer_3491,40,Delhi,Male
3492,Customer_3492,57,Delhi,Female
3493,Customer_3493,28,Pune,Male
3494,Customer_3494,49,Bangalore,Male
3495,Customer_3495,53,Chennai,Male
3496,Customer_3496,50,Bangalore,Male
3497,Customer_3497,41,Bangalore,Male
3498,Customer_3498,56,Mumbai,Male
3499,Customer_3499,51,Chennai,Male
3500,Customer_3500,45,Mumbai,Male
3501,Customer_3501,54,Chennai,Male
3502,Customer_3502,24,Hyderabad,Male
3503,Customer_3503,21,Mumbai,Female
3504,Customer_3504,54,Mumbai,Male
3505,Customer_3505,18,Mumbai,Female
3506,Customer_3506,18,Pune,Male
3507,Customer_3507,64,Mumbai,Female
3508,Customer_3508,37,Delhi,Female
3509,Customer_3509,36,Delhi,Male
3510,Customer_3510,46,Chennai,Female
3511,Customer_3511,27,Hyderabad,Female
3512,Customer_3512,35,Pune,Female
3513,Customer_3513,45,Chennai,Male
3514,Customer_3514,52,Delhi,Female
3515,Customer_3515,60,Pune,Female
3516,Customer_3516,64,Pune,Male
3517,Customer_3517,48,Hyderabad,Female
3518,Customer_3518,44,Pune,Female
3519,Customer_3519,28,Mumbai,Female
3520,Customer_3520,55,Pune,Male
3521,Customer_3521,22,Hyderabad,Female
3522,Customer_3522,25,Chennai,Male
3523,Customer_3523,51,Hyderabad,Female
3524,Customer_3524,29,Hyderabad,Female
3525,Customer_3525,55,Delhi,Female
3526,Customer_3526,18,Mumbai,Female
3527,Customer_3527,48,Delhi,Male
3528,Customer_3528,21,Chennai,Female
3529,Customer_3529,62,Bangalore,Male
3530,Customer_3530,22,Chennai,Female
3531,Customer_3531,47,Mumbai,Male
3532,Customer_3532,41,Pune,Female
3533,Customer_3533,20,Hyderabad,Female
3534,Customer_3534,28,Bangalore,Male
3535,Customer_3535,62,Mumbai,Male
3536,Customer_3536,21,Delhi,Male
3537,Customer_3537,43,Hyderabad,Male
3538,Customer_3538,44,Chennai,Female
3539,Customer_3539,63,Delhi,Male
3540,Customer_3540,60,Mumbai,Male
3541,Customer_3541,44,Mumbai,Male
3542,Customer_3542,59,Chennai,Female
3543,Customer_3543,23,Bangalore,Female
3544,Customer_3544,32,Chennai,Female
3545,Customer_3545,47,Pune,Female
3546,Customer_3546,59,Delhi,Male
3547,Customer_3547,54,Bangalore,Female
3548,Customer_3548,54,Hyderabad,Male
3549,Customer_3549,59,Pune,Female
3550,Customer_3550,54,Bangalore,Male
3551,Customer_3551,52,Delhi,Male
3552,Customer_3552,40,Mumbai,Male
3553,Customer_3553,23,Hyderabad,Male
3554,Customer_3554,21,Chennai,Male
3555,Customer_3555,35,Delhi,Female
3556,Customer_3556,26,Pune,Male
3557,Customer_3557,46,Pune,Male
3558,Customer_3558,30,Mumbai,Male
3559,Customer_3559,64,Mumbai,Male
3560,Customer_3560,34,Hyderabad,Female
3561,Customer_3561,62,Chennai,Female
3562,Customer_3562,49,Hyderabad,Male
3563,Customer_3563,39,Mumbai,Male
3564,Customer_3564,21,Mumbai,Male
3565,Customer_3565,22,Pune,Male
3566,Customer_3566,54,Mumbai,Female
3567,Customer_3567,58,Bangalore,Female
3568,Customer_3568,30,Delhi,Male
3569,Customer_3569,51,Mumbai,Male
3570,Customer_3570,62,Hyderabad,Male
3571,Customer_3571,39,Chennai,Male
3572,Customer_3572,40,Chennai,Male
3573,Customer_3573,20,Chennai,Female
3574,Customer_3574,59,Bangalore,Female
3575,Customer_3575,51,Hyderabad,Male
3576,Customer_3576,49,Bangalore,Female
3577,Customer_3577,62,Mumbai,Female
3578,Customer_3578,38,Delhi,Female
3579,Customer_3579,63,Chennai,Male
3580,Customer_3580,61,Hyderabad,Female
3581,Customer_3581,38,Chennai,Female
3582,Customer_3582,61,Bangalore,Male
3583,Customer_3583,28,Pune,Female
3584,Customer_3584,56,Mumbai,Male
3585,Customer_3585,21,Delhi,Female
3586,Customer_3586,18,Mumbai,Male
3587,Customer_3587,45,Pune,Male
3588,Customer_3588,41,Delhi,Female
3589,Customer_3589,52,Pune,Female
3590,Customer_3590,30,Mumbai,Male
3591,Customer_3591,64,Bangalore,Male
3592,Customer_3592,51,Mumbai,Female
3593,Customer_3593,28,Mumbai,Female
3594,Customer_3594,53,Mumbai,Female
3595,Customer_3595,34,Hyderabad,Female
3596,Customer_3596,52,Pune,Male
3597,Customer_3597,35,Pune,Male
3598,Customer_3598,57,Chennai,Male
3599,Customer_3599,39,Pune,Female
3600,Customer_3600,41,Chennai,Female
3601,Customer_3601,36,Hyderabad,Male
3602,Customer_3602,54,Bangalore,Male
3603,Customer_3603,56,Chennai,Male
3604,Customer_3604,38,Mumbai,Male
3605,Customer_3605,25,Bangalore,Male
3606,Customer_3606,45,Hyderabad,Male
3607,Customer_3607,22,Pune,Female
3608,Customer_3608,34,Chennai,Male
3609,Customer_3609,54,Mumbai,Male
3610,Customer_3610,53,Delhi,Male
3611,Customer_3611,36,Delhi,Male
3612,Customer_3612,44,Bangalore,Male
3613,Customer_3613,51,Pune,Male
3614,Customer_3614,28,Delhi,Male
3615,Customer_3615,62,Bangalore,Female
3616,Customer_3616,64,Hyderabad,Male
3617,Customer_3617,29,Bangalore,Female
3618,Customer_3618,38,Bangalore,Female
3619,Customer_3619,28,Bangalore,Female
3620,Customer_3620,56,Mumbai,Male
3621,Customer_3621,45,Bangalore,Male
3622,Customer_3622,22,Chennai,Male
3623,Customer_3623,34,Bangalore,Male
3624,Customer_3624,37,Mumbai,Male
3625,Customer_3625,58,Mumbai,Male
3626,Customer_3626,63,Hyderabad,Male
3627,Customer_3627,29,Pune,Male
3628,Customer_3628,23,Delhi,Male
3629,Customer_3629,34,Delhi,Male
3630,Customer_3630,36,Bangalore,Female
3631,Customer_3631,43,Hyderabad,Male
3632,Customer_3632,61,Bangalore,Male
3633,Customer_3633,61,Delhi,Male
3634,Customer_3634,49,Mumbai,Female
3635,Customer_3635,23,Pune,Male
3636,Customer_3636,53,Hyderabad,Male
3637,Customer_3637,55,Mumbai,Female
3638,Customer_3638,28,Pune,Male
3639,Customer_3639,50,Hyderabad,Female
3640,Customer_3640,41,Hyderabad,Female
3641,Customer_3641,40,Delhi,Female
3642,Customer_3642,32,Mumbai,Female
3643,Customer_3643,44,Hyderabad,Male
3644,Customer_3644,28,Chennai,Female
3645,Customer_3645,34,Hyderabad,Female
3646,Customer_3646,31,Pune,Male
3647,Customer_3647,44,Delhi,Male
3648,Customer_3648,35,Bangalore,Male
3649,Customer_3649,45,Delhi,Female
3650,Customer_3650,64,Bangalore,Male
3651,Customer_3651,64,Mumbai,Female
3652,Customer_3652,21,Mumbai,Female
3653,Customer_3653,24,Hyderabad,Male
3654,Customer_3654,62,Chennai,Male
3655,Customer_3655,52,Mumbai,Male
3656,Customer_3656,26,Hyderabad,Male
3657,Customer_3657,25,Delhi,Male
3658,Customer_3658,62,Mumbai,Male
3659,Customer_3659,34,Delhi,Female
3660,Customer_3660,34,Delhi,Female
3661,Customer_3661,50,Chennai,Male
3662,Customer_3662,49,Mumbai,Female
3663,Customer_3663,25,Delhi,Female
3664,Customer_3664,36,Chennai,Female
3665,Customer_3665,55,Chennai,Female
3666,Customer_3666,20,Mumbai,Female
3667,Customer_3667,22,Chennai,Female
3668,Customer_3668,30,Mumbai,Male
3669,Customer_3669,64,Mumbai,Male
3670,Customer_3670,63,Bangalore,Male
3671,Customer_3671,48,Delhi,Female
3672,Customer_3672,33,Pune,Male
3673,Customer_3673,49,Mumbai,Male
3674,Customer_3674,39,Delhi,Male
3675,Customer_3675,46,Chennai,Female
3676,Customer_3676,39,Hyderabad,Male
3677,Customer_3677,60,Mumbai,Female
3678,Customer_3678,20,Chennai,Male
3679,Customer_3679,27,Chennai,Male
3680,Customer_3680,59,Chennai,Male
3681,Customer_3681,38,Chennai,Female
3682,Customer_3682,33,Chennai,Female
3683,Customer_3683,29,Mumbai,Female
3684,Customer_3684,19,Pune,Female
3685,Customer_3685,58,Bangalore,Female
3686,Customer_3686,41,Chennai,Male
3687,Customer_3687,52,Chennai,Male
3688,Customer_3688,47,Bangalore,Female
3689,Customer_3689,47,Mumbai,Female
3690,Customer_3690,64,Delhi,Male
3691,Customer_3691,52,Hyderabad,Female
3692,Customer_3692,36,Hyderabad,Male
3693,Customer_3693,25,Delhi,Female
3694,Customer_3694,43,Mumbai,Male
3695,Customer_3695,57,Hyderabad,Female
3696,Customer_3696,24,Bangalore,Female
3697,Customer_3697,47,Delhi,Male
3698,Customer_3698,24,Pune,Male
3699,Customer_3699,20,Mumbai,Female
3700,Customer_3700,18,Delhi,Female
3701,Customer_3701,53,Hyderabad,Male
3702,Customer_3702,42,Mumbai,Female
3703,Customer_3703,54,Bangalore,Male
3704,Customer_3704,18,Mumbai,Male
3705,Customer_3705,32,Mumbai,Female
3706,Customer_3706,54,Bangalore,Male
3707,Customer_3707,30,Chennai,Male
3708,Customer_3708,57,Bangalore,Female
3709,Customer_3709,25,Mumbai,Male
3710,Customer_3710,22,Bangalore,Male
3711,Customer_3711,26,Chennai,Male
3712,Customer_3712,18,Delhi,Male
3713,Customer_3713,53,Bangalore,Female
3714,Customer_3714,52,Bangalore,Male
3715,Customer_3715,19,Mumbai,Female
3716,Customer_3716,57,Delhi,Male
3717,Customer_3717,40,Pune,Female
3718,Customer_3718,26,Pune,Male
3719,Customer_3719,51,Hyderabad,Female
3720,Customer_3720,63,Bangalore,Male
3721,Customer_3721,31,Bangalore,Male
3722,Customer_3722,21,Delhi,Male
3723,Customer_3723,47,Chennai,Male
3724,Customer_3724,48,Pune,Female
3725,Customer_3725,55,Hyderabad,Female
3726,Customer_3726,28,Delhi,Male
3727,Customer_3727,52,Bangalore,Female
3728,Customer_3728,25,Pune,Male
3729,Customer_3729,20,Hyderabad,Male
3730,Customer_3730,31,Mumbai,Female
3731,Customer_3731,30,Pune,Female
3732,Customer_3732,62,Hyderabad,Female
3733,Customer_3733,49,Delhi,Male
3734,Customer_3734,51,Mumbai,Male
3735,Customer_3735,62,Hyderabad,Female
3736,Customer_3736,36,Hyderabad,Male
3737,Customer_3737,55,Bangalore,Female
3738,Customer_3738,33,Chennai,Female
3739,Customer_3739,19,Pune,Female
3740,Customer_3740,57,Bangalore,Female
3741,Customer_3741,34,Mumbai,Female
3742,Customer_3742,51,Chennai,Female
3743,Customer_3743,59,Hyderabad,Male
3744,Customer_3744,33,Bangalore,Male
3745,Customer_3745,55,Chennai,Female
3746,Customer_3746,19,Pune,Female
3747,Customer_3747,19,Mumbai,Female
3748,Customer_3748,43,Delhi,Male
3749,Customer_3749,30,Bangalore,Female
3750,Customer_3750,64,Mumbai,Female
3751,Customer_3751,48,Delhi,Female
3752,Customer_3752,51,Bangalore,Male
3753,Customer_3753,56,Mumbai,Female
3754,Customer_3754,20,Mumbai,Male
3755,Customer_3755,25,Chennai,Male
3756,Customer_3756,40,Bangalore,Female
3757,Customer_3757,31,Mumbai,Male
3758,Customer_3758,44,Hyderabad,Male
3759,Customer_3759,46,Bangalore,Male
3760,Customer_3760,56,Mumbai,Female
3761,Customer_3761,56,Chennai,Male
3762,Customer_3762,18,Delhi,Female
3763,Customer_3763,34,Delhi,Female
3764,Customer_3764,58,Hyderabad,Female
3765,Customer_3765,47,Bangalore,Male
3766,Customer_3766,30,Chennai,Female
3767,Customer_3767,38,Mumbai,Male
3768,Customer_3768,36,Mumbai,Male
3769,Customer_3769,36,Delhi,Male
3770,Customer_3770,42,Chennai,Male
3771,Customer_3771,39,Hyderabad,Female
3772,Customer_3772,48,Delhi,Female
3773,Customer_3773,34,Delhi,Male
3774,Customer_3774,40,Hyderabad,Female
3775,Customer_3775,49,Bangalore,Female
3776,Customer_3776,27,Mumbai,Female
3777,Customer_3777,27,Bangalore,Male
3778,Customer_3778,53,Chennai,Female
3779,Customer_3779,25,Pune,Male
3780,Customer_3780,37,Pune,Female
3781,Customer_3781,49,Pune,Male
3782,Customer_3782,31,Hyderabad,Male
3783,Customer_3783,45,Delhi,Male
3784,Customer_3784,63,Bangalore,Female
3785,Customer_3785,41,Mumbai,Male
3786,Customer_3786,32,Pune,Female
3787,Customer_3787,39,Bangalore,Male
3788,Customer_3788,47,Pune,Female
3789,Customer_3789,21,Pune,Male
3790,Customer_3790,30,Mumbai,Female
3791,Customer_3791,40,Chennai,Male
3792,Customer_3792,25,Chennai,Male
3793,Customer_3793,35,Chennai,Male
3794,Customer_3794,29,Hyderabad,Female
3795,Customer_3795,48,Delhi,Male
3796,Customer_3796,31,Hyderabad,Male
3797,Customer_3797,51,Bangalore,Male
3798,Customer_3798,35,Hyderabad,Male
3799,Customer_3799,51,Bangalore,Female
3800,Customer_3800,28,Bangalore,Male
3801,Customer_3801,58,Delhi,Male
3802,Customer_3802,29,Mumbai,Female
3803,Customer_3803,32,Delhi,Female
3804,Customer_3804,48,Chennai,Female
3805,Customer_3805,46,Chennai,Male
3806,Customer_3806,43,Hyderabad,Female
3807,Customer_3807,35,Bangalore,Female
3808,Customer_3808,49,Pune,Female
3809,Customer_3809,39,Pune,Male
3810,Customer_3810,55,Bangalore,Male
3811,Customer_3811,34,Delhi,Male
3812,Customer_3812,40,Mumbai,Female
3813,Customer_3813,41,Delhi,Male
3814,Customer_3814,25,Bangalore,Female
3815,Customer_3815,58,Bangalore,Female
3816,Customer_3816,23,Mumbai,Female
3817,Customer_3817,22,Hyderabad,Male
3818,Customer_3818,61,Hyderabad,Female
3819,Customer_3819,46,Mumbai,Female
3820,Customer_3820,45,Hyderabad,Male
3821,Customer_3821,28,Pune,Female
3822,Customer_3822,18,Hyderabad,Female
3823,Customer_3823,60,Hyderabad,Female
3824,Customer_3824,36,Hyderabad,Male
3825,Customer_3825,26,Pune,Female
3826,Customer_3826,44,Hyderabad,Male
3827,Customer_3827,51,Chennai,Male
3828,Customer_3828,61,Pune,Female
3829,Customer_3829,21,Mumbai,Female
3830,Customer_3830,53,Delhi,Female
3831,Customer_3831,35,Mumbai,Female
3832,Customer_3832,32,Delhi,Male
3833,Customer_3833,30,Mumbai,Male
3834,Customer_3834,36,Chennai,Female
3835,Customer_3835,23,Delhi,Male
3836,Customer_3836,29,Delhi,Female
3837,Customer_3837,54,Bangalore,Female
3838,Customer_3838,34,Delhi,Female
3839,Customer_3839,40,Delhi,Female
3840,Customer_3840,43,Bangalore,Male
3841,Customer_3841,46,Hyderabad,Male
3842,Customer_3842,50,Hyderabad,Female
3843,Customer_3843,44,Bangalore,Female
3844,Customer_3844,42,Pune,Male
3845,Customer_3845,27,Delhi,Male
3846,Customer_3846,64,Delhi,Male
3847,Customer_3847,40,Bangalore,Female
3848,Customer_3848,38,Bangalore,Male
3849,Customer_3849,38,Pune,Female
3850,Customer_3850,60,Chennai,Female
3851,Customer_3851,30,Hyderabad,Male
3852,Customer_3852,54,Mumbai,Female
3853,Customer_3853,50,Chennai,Male
3854,Customer_3854,41,Hyderabad,Female
3855,Customer_3855,61,Delhi,Female
3856,Customer_3856,28,Chennai,Female
3857,Customer_3857,34,Bangalore,Female
3858,Customer_3858,21,Pune,Female
3859,Customer_3859,64,Hyderabad,Female
3860,Customer_3860,42,Pune,Male
3861,Customer_3861,47,Hyderabad,Male
3862,Customer_3862,26,Chennai,Female
3863,Customer_3863,38,Delhi,Male
3864,Customer_3864,37,Mumbai,Female
3865,Customer_3865,36,Pune,Male
3866,Customer_3866,36,Pune,Male
3867,Customer_3867,29,Mumbai,Female
3868,Customer_3868,54,Pune,Male
3869,Customer_3869,59,Pune,Female
3870,Customer_3870,34,Hyderabad,Male
3871,Customer_3871,54,Hyderabad,Female
3872,Customer_3872,56,Mumbai,Male
3873,Customer_3873,45,Delhi,Female
3874,Customer_3874,58,Chennai,Male
3875,Customer_3875,52,Chennai,Female
3876,Customer_3876,64,Pune,Male
3877,Customer_3877,35,Delhi,Female
3878,Customer_3878,31,Mumbai,Male
3879,Customer_3879,52,Mumbai,Female
3880,Customer_3880,61,Hyderabad,Male
3881,Customer_3881,58,Pune,Female
3882,Customer_3882,24,Bangalore,Female
3883,Customer_3883,58,Mumbai,Female
3884,Customer_3884,30,Pune,Female
3885,Customer_3885,35,Delhi,Male
3886,Customer_3886,54,Hyderabad,Male
3887,Customer_3887,30,Chennai,Male
3888,Customer_3888,53,Delhi,Female
3889,Customer_3889,48,Mumbai,Female
3890,Customer_3890,19,Mumbai,Female
3891,Customer_3891,33,Delhi,Female
3892,Customer_3892,26,Mumbai,Female
3893,Customer_3893,26,Pune,Male
3894,Customer_3894,55,Mumbai,Male
3895,Customer_3895,28,Hyderabad,Male
3896,Customer_3896,39,Pune,Female
3897,Customer_3897,50,Bangalore,Female
3898,Customer_3898,53,Mumbai,Female
3899,Customer_3899,62,Mumbai,Female
3900,Customer_3900,40,Hyderabad,Female
3901,Customer_3901,62,Hyderabad,Female
3902,Customer_3902,62,Chennai,Female
3903,Customer_3903,51,Delhi,Male
3904,Customer_3904,26,Delhi,Male
3905,Customer_3905,41,Delhi,Female
3906,Customer_3906,25,Hyderabad,Female
3907,Customer_3907,24,Delhi,Female
3908,Customer_3908,53,Delhi,Male
3909,Customer_3909,35,Bangalore,Male
3910,Customer_3910,20,Delhi,Female
3911,Customer_3911,45,Mumbai,Male
3912,Customer_3912,23,Chennai,Male
3913,Customer_3913,61,Hyderabad,Male
3914,Customer_3914,61,Pune,Female
3915,Customer_3915,38,Chennai,Male
3916,Customer_3916,45,Bangalore,Male
3917,Customer_3917,57,Hyderabad,Female
3918,Customer_3918,18,Hyderabad,Female
3919,Customer_3919,53,Mumbai,Male
3920,Customer_3920,38,Chennai,Female
3921,Customer_3921,60,Chennai,Male
3922,Customer_3922,52,Delhi,Male
3923,Customer_3923,30,Mumbai,Female
3924,Customer_3924,27,Delhi,Female
3925,Customer_3925,61,Delhi,Male
3926,Customer_3926,64,Hyderabad,Female
3927,Customer_3927,27,Chennai,Female
3928,Customer_3928,63,Delhi,Male
3929,Customer_3929,30,Bangalore,Male
3930,Customer_3930,54,Bangalore,Male
3931,Customer_3931,55,Chennai,Male
3932,Customer_3932,41,Bangalore,Male
3933,Customer_3933,19,Hyderabad,Male
3934,Customer_3934,39,Mumbai,Female
3935,Customer_3935,34,Pune,Female
3936,Customer_3936,53,Delhi,Male
3937,Customer_3937,31,Pune,Female
3938,Customer_3938,27,Mumbai,Female
3939,Customer_3939,52,Mumbai,Male
3940,Customer_3940,42,Hyderabad,Female
3941,Customer_3941,20,Bangalore,Female
3942,Customer_3942,64,Bangalore,Male
3943,Customer_3943,55,Mumbai,Female
3944,Customer_3944,34,Hyderabad,Female
3945,Customer_3945,29,Hyderabad,Male
3946,Customer_3946,41,Chennai,Female
3947,Customer_3947,46,Delhi,Female
3948,Customer_3948,60,Bangalore,Female
3949,Customer_3949,42,Mumbai,Male
3950,Customer_3950,53,Chennai,Male
3951,Customer_3951,43,Pune,Female
3952,Customer_3952,55,Bangalore,Female
3953,Customer_3953,18,Delhi,Male
3954,Customer_3954,37,Hyderabad,Male
3955,Customer_3955,45,Mumbai,Female
3956,Customer_3956,33,Bangalore,Male
3957,Customer_3957,64,Pune,Female
3958,Customer_3958,34,Delhi,Female
3959,Customer_3959,57,Delhi,Male
3960,Customer_3960,45,Chennai,Male
3961,Customer_3961,29,Bangalore,Female
3962,Customer_3962,44,Pune,Female
3963,Customer_3963,59,Delhi,Male
3964,Customer_3964,64,Mumbai,Female
3965,Customer_3965,47,Delhi,Male
3966,Customer_3966,58,Pune,Male
3967,Customer_3967,51,Hyderabad,Male
3968,Customer_3968,54,Hyderabad,Male
3969,Customer_3969,23,Chennai,Male
3970,Customer_3970,24,Bangalore,Female
3971,Customer_3971,49,Pune,Male
3972,Customer_3972,49,Chennai,Male
3973,Customer_3973,42,Delhi,Male
3974,Customer_3974,50,Delhi,Male
3975,Customer_3975,24,Hyderabad,Male
3976,Customer_3976,29,Chennai,Male
3977,Customer_3977,33,Hyderabad,Male
3978,Customer_3978,33,Mumbai,Female
3979,Customer_3979,60,Hyderabad,Female
3980,Customer_3980,53,Mumbai,Female
3981,Customer_3981,30,Delhi,Female
3982,Customer_3982,24,Chennai,Male
3983,Customer_3983,53,Mumbai,Female
3984,Customer_3984,64,Chennai,Male
3985,Customer_3985,26,Chennai,Female
3986,Customer_3986,49,Mumbai,Female
3987,Customer_3987,28,Bangalore,Male
3988,Customer_3988,25,Hyderabad,Male
3989,Customer_3989,50,Mumbai,Female
3990,Customer_3990,40,Delhi,Female
3991,Customer_3991,42,Chennai,Female
3992,Customer_3992,25,Pune,Female
3993,Customer_3993,62,Mumbai,Male
3994,Customer_3994,39,Hyderabad,Female
3995,Customer_3995,21,Chennai,Female
3996,Customer_3996,57,Bangalore,Female
3997,Customer_3997,20,Delhi,Female
3998,Customer_3998,46,Bangalore,Female
3999,Customer_3999,58,Pune,Male
4000,Customer_4000,46,Mumbai,Male
4001,Customer_4001,51,Chennai,Male
4002,Customer_4002,51,Mumbai,Male
4003,Customer_4003,45,Hyderabad,Male
4004,Customer_4004,30,Mumbai,Female
4005,Customer_4005,32,Delhi,Male
4006,Customer_4006,40,Pune,Male
4007,Customer_4007,61,Bangalore,Female
4008,Customer_4008,43,Pune,Male
4009,Customer_4009,21,Chennai,Male
4010,Customer_4010,43,Mumbai,Male
4011,Customer_4011,57,Chennai,Male
4012,Customer_4012,26,Bangalore,Female
4013,Customer_4013,22,Chennai,Female
4014,Customer_4014,49,Hyderabad,Male
4015,Customer_4015,37,Pune,Female
4016,Customer_4016,28,Bangalore,Male
4017,Customer_4017,32,Bangalore,Female
4018,Customer_4018,49,Bangalore,Female
4019,Customer_4019,45,Delhi,Female
4020,Customer_4020,39,Pune,Female
4021,Customer_4021,58,Chennai,Female
4022,Customer_4022,34,Bangalore,Female
4023,Customer_4023,43,Pune,Female
4024,Customer_4024,61,Bangalore,Female
4025,Customer_4025,24,Hyderabad,Female
4026,Customer_4026,59,Hyderabad,Female
4027,Customer_4027,43,Hyderabad,Female
4028,Customer_4028,42,Mumbai,Male
4029,Customer_4029,27,Bangalore,Female
4030,Customer_4030,62,Mumbai,Male
4031,Customer_4031,36,Pune,Female
4032,Customer_4032,28,Mumbai,Male
4033,Customer_4033,30,Pune,Male
4034,Customer_4034,25,Pune,Male
4035,Customer_4035,57,Pune,Female
4036,Customer_4036,21,Chennai,Female
4037,Customer_4037,64,Mumbai,Female
4038,Customer_4038,48,Chennai,Female
4039,Customer_4039,45,Bangalore,Male
4040,Customer_4040,28,Mumbai,Female
4041,Customer_4041,60,Bangalore,Female
4042,Customer_4042,18,Bangalore,Female
4043,Customer_4043,64,Pune,Female
4044,Customer_4044,55,Mumbai,Female
4045,Customer_4045,41,Bangalore,Female
4046,Customer_4046,64,Hyderabad,Female
4047,Customer_4047,48,Bangalore,Female
4048,Customer_4048,58,Hyderabad,Male
4049,Customer_4049,63,Mumbai,Male
4050,Customer_4050,43,Chennai,Female
4051,Customer_4051,22,Mumbai,Female
4052,Customer_4052,37,Chennai,Female
4053,Customer_4053,58,Chennai,Female
4054,Customer_4054,28,Mumbai,Male
4055,Customer_4055,50,Bangalore,Male
4056,Customer_4056,55,Delhi,Female
4057,Customer_4057,44,Bangalore,Male
4058,Customer_4058,51,Bangalore,Male
4059,Customer_4059,32,Pune,Female
4060,Customer_4060,49,Pune,Female
4061,Customer_4061,38,Bangalore,Female
4062,Customer_4062,63,Hyderabad,Male
4063,Customer_4063,22,Chennai,Male
4064,Customer_4064,23,Pune,Female
4065,Customer_4065,55,Bangalore,Female
4066,Customer_4066,39,Delhi,Male
4067,Customer_4067,35,Hyderabad,Male
4068,Customer_4068,31,Mumbai,Female
4069,Customer_4069,27,Bangalore,Male
4070,Customer_4070,63,Bangalore,Female
4071,Customer_4071,30,Chennai,Female
4072,Customer_4072,48,Hyderabad,Male
4073,Customer_4073,47,Pune,Male
4074,Customer_4074,20,Pune,Male
4075,Customer_4075,47,Pune,Female
4076,Customer_4076,23,Mumbai,Female
4077,Customer_4077,46,Hyderabad,Female
4078,Customer_4078,25,Hyderabad,Female
4079,Customer_4079,61,Pune,Female
4080,Customer_4080,62,Pune,Female
4081,Customer_4081,60,Chennai,Male
4082,Customer_4082,61,Delhi,Female
4083,Customer_4083,50,Delhi,Female
4084,Customer_4084,34,Bangalore,Female
4085,Customer_4085,28,Bangalore,Female
4086,Customer_4086,30,Hyderabad,Male
4087,Customer_4087,28,Hyderabad,Female
4088,Customer_4088,48,Mumbai,Male
4089,Customer_4089,45,Mumbai,Male
4090,Customer_4090,61,Delhi,Female
4091,Customer_4091,23,Bangalore,Female
4092,Customer_4092,58,Delhi,Male
4093,Customer_4093,33,Delhi,Male
4094,Customer_4094,21,Bangalore,Female
4095,Customer_4095,52,Mumbai,Male
4096,Customer_4096,43,Chennai,Female
4097,Customer_4097,29,Chennai,Female
4098,Customer_4098,28,Chennai,Male
4099,Customer_4099,54,Bangalore,Female
4100,Customer_4100,42,Pune,Female
4101,Customer_4101,35,Pune,Female
4102,Customer_4102,36,Pune,Male
4103,Customer_4103,40,Hyderabad,Male
4104,Customer_4104,55,Mumbai,Male
4105,Customer_4105,35,Mumbai,Female
4106,Customer_4106,43,Hyderabad,Male
4107,Customer_4107,23,Delhi,Male
4108,Customer_4108,21,Chennai,Male
4109,Customer_4109,61,Pune,Female
4110,Customer_4110,46,Chennai,Female
4111,Customer_4111,51,Pune,Male
4112,Customer_4112,34,Chennai,Male
4113,Customer_4113,60,Delhi,Male
4114,Customer_4114,60,Chennai,Female
4115,Customer_4115,33,Chennai,Male
4116,Customer_4116,19,Bangalore,Female
4117,Customer_4117,51,Chennai,Female
4118,Customer_4118,25,Bangalore,Female
4119,Customer_4119,30,Mumbai,Male
4120,Customer_4120,59,Hyderabad,Male
4121,Customer_4121,25,Chennai,Female
4122,Customer_4122,47,Mumbai,Female
4123,Customer_4123,49,Bangalore,Female
4124,Customer_4124,53,Chennai,Female
4125,Customer_4125,64,Chennai,Male
4126,Customer_4126,47,Delhi,Male
4127,Customer_4127,18,Mumbai,Female
4128,Customer_4128,60,Pune,Female
4129,Customer_4129,56,Pune,Female
4130,Customer_4130,34,Delhi,Male
4131,Customer_4131,37,Bangalore,Female
4132,Customer_4132,41,Pune,Male
4133,Customer_4133,39,Pune,Female
4134,Customer_4134,46,Hyderabad,Male
4135,Customer_4135,39,Mumbai,Male
4136,Customer_4136,61,Bangalore,Female
4137,Customer_4137,26,Chennai,Male
4138,Customer_4138,54,Mumbai,Male
4139,Customer_4139,27,Bangalore,Male
4140,Customer_4140,53,Pune,Male
4141,Customer_4141,54,Hyderabad,Female
4142,Customer_4142,45,Mumbai,Female
4143,Customer_4143,45,Pune,Female
4144,Customer_4144,59,Bangalore,Female
4145,Customer_4145,60,Mumbai,Female
4146,Customer_4146,38,Chennai,Male
4147,Customer_4147,41,Mumbai,Male
4148,Customer_4148,59,Pune,Male
4149,Customer_4149,57,Mumbai,Male
4150,Customer_4150,19,Chennai,Female
4151,Customer_4151,25,Hyderabad,Female
4152,Customer_4152,44,Hyderabad,Male
4153,Customer_4153,39,Pune,Female
4154,Customer_4154,54,Bangalore,Male
4155,Customer_4155,44,Pune,Male
4156,Customer_4156,46,Hyderabad,Female
4157,Customer_4157,20,Delhi,Female
4158,Customer_4158,61,Delhi,Female
4159,Customer_4159,30,Mumbai,Female
4160,Customer_4160,62,Chennai,Female
4161,Customer_4161,27,Mumbai,Female
4162,Customer_4162,53,Delhi,Female
4163,Customer_4163,26,Hyderabad,Male
4164,Customer_4164,44,Mumbai,Female
4165,Customer_4165,51,Pune,Male
4166,Customer_4166,18,Chennai,Male
4167,Customer_4167,49,Pune,Female
4168,Customer_4168,42,Chennai,Male
4169,Customer_4169,46,Hyderabad,Female
4170,Customer_4170,24,Mumbai,Male
4171,Customer_4171,20,Chennai,Male
4172,Customer_4172,37,Pune,Male
4173,Customer_4173,37,Mumbai,Female
4174,Customer_4174,47,Mumbai,Male
4175,Customer_4175,52,Pune,Male
4176,Customer_4176,52,Delhi,Male
4177,Customer_4177,56,Chennai,Female
4178,Customer_4178,44,Pune,Male
4179,Customer_4179,43,Hyderabad,Female
4180,Customer_4180,31,Bangalore,Male
4181,Customer_4181,34,Pune,Male
4182,Customer_4182,35,Mumbai,Male
4183,Customer_4183,62,Mumbai,Female
4184,Customer_4184,46,Pune,Male
4185,Customer_4185,37,Bangalore,Male
4186,Customer_4186,44,Pune,Male
4187,Customer_4187,35,Bangalore,Male
4188,Customer_4188,21,Bangalore,Female
4189,Customer_4189,18,Hyderabad,Male
4190,Customer_4190,18,Chennai,Male
4191,Customer_4191,43,Mumbai,Male
4192,Customer_4192,62,Mumbai,Male
4193,Customer_4193,37,Bangalore,Female
4194,Customer_4194,40,Mumbai,Male
4195,Customer_4195,27,Delhi,Male
4196,Customer_4196,28,Bangalore,Female
4197,Customer_4197,58,Mumbai,Male
4198,Customer_4198,58,Delhi,Male
4199,Customer_4199,22,Hyderabad,Male
4200,Customer_4200,18,Mumbai,Female
4201,Customer_4201,34,Delhi,Male
4202,Customer_4202,39,Pune,Female
4203,Customer_4203,51,Chennai,Female
4204,Customer_4204,62,Pune,Female
4205,Customer_4205,58,Delhi,Female
4206,Customer_4206,46,Bangalore,Female
4207,Customer_4207,21,Bangalore,Female
4208,Customer_4208,22,Mumbai,Female
4209,Customer_4209,28,Pune,Male
4210,Customer_4210,38,Bangalore,Male
4211,Customer_4211,52,Bangalore,Female
4212,Customer_4212,29,Pune,Female
4213,Customer_4213,43,Hyderabad,Female
4214,Customer_4214,36,Bangalore,Female
4215,Customer_4215,62,Chennai,Female
4216,Customer_4216,24,Delhi,Female
4217,Customer_4217,64,Mumbai,Male
4218,Customer_4218,24,Bangalore,Male
4219,Customer_4219,43,Chennai,Female
4220,Customer_4220,57,Chennai,Female
4221,Customer_4221,22,Bangalore,Female
4222,Customer_4222,38,Hyderabad,Male
4223,Customer_4223,31,Delhi,Female
4224,Customer_4224,21,Mumbai,Male
4225,Customer_4225,40,Bangalore,Male
4226,Customer_4226,59,Mumbai,Male
4227,Customer_4227,37,Pune,Female
4228,Customer_4228,32,Chennai,Female
4229,Customer_4229,62,Chennai,Male
4230,Customer_4230,46,Bangalore,Male
4231,Customer_4231,25,Bangalore,Male
4232,Customer_4232,58,Pune,Male
4233,Customer_4233,36,Hyderabad,Female
4234,Customer_4234,56,Bangalore,Male
4235,Customer_4235,63,Chennai,Female
4236,Customer_4236,45,Mumbai,Male
4237,Customer_4237,63,Delhi,Female
4238,Customer_4238,44,Mumbai,Male
4239,Customer_4239,21,Hyderabad,Female
4240,Customer_4240,32,Delhi,Female
4241,Customer_4241,52,Mumbai,Female
4242,Customer_4242,54,Mumbai,Male
4243,Customer_4243,18,Pune,Female
4244,Customer_4244,20,Hyderabad,Male
4245,Customer_4245,64,Chennai,Female
4246,Customer_4246,41,Pune,Female
4247,Customer_4247,44,Delhi,Male
4248,Customer_4248,57,Chennai,Female
4249,Customer_4249,53,Pune,Female
4250,Customer_4250,51,Hyderabad,Male
4251,Customer_4251,46,Bangalore,Female
4252,Customer_4252,41,Bangalore,Female
4253,Customer_4253,41,Delhi,Female
4254,Customer_4254,59,Bangalore,Female
4255,Customer_4255,21,Pune,Male
4256,Customer_4256,20,Delhi,Female
4257,Customer_4257,51,Chennai,Female
4258,Customer_4258,40,Hyderabad,Female
4259,Customer_4259,40,Delhi,Female
4260,Customer_4260,62,Chennai,Female
4261,Customer_4261,22,Delhi,Female
4262,Customer_4262,48,Mumbai,Female
4263,Customer_4263,58,Mumbai,Female
4264,Customer_4264,23,Delhi,Male
4265,Customer_4265,54,Bangalore,Male
4266,Customer_4266,27,Mumbai,Male
4267,Customer_4267,57,Hyderabad,Male
4268,Customer_4268,24,Chennai,Female
4269,Customer_4269,56,Pune,Female
4270,Customer_4270,55,Mumbai,Male
4271,Customer_4271,38,Delhi,Male
4272,Customer_4272,37,Bangalore,Male
4273,Customer_4273,20,Pune,Female
4274,Customer_4274,39,Chennai,Female
4275,Customer_4275,64,Chennai,Male
4276,Customer_4276,21,Mumbai,Male
4277,Customer_4277,45,Chennai,Male
4278,Customer_4278,29,Chennai,Male
4279,Customer_4279,55,Bangalore,Male
4280,Customer_4280,53,Bangalore,Female
4281,Customer_4281,64,Bangalore,Male
4282,Customer_4282,58,Delhi,Female
4283,Customer_4283,22,Chennai,Male
4284,Customer_4284,30,Chennai,Male
4285,Customer_4285,40,Chennai,Female
4286,Customer_4286,47,Hyderabad,Male
4287,Customer_4287,54,Bangalore,Female
4288,Customer_4288,42,Pune,Female
4289,Customer_4289,44,Mumbai,Male
4290,Customer_4290,31,Pune,Male
4291,Customer_4291,64,Delhi,Female
4292,Customer_4292,53,Delhi,Female
4293,Customer_4293,56,Chennai,Male
4294,Customer_4294,33,Pune,Female
4295,Customer_4295,39,Chennai,Male
4296,Customer_4296,38,Hyderabad,Female
4297,Customer_4297,38,Delhi,Male
4298,Customer_4298,25,Delhi,Female
4299,Customer_4299,33,Pune,Female
4300,Customer_4300,48,Delhi,Male
4301,Customer_4301,59,Hyderabad,Female
4302,Customer_4302,27,Hyderabad,Female
4303,Customer_4303,49,Hyderabad,Female
4304,Customer_4304,51,Mumbai,Female
4305,Customer_4305,26,Hyderabad,Female
4306,Customer_4306,34,Hyderabad,Female
4307,Customer_4307,28,Mumbai,Female
4308,Customer_4308,49,Chennai,Male
4309,Customer_4309,27,Bangalore,Female
4310,Customer_4310,39,Delhi,Female
4311,Customer_4311,34,Hyderabad,Male
4312,Customer_4312,21,Delhi,Female
4313,Customer_4313,64,Pune,Female
4314,Customer_4314,42,Delhi,Male
4315,Customer_4315,38,Chennai,Female
4316,Customer_4316,54,Mumbai,Female
4317,Customer_4317,55,Delhi,Male
4318,Customer_4318,18,Delhi,Male
4319,Customer_4319,42,Delhi,Female
4320,Customer_4320,53,Bangalore,Female
4321,Customer_4321,34,Bangalore,Male
4322,Customer_4322,58,Pune,Female
4323,Customer_4323,41,Mumbai,Male
4324,Customer_4324,19,Delhi,Male
4325,Customer_4325,57,Delhi,Male
4326,Customer_4326,32,Delhi,Female
4327,Customer_4327,49,Delhi,Male
4328,Customer_4328,56,Bangalore,Male
4329,Customer_4329,23,Chennai,Male
4330,Customer_4330,18,Chennai,Female
4331,Customer_4331,64,Pune,Female
4332,Customer_4332,40,Hyderabad,Female
4333,Customer_4333,56,Mumbai,Male
4334,Customer_4334,34,Chennai,Female
4335,Customer_4335,51,Delhi,Female
4336,Customer_4336,58,Chennai,Male
4337,Customer_4337,46,Pune,Male
4338,Customer_4338,26,Hyderabad,Female
4339,Customer_4339,30,Chennai,Female
4340,Customer_4340,23,Pune,Male
4341,Customer_4341,23,Bangalore,Female
4342,Customer_4342,37,Hyderabad,Male
4343,Customer_4343,20,Pune,Male
4344,Customer_4344,34,Chennai,Female
4345,Customer_4345,29,Bangalore,Female
4346,Customer_4346,64,Pune,Female
4347,Customer_4347,62,Pune,Female
4348,Customer_4348,18,Chennai,Male
4349,Customer_4349,34,Hyderabad,Female
4350,Customer_4350,20,Bangalore,Female
4351,Customer_4351,43,Delhi,Female
4352,Customer_4352,32,Mumbai,Male
4353,Customer_4353,53,Hyderabad,Female
4354,Customer_4354,49,Bangalore,Female
4355,Customer_4355,49,Pune,Male
4356,Customer_4356,21,Bangalore,Male
4357,Customer_4357,35,Mumbai,Male
4358,Customer_4358,36,Chennai,Male
4359,Customer_4359,60,Mumbai,Male
4360,Customer_4360,52,Delhi,Female
4361,Customer_4361,57,Delhi,Male
4362,Customer_4362,31,Mumbai,Male
4363,Customer_4363,50,Hyderabad,Male
4364,Customer_4364,31,Hyderabad,Male
4365,Customer_4365,51,Pune,Male
4366,Customer_4366,21,Delhi,Male
4367,Customer_4367,41,Pune,Male
4368,Customer_4368,46,Delhi,Male
4369,Customer_4369,36,Mumbai,Female
4370,Customer_4370,23,Hyderabad,Female
4371,Customer_4371,50,Hyderabad,Female
4372,Customer_4372,57,Mumbai,Male
4373,Customer_4373,36,Pune,Male
4374,Customer_4374,18,Pune,Male
4375,Customer_4375,22,Bangalore,Female
4376,Customer_4376,44,Delhi,Male
4377,Customer_4377,33,Pune,Male
4378,Customer_4378,23,Mumbai,Male
4379,Customer_4379,57,Pune,Female
4380,Customer_4380,30,Hyderabad,Female
4381,Customer_4381,52,Delhi,Male
4382,Customer_4382,36,Chennai,Female
4383,Customer_4383,29,Bangalore,Male
4384,Customer_4384,33,Delhi,Male
4385,Customer_4385,60,Hyderabad,Female
4386,Customer_4386,27,Hyderabad,Female
4387,Customer_4387,42,Hyderabad,Female
4388,Customer_4388,37,Hyderabad,Female
4389,Customer_4389,48,Mumbai,Male
4390,Customer_4390,21,Bangalore,Male
4391,Customer_4391,61,Chennai,Female
4392,Customer_4392,40,Hyderabad,Female
4393,Customer_4393,19,Hyderabad,Male
4394,Customer_4394,39,Pune,Male
4395,Customer_4395,54,Bangalore,Male
4396,Customer_4396,25,Delhi,Male
4397,Customer_4397,24,Bangalore,Female
4398,Customer_4398,31,Bangalore,Female
4399,Customer_4399,20,Chennai,Female
4400,Customer_4400,33,Bangalore,Male
4401,Customer_4401,36,Chennai,Male
4402,Customer_4402,35,Hyderabad,Female
4403,Customer_4403,33,Hyderabad,Female
4404,Customer_4404,25,Mumbai,Female
4405,Customer_4405,50,Chennai,Male
4406,Customer_4406,29,Chennai,Female
4407,Customer_4407,28,Delhi,Male
4408,Customer_4408,22,Pune,Female
4409,Customer_4409,44,Bangalore,Female
4410,Customer_4410,29,Delhi,Female
4411,Customer_4411,34,Chennai,Male
4412,Customer_4412,23,Delhi,Male
4413,Customer_4413,50,Mumbai,Male
4414,Customer_4414,22,Pune,Male
4415,Customer_4415,45,Chennai,Male
4416,Customer_4416,31,Chennai,Male
4417,Customer_4417,22,Bangalore,Female
4418,Customer_4418,50,Pune,Male
4419,Customer_4419,58,Mumbai,Female
4420,Customer_4420,36,Hyderabad,Male
4421,Customer_4421,39,Delhi,Female
4422,Customer_4422,22,Bangalore,Female
4423,Customer_4423,19,Chennai,Male
4424,Customer_4424,47,Hyderabad,Female
4425,Customer_4425,64,Mumbai,Male
4426,Customer_4426,56,Pune,Male
4427,Customer_4427,21,Delhi,Male
4428,Customer_4428,50,Bangalore,Male
4429,Customer_4429,30,Chennai,Female
4430,Customer_4430,37,Chennai,Male
4431,Customer_4431,24,Hyderabad,Female
4432,Customer_4432,32,Hyderabad,Female
4433,Customer_4433,40,Delhi,Female
4434,Customer_4434,31,Pune,Male
4435,Customer_4435,40,Mumbai,Female
4436,Customer_4436,36,Pune,Male
4437,Customer_4437,46,Pune,Female
4438,Customer_4438,37,Pune,Male
4439,Customer_4439,46,Delhi,Male
4440,Customer_4440,41,Delhi,Male
4441,Customer_4441,35,Mumbai,Male
4442,Customer_4442,27,Pune,Female
4443,Customer_4443,58,Delhi,Female
4444,Customer_4444,25,Mumbai,Male
4445,Customer_4445,43,Chennai,Female
4446,Customer_4446,46,Mumbai,Male
4447,Customer_4447,27,Pune,Male
4448,Customer_4448,34,Bangalore,Female
4449,Customer_4449,19,Pune,Male
4450,Customer_4450,23,Bangalore,Male
4451,Customer_4451,22,Mumbai,Male
4452,Customer_4452,45,Chennai,Male
4453,Customer_4453,58,Chennai,Male
4454,Customer_4454,22,Delhi,Female
4455,Customer_4455,35,Chennai,Female
4456,Customer_4456,43,Hyderabad,Female
4457,Customer_4457,37,Mumbai,Male
4458,Customer_4458,58,Delhi,Male
4459,Customer_4459,44,Chennai,Male
4460,Customer_4460,29,Mumbai,Male
4461,Customer_4461,24,Pune,Male
4462,Customer_4462,20,Chennai,Male
4463,Customer_4463,27,Bangalore,Female
4464,Customer_4464,51,Mumbai,Male
4465,Customer_4465,42,Delhi,Female
4466,Customer_4466,52,Pune,Male
4467,Customer_4467,33,Hyderabad,Female
4468,Customer_4468,19,Pune,Male
4469,Customer_4469,41,Chennai,Female
4470,Customer_4470,27,Bangalore,Female
4471,Customer_4471,55,Pune,Male
4472,Customer_4472,39,Hyderabad,Male
4473,Customer_4473,43,Delhi,Female
4474,Customer_4474,60,Mumbai,Male
4475,Customer_4475,56,Bangalore,Male
4476,Customer_4476,44,Hyderabad,Male
4477,Customer_4477,46,Chennai,Female
4478,Customer_4478,64,Chennai,Male
4479,Customer_4479,55,Chennai,Female
4480,Customer_4480,37,Bangalore,Female
4481,Customer_4481,44,Pune,Male
4482,Customer_4482,58,Bangalore,Female
4483,Customer_4483,37,Chennai,Male
4484,Customer_4484,61,Hyderabad,Male
4485,Customer_4485,36,Mumbai,Female
4486,Customer_4486,37,Mumbai,Female
4487,Customer_4487,52,Bangalore,Female
4488,Customer_4488,64,Chennai,Female
4489,Customer_4489,19,Delhi,Female
4490,Customer_4490,47,Bangalore,Male
4491,Customer_4491,51,Chennai,Female
4492,Customer_4492,39,Pune,Male
4493,Customer_4493,20,Mumbai,Male
4494,Customer_4494,23,Mumbai,Female
4495,Customer_4495,32,Mumbai,Female
4496,Customer_4496,44,Delhi,Female
4497,Customer_4497,27,Chennai,Female
4498,Customer_4498,26,Chennai,Female
4499,Customer_4499,50,Chennai,Male
4500,Customer_4500,49,Chennai,Male
4501,Customer_4501,23,Delhi,Male
4502,Customer_4502,58,Hyderabad,Female
4503,Customer_4503,53,Bangalore,Female
4504,Customer_4504,19,Bangalore,Male
4505,Customer_4505,46,Chennai,Female
4506,Customer_4506,21,Pune,Female
4507,Customer_4507,18,Mumbai,Female
4508,Customer_4508,36,Delhi,Male
4509,Customer_4509,43,Pune,Female
4510,Customer_4510,42,Pune,Male
4511,Customer_4511,27,Chennai,Female
4512,Customer_4512,32,Delhi,Female
4513,Customer_4513,39,Bangalore,Male
4514,Customer_4514,38,Mumbai,Female
4515,Customer_4515,39,Bangalore,Female
4516,Customer_4516,53,Pune,Female
4517,Customer_4517,51,Mumbai,Male
4518,Customer_4518,47,Hyderabad,Female
4519,Customer_4519,42,Pune,Female
4520,Customer_4520,62,Bangalore,Female
4521,Customer_4521,45,Bangalore,Female
4522,Customer_4522,18,Chennai,Female
4523,Customer_4523,62,Bangalore,Male
4524,Customer_4524,21,Delhi,Male
4525,Customer_4525,24,Pune,Female
4526,Customer_4526,26,Mumbai,Female
4527,Customer_4527,53,Bangalore,Male
4528,Customer_4528,36,Chennai,Female
4529,Customer_4529,18,Chennai,Female
4530,Customer_4530,27,Bangalore,Female
4531,Customer_4531,53,Delhi,Female
4532,Customer_4532,26,Chennai,Female
4533,Customer_4533,62,Mumbai,Female
4534,Customer_4534,63,Pune,Female
4535,Customer_4535,59,Hyderabad,Female
4536,Customer_4536,49,Delhi,Male
4537,Customer_4537,49,Chennai,Male
4538,Customer_4538,23,Pune,Female
4539,Customer_4539,55,Hyderabad,Female
4540,Customer_4540,34,Bangalore,Female
4541,Customer_4541,27,Bangalore,Female
4542,Customer_4542,44,Mumbai,Male
4543,Customer_4543,52,Hyderabad,Male
4544,Customer_4544,38,Bangalore,Male
4545,Customer_4545,42,Bangalore,Male
4546,Customer_4546,45,Chennai,Female
4547,Customer_4547,64,Mumbai,Female
4548,Customer_4548,32,Pune,Female
4549,Customer_4549,21,Bangalore,Male
4550,Customer_4550,46,Delhi,Female
4551,Customer_4551,26,Delhi,Female
4552,Customer_4552,44,Pune,Male
4553,Customer_4553,43,Hyderabad,Male
4554,Customer_4554,36,Mumbai,Male
4555,Customer_4555,45,Chennai,Male
4556,Customer_4556,34,Delhi,Male
4557,Customer_4557,60,Delhi,Female
4558,Customer_4558,58,Pune,Female
4559,Customer_4559,59,Hyderabad,Male
4560,Customer_4560,37,Hyderabad,Female
4561,Customer_4561,62,Pune,Female
4562,Customer_4562,57,Delhi,Female
4563,Customer_4563,56,Mumbai,Female
4564,Customer_4564,40,Delhi,Male
4565,Customer_4565,64,Hyderabad,Female
4566,Customer_4566,49,Chennai,Female
4567,Customer_4567,64,Delhi,Female
4568,Customer_4568,50,Mumbai,Male
4569,Customer_4569,63,Bangalore,Female
4570,Customer_4570,22,Delhi,Male
4571,Customer_4571,60,Pune,Male
4572,Customer_4572,51,Bangalore,Male
4573,Customer_4573,57,Pune,Male
4574,Customer_4574,28,Pune,Female
4575,Customer_4575,20,Pune,Male
4576,Customer_4576,50,Delhi,Male
4577,Customer_4577,28,Hyderabad,Male
4578,Customer_4578,33,Bangalore,Male
4579,Customer_4579,35,Mumbai,Male
4580,Customer_4580,47,Hyderabad,Female
4581,Customer_4581,27,Delhi,Male
4582,Customer_4582,35,Pune,Female
4583,Customer_4583,55,Mumbai,Female
4584,Customer_4584,36,Bangalore,Male
4585,Customer_4585,53,Hyderabad,Female
4586,Customer_4586,30,Chennai,Female
4587,Customer_4587,63,Hyderabad,Female
4588,Customer_4588,20,Mumbai,Male
4589,Customer_4589,27,Delhi,Male
4590,Customer_4590,55,Bangalore,Male
4591,Customer_4591,18,Mumbai,Male
4592,Customer_4592,44,Pune,Male
4593,Customer_4593,63,Bangalore,Male
4594,Customer_4594,25,Hyderabad,Male
4595,Customer_4595,63,Mumbai,Female
4596,Customer_4596,59,Hyderabad,Female
4597,Customer_4597,34,Hyderabad,Male
4598,Customer_4598,26,Hyderabad,Female
4599,Customer_4599,23,Delhi,Male
4600,Customer_4600,60,Hyderabad,Male
4601,Customer_4601,42,Pune,Male
4602,Customer_4602,56,Pune,Female
4603,Customer_4603,45,Bangalore,Male
4604,Customer_4604,50,Chennai,Male
4605,Customer_4605,54,Hyderabad,Male
4606,Customer_4606,26,Hyderabad,Male
4607,Customer_4607,35,Mumbai,Female
4608,Customer_4608,38,Delhi,Male
4609,Customer_4609,19,Chennai,Female
4610,Customer_4610,60,Bangalore,Female
4611,Customer_4611,55,Chennai,Male
4612,Customer_4612,57,Hyderabad,Male
4613,Customer_4613,53,Mumbai,Female
4614,Customer_4614,60,Delhi,Female
4615,Customer_4615,54,Bangalore,Female
4616,Customer_4616,32,Chennai,Female
4617,Customer_4617,45,Bangalore,Male
4618,Customer_4618,35,Hyderabad,Female
4619,Customer_4619,51,Bangalore,Female
4620,Customer_4620,39,Mumbai,Female
4621,Customer_4621,28,Bangalore,Female
4622,Customer_4622,30,Pune,Male
4623,Customer_4623,21,Mumbai,Male
4624,Customer_4624,39,Chennai,Male
4625,Customer_4625,24,Delhi,Female
4626,Customer_4626,60,Delhi,Female
4627,Customer_4627,41,Hyderabad,Male
4628,Customer_4628,21,Hyderabad,Male
4629,Customer_4629,45,Pune,Female
4630,Customer_4630,32,Chennai,Male
4631,Customer_4631,18,Delhi,Female
4632,Customer_4632,20,Delhi,Female
4633,Customer_4633,31,Delhi,Female
4634,Customer_4634,55,Delhi,Female
4635,Customer_4635,18,Bangalore,Female
4636,Customer_4636,55,Chennai,Female
4637,Customer_4637,55,Mumbai,Male
4638,Customer_4638,38,Mumbai,Male
4639,Customer_4639,46,Pune,Male
4640,Customer_4640,22,Bangalore,Female
4641,Customer_4641,27,Delhi,Male
4642,Customer_4642,45,Delhi,Female
4643,Customer_4643,38,Hyderabad,Female
4644,Customer_4644,24,Hyderabad,Female
4645,Customer_4645,20,Pune,Female
4646,Customer_4646,62,Delhi,Male
4647,Customer_4647,64,Pune,Male
4648,Customer_4648,37,Bangalore,Male
4649,Customer_4649,36,Mumbai,Female
4650,Customer_4650,52,Delhi,Male
4651,Customer_4651,21,Chennai,Male
4652,Customer_4652,22,Bangalore,Male
4653,Customer_4653,18,Delhi,Female
4654,Customer_4654,21,Chennai,Male
4655,Customer_4655,29,Hyderabad,Female
4656,Customer_4656,44,Pune,Male
4657,Customer_4657,59,Hyderabad,Female
4658,Customer_4658,40,Mumbai,Male
4659,Customer_4659,42,Hyderabad,Male
4660,Customer_4660,38,Delhi,Male
4661,Customer_4661,41,Chennai,Female
4662,Customer_4662,42,Hyderabad,Male
4663,Customer_4663,62,Delhi,Male
4664,Customer_4664,63,Mumbai,Female
4665,Customer_4665,49,Chennai,Female
4666,Customer_4666,49,Hyderabad,Female
4667,Customer_4667,22,Pune,Female
4668,Customer_4668,53,Pune,Male
4669,Customer_4669,63,Chennai,Male
4670,Customer_4670,59,Pune,Female
4671,Customer_4671,59,Hyderabad,Male
4672,Customer_4672,56,Hyderabad,Female
4673,Customer_4673,33,Chennai,Male
4674,Customer_4674,50,Hyderabad,Female
4675,Customer_4675,38,Delhi,Male
4676,Customer_4676,26,Mumbai,Female
4677,Customer_4677,23,Pune,Female
4678,Customer_4678,62,Delhi,Male
4679,Customer_4679,52,Chennai,Male
4680,Customer_4680,56,Pune,Male
4681,Customer_4681,39,Delhi,Female
4682,Customer_4682,58,Hyderabad,Male
4683,Customer_4683,22,Chennai,Female
4684,Customer_4684,59,Chennai,Male
4685,Customer_4685,40,Pune,Male
4686,Customer_4686,34,Hyderabad,Female
4687,Customer_4687,29,Pune,Female
4688,Customer_4688,40,Bangalore,Male
4689,Customer_4689,33,Delhi,Female
4690,Customer_4690,20,Bangalore,Female
4691,Customer_4691,47,Delhi,Male
4692,Customer_4692,39,Mumbai,Female
4693,Customer_4693,26,Chennai,Male
4694,Customer_4694,46,Pune,Male
4695,Customer_4695,64,Mumbai,Female
4696,Customer_4696,54,Mumbai,Male
4697,Customer_4697,40,Chennai,Female
4698,Customer_4698,30,Chennai,Male
4699,Customer_4699,49,Delhi,Female
4700,Customer_4700,63,Bangalore,Female
4701,Customer_4701,64,Hyderabad,Female
4702,Customer_4702,40,Delhi,Female
4703,Customer_4703,62,Hyderabad,Female
4704,Customer_4704,34,Mumbai,Male
4705,Customer_4705,57,Hyderabad,Male
4706,Customer_4706,38,Bangalore,Female
4707,Customer_4707,19,Delhi,Male
4708,Customer_4708,54,Chennai,Female
4709,Customer_4709,23,Bangalore,Female
4710,Customer_4710,61,Bangalore,Male
4711,Customer_4711,35,Delhi,Male
4712,Customer_4712,47,Chennai,Female
4713,Customer_4713,39,Bangalore,Female
4714,Customer_4714,50,Chennai,Female
4715,Customer_4715,47,Pune,Female
4716,Customer_4716,34,Pune,Female
4717,Customer_4717,60,Pune,Female
4718,Customer_4718,49,Hyderabad,Male
4719,Customer_4719,59,Bangalore,Female
4720,Customer_4720,31,Delhi,Female
4721,Customer_4721,27,Delhi,Male
4722,Customer_4722,64,Hyderabad,Female
4723,Customer_4723,53,Delhi,Female
4724,Customer_4724,51,Pune,Male
4725,Customer_4725,26,Bangalore,Female
4726,Customer_4726,59,Delhi,Male
4727,Customer_4727,45,Delhi,Female
4728,Customer_4728,28,Mumbai,Male
4729,Customer_4729,31,Mumbai,Male
4730,Customer_4730,56,Mumbai,Male
4731,Customer_4731,64,Bangalore,Female
4732,Customer_4732,36,Pune,Female
4733,Customer_4733,32,Chennai,Male
4734,Customer_4734,45,Pune,Male
4735,Customer_4735,41,Pune,Female
4736,Customer_4736,25,Bangalore,Female
4737,Customer_4737,60,Bangalore,Female
4738,Customer_4738,26,Mumbai,Female
4739,Customer_4739,64,Delhi,Female
4740,Customer_4740,50,Hyderabad,Male
4741,Customer_4741,50,Hyderabad,Female
4742,Customer_4742,36,Chennai,Male
4743,Customer_4743,20,Delhi,Female
4744,Customer_4744,27,Chennai,Male
4745,Customer_4745,57,Mumbai,Male
4746,Customer_4746,64,Chennai,Female
4747,Customer_4747,59,Delhi,Male
4748,Customer_4748,18,Delhi,Male
4749,Customer_4749,46,Hyderabad,Male
4750,Customer_4750,51,Mumbai,Male
4751,Customer_4751,30,Bangalore,Female
4752,Customer_4752,18,Chennai,Male
4753,Customer_4753,51,Hyderabad,Female
4754,Customer_4754,46,Chennai,Male
4755,Customer_4755,64,Chennai,Female
4756,Customer_4756,30,Bangalore,Female
4757,Customer_4757,46,Mumbai,Female
4758,Customer_4758,56,Delhi,Male
4759,Customer_4759,41,Pune,Female
4760,Customer_4760,43,Chennai,Female
4761,Customer_4761,34,Pune,Male
4762,Customer_4762,24,Mumbai,Female
4763,Customer_4763,30,Pune,Male
4764,Customer_4764,22,Chennai,Male
4765,Customer_4765,43,Bangalore,Female
4766,Customer_4766,20,Pune,Male
4767,Customer_4767,24,Mumbai,Male
4768,Customer_4768,56,Mumbai,Male
4769,Customer_4769,18,Bangalore,Female
4770,Customer_4770,34,Pune,Male
4771,Customer_4771,60,Pune,Male
4772,Customer_4772,42,Delhi,Male
4773,Customer_4773,20,Hyderabad,Female
4774,Customer_4774,32,Mumbai,Male
4775,Customer_4775,46,Delhi,Female
4776,Customer_4776,60,Mumbai,Male
4777,Customer_4777,49,Delhi,Female
4778,Customer_4778,43,Hyderabad,Female
4779,Customer_4779,33,Delhi,Female
4780,Customer_4780,42,Mumbai,Male
4781,Customer_4781,45,Pune,Male
4782,Customer_4782,26,Mumbai,Male
4783,Customer_4783,18,Chennai,Female
4784,Customer_4784,46,Bangalore,Male
4785,Customer_4785,39,Bangalore,Male
4786,Customer_4786,33,Chennai,Female
4787,Customer_4787,58,Bangalore,Male
4788,Customer_4788,61,Bangalore,Male
4789,Customer_4789,58,Hyderabad,Female
4790,Customer_4790,24,Pune,Female
4791,Customer_4791,31,Pune,Male
4792,Customer_4792,46,Mumbai,Female
4793,Customer_4793,36,Chennai,Male
4794,Customer_4794,36,Delhi,Male
4795,Customer_4795,19,Mumbai,Male
4796,Customer_4796,58,Mumbai,Male
4797,Customer_4797,62,Mumbai,Male
4798,Customer_4798,32,Mumbai,Female
4799,Customer_4799,20,Pune,Female
4800,Customer_4800,28,Delhi,Male
4801,Customer_4801,63,Mumbai,Female
4802,Customer_4802,47,Pune,Female
4803,Customer_4803,57,Mumbai,Male
4804,Customer_4804,35,Bangalore,Female
4805,Customer_4805,19,Mumbai,Female
4806,Customer_4806,49,Chennai,Male
4807,Customer_4807,25,Chennai,Male
4808,Customer_4808,39,Mumbai,Male
4809,Customer_4809,23,Hyderabad,Male
4810,Customer_4810,29,Bangalore,Male
4811,Customer_4811,64,Delhi,Male
4812,Customer_4812,57,Mumbai,Male
4813,Customer_4813,53,Delhi,Female
4814,Customer_4814,32,Bangalore,Male
4815,Customer_4815,45,Mumbai,Female
4816,Customer_4816,62,Hyderabad,Female
4817,Customer_4817,35,Pune,Male
4818,Customer_4818,19,Hyderabad,Female
4819,Customer_4819,30,Hyderabad,Female
4820,Customer_4820,62,Pune,Female
4821,Customer_4821,32,Pune,Male
4822,Customer_4822,37,Chennai,Female
4823,Customer_4823,46,Pune,Female
4824,Customer_4824,59,Mumbai,Male
4825,Customer_4825,46,Delhi,Female
4826,Customer_4826,20,Chennai,Female
4827,Customer_4827,36,Chennai,Female
4828,Customer_4828,20,Delhi,Female
4829,Customer_4829,31,Chennai,Female
4830,Customer_4830,57,Pune,Male
4831,Customer_4831,21,Hyderabad,Female
4832,Customer_4832,28,Bangalore,Male
4833,Customer_4833,48,Pune,Female
4834,Customer_4834,60,Hyderabad,Male
4835,Customer_4835,49,Hyderabad,Male
4836,Customer_4836,44,Chennai,Male
4837,Customer_4837,47,Mumbai,Female
4838,Customer_4838,60,Mumbai,Female
4839,Customer_4839,19,Chennai,Female
4840,Customer_4840,26,Chennai,Female
4841,Customer_4841,45,Delhi,Female
4842,Customer_4842,48,Delhi,Male
4843,Customer_4843,51,Bangalore,Male
4844,Customer_4844,32,Bangalore,Male
4845,Customer_4845,42,Bangalore,Female
4846,Customer_4846,53,Bangalore,Female
4847,Customer_4847,25,Hyderabad,Male
4848,Customer_4848,26,Hyderabad,Female
4849,Customer_4849,54,Delhi,Female
4850,Customer_4850,62,Mumbai,Male
4851,Customer_4851,56,Chennai,Male
4852,Customer_4852,49,Mumbai,Female
4853,Customer_4853,34,Pune,Female
4854,Customer_4854,52,Hyderabad,Male
4855,Customer_4855,54,Bangalore,Female
4856,Customer_4856,36,Bangalore,Male
4857,Customer_4857,61,Pune,Male
4858,Customer_4858,46,Mumbai,Male
4859,Customer_4859,24,Bangalore,Female
4860,Customer_4860,45,Mumbai,Male
4861,Customer_4861,26,Chennai,Male
4862,Customer_4862,45,Pune,Female
4863,Customer_4863,23,Mumbai,Male
4864,Customer_4864,46,Chennai,Female
4865,Customer_4865,34,Mumbai,Female
4866,Customer_4866,33,Mumbai,Female
4867,Customer_4867,40,Bangalore,Male
4868,Customer_4868,48,Delhi,Male
4869,Customer_4869,20,Hyderabad,Female
4870,Customer_4870,38,Mumbai,Female
4871,Customer_4871,43,Mumbai,Female
4872,Customer_4872,53,Mumbai,Male
4873,Customer_4873,59,Delhi,Female
4874,Customer_4874,54,Chennai,Female
4875,Customer_4875,39,Pune,Female
4876,Customer_4876,59,Bangalore,Male
4877,Customer_4877,29,Delhi,Female
4878,Customer_4878,59,Chennai,Male
4879,Customer_4879,30,Mumbai,Male
4880,Customer_4880,28,Chennai,Female
4881,Customer_4881,33,Delhi,Female
4882,Customer_4882,25,Delhi,Female
4883,Customer_4883,57,Delhi,Male
4884,Customer_4884,57,Pune,Male
4885,Customer_4885,62,Hyderabad,Male
4886,Customer_4886,19,Bangalore,Female
4887,Customer_4887,47,Pune,Male
4888,Customer_4888,47,Pune,Female
4889,Customer_4889,29,Hyderabad,Female
4890,Customer_4890,27,Pune,Female
4891,Customer_4891,61,Delhi,Male
4892,Customer_4892,28,Delhi,Male
4893,Customer_4893,32,Chennai,Male
4894,Customer_4894,33,Mumbai,Female
4895,Customer_4895,34,Pune,Male
4896,Customer_4896,43,Mumbai,Male
4897,Customer_4897,19,Bangalore,Female
4898,Customer_4898,29,Delhi,Female
4899,Customer_4899,43,Chennai,Male
4900,Customer_4900,40,Bangalore,Female
4901,Customer_4901,35,Chennai,Male
4902,Customer_4902,49,Hyderabad,Female
4903,Customer_4903,55,Delhi,Female
4904,Customer_4904,64,Bangalore,Male
4905,Customer_4905,20,Hyderabad,Female
4906,Customer_4906,55,Bangalore,Female
4907,Customer_4907,20,Chennai,Female
4908,Customer_4908,47,Hyderabad,Male
4909,Customer_4909,18,Hyderabad,Female
4910,Customer_4910,47,Delhi,Female
4911,Customer_4911,62,Mumbai,Male
4912,Customer_4912,49,Chennai,Male
4913,Customer_4913,45,Chennai,Female
4914,Customer_4914,38,Hyderabad,Female
4915,Customer_4915,63,Hyderabad,Female
4916,Customer_4916,30,Delhi,Male
4917,Customer_4917,44,Mumbai,Female
4918,Customer_4918,53,Chennai,Male
4919,Customer_4919,24,Pune,Male
4920,Customer_4920,39,Pune,Female
4921,Customer_4921,27,Mumbai,Female
4922,Customer_4922,56,Bangalore,Male
4923,Customer_4923,32,Delhi,Female
4924,Customer_4924,32,Mumbai,Female
4925,Customer_4925,21,Pune,Male
4926,Customer_4926,49,Hyderabad,Female
4927,Customer_4927,40,Pune,Male
4928,Customer_4928,23,Hyderabad,Female
4929,Customer_4929,41,Delhi,Male
4930,Customer_4930,37,Hyderabad,Male
4931,Customer_4931,54,Mumbai,Female
4932,Customer_4932,37,Hyderabad,Male
4933,Customer_4933,29,Bangalore,Male
4934,Customer_4934,50,Mumbai,Female
4935,Customer_4935,45,Delhi,Female
4936,Customer_4936,25,Mumbai,Female
4937,Customer_4937,18,Bangalore,Male
4938,Customer_4938,54,Delhi,Male
4939,Customer_4939,39,Pune,Male
4940,Customer_4940,23,Bangalore,Female
4941,Customer_4941,38,Delhi,Male
4942,Customer_4942,49,Hyderabad,Male
4943,Customer_4943,52,Mumbai,Female
4944,Customer_4944,32,Delhi,Male
4945,Customer_4945,22,Mumbai,Female
4946,Customer_4946,63,Hyderabad,Female
4947,Customer_4947,23,Delhi,Female
4948,Customer_4948,42,Pune,Male
4949,Customer_4949,63,Bangalore,Male
4950,Customer_4950,57,Delhi,Male
4951,Customer_4951,46,Hyderabad,Female
4952,Customer_4952,24,Delhi,Female
4953,Customer_4953,57,Mumbai,Female
4954,Customer_4954,30,Chennai,Male
4955,Customer_4955,55,Delhi,Male
4956,Customer_4956,35,Pune,Male
4957,Customer_4957,19,Delhi,Male
4958,Customer_4958,25,Bangalore,Male
4959,Customer_4959,28,Delhi,Female
4960,Customer_4960,50,Chennai,Male
4961,Customer_4961,55,Mumbai,Female
4962,Customer_4962,44,Delhi,Female
4963,Customer_4963,37,Pune,Male
4964,Customer_4964,29,Hyderabad,Female
4965,Customer_4965,60,Delhi,Male
4966,Customer_4966,48,Delhi,Male
4967,Customer_4967,44,Bangalore,Female
4968,Customer_4968,49,Pune,Male
4969,Customer_4969,27,Chennai,Male
4970,Customer_4970,20,Hyderabad,Female
4971,Customer_4971,62,Mumbai,Female
4972,Customer_4972,44,Delhi,Female
4973,Customer_4973,52,Chennai,Female
4974,Customer_4974,48,Hyderabad,Female
4975,Customer_4975,32,Mumbai,Female
4976,Customer_4976,33,Chennai,Male
4977,Customer_4977,30,Pune,Male
4978,Customer_4978,52,Pune,Male
4979,Customer_4979,28,Hyderabad,Female
4980,Customer_4980,38,Mumbai,Male
4981,Customer_4981,28,Pune,Female
4982,Customer_4982,47,Hyderabad,Male
4983,Customer_4983,52,Pune,Female
4984,Customer_4984,39,Pune,Male
4985,Customer_4985,55,Chennai,Female
4986,Customer_4986,48,Chennai,Female
4987,Customer_4987,31,Pune,Female
4988,Customer_4988,41,Bangalore,Female
4989,Customer_4989,49,Chennai,Male
4990,Customer_4990,53,Mumbai,Male
4991,Customer_4991,49,Hyderabad,Female
4992,Customer_4992,32,Hyderabad,Female
4993,Customer_4993,60,Mumbai,Female
4994,Customer_4994,52,Mumbai,Male
4995,Customer_4995,20,Mumbai,Female
4996,Customer_4996,33,Mumbai,Female
4997,Customer_4997,22,Delhi,Male
4998,Customer_4998,38,Hyderabad,Female
4999,Customer_4999,27,Delhi,Female
5000,Customer_5000,36,Pune,Male
