customer_id,recency,frequency,monetary,recency_score,frequency_score,monetary_score,rfm_score,customer_segment
1,103,15,790963.02,1,4,4,9,Medium Value
2,18,5,164446.03,3,1,1,5,Low Value
3,21,4,368569.33,3,1,1,5,Low Value
4,76,14,980370.64,2,4,4,10,High Value
5,37,7,457617.68,3,1,2,6,Low Value
6,33,11,970623.2,3,3,4,10,High Value
7,9,12,753864.28,4,3,4,11,High Value
8,69,14,863049.9299999999,2,4,4,10,High Value
9,47,10,676591.84,2,2,3,7,Medium Value
10,141,8,523985.97,1,1,2,4,Low Value
11,16,9,309368.37,4,2,1,7,Medium Value
12,9,16,1188109.2,4,4,4,12,High Value
13,25,11,590964.23,3,3,3,9,Medium Value
14,204,10,794535.66,1,2,4,7,Medium Value
15,6,7,469830.15,4,1,2,7,Medium Value
16,43,14,808983.25,2,4,4,10,High Value
17,24,14,870333.36,3,4,4,11,High Value
18,76,9,606132.96,2,2,3,7,Medium Value
19,2,11,795272.26,4,3,4,11,High Value
20,6,8,591490.46,4,1,3,8,Medium Value
21,85,11,647222.35,1,3,3,7,Medium Value
22,40,7,311089.42,3,1,1,5,Low Value
23,47,11,449515.08,2,3,2,7,Medium Value
24,87,11,572060.3,1,3,3,7,Medium Value
25,42,7,322591.77,2,1,1,4,Low Value
26,47,9,526026.91,2,2,2,6,Low Value
27,24,11,767846.95,3,3,4,10,High Value
28,9,23,1757777.24,4,4,4,12,High Value
29,24,8,676570.53,3,1,3,7,Medium Value
30,12,13,674471.59,4,4,3,11,High Value
31,66,6,395509.77,2,1,1,4,Low Value
32,45,11,723383.1,2,3,3,8,Medium Value
33,4,7,358425.53,4,1,1,6,Low Value
34,21,8,640338.07,3,1,3,7,Medium Value
35,19,9,777445.74,3,2,4,9,Medium Value
36,303,7,325267.56,1,1,1,3,Low Value
37,37,7,225784.44999999998,3,1,1,5,Low Value
38,176,10,509786.37,1,2,2,5,Low Value
39,37,8,411294.83,3,1,1,5,Low Value
40,67,4,145865.02,2,1,1,4,Low Value
41,21,10,498660.36,3,2,2,7,Medium Value
42,53,9,388931.57999999996,2,2,1,5,Low Value
43,90,6,339673.71,1,1,1,3,Low Value
44,13,8,448853.56,4,1,2,7,Medium Value
45,2,10,525344.75,4,2,2,8,Medium Value
46,26,10,514303.73,3,2,2,7,Medium Value
47,183,6,341150.48,1,1,1,3,Low Value
48,55,12,702642.67,2,3,3,8,Medium Value
49,114,7,209744.06,1,1,1,3,Low Value
50,64,5,249995.71000000002,2,1,1,4,Low Value
51,44,13,723485.38,2,4,3,9,Medium Value
52,12,10,591970.87,4,2,3,9,Medium Value
53,33,9,399355.72000000003,3,2,1,6,Low Value
54,64,6,344898.77,2,1,1,4,Low Value
55,12,12,576683.0,4,3,3,10,High Value
56,81,8,559653.55,2,1,3,6,Low Value
57,16,6,548349.21,4,1,2,7,Medium Value
58,78,7,438220.43,2,1,2,5,Low Value
59,25,17,833911.0599999999,3,4,4,11,High Value
60,19,11,596430.35,3,3,3,9,Medium Value
61,79,7,376842.21,2,1,1,4,Low Value
62,20,13,952438.15,3,4,4,11,High Value
63,16,12,712408.53,4,3,3,10,High Value
64,37,12,609936.58,3,3,3,9,Medium Value
65,5,9,257578.94,4,2,1,7,Medium Value
66,2,14,1064847.1199999999,4,4,4,12,High Value
67,61,10,962300.11,2,2,4,8,Medium Value
68,122,9,342518.64,1,2,1,4,Low Value
69,76,12,380257.96,2,3,1,6,Low Value
70,93,12,694692.95,1,3,3,7,Medium Value
71,20,13,648539.28,3,4,3,10,High Value
72,46,13,819852.53,2,4,4,10,High Value
73,31,13,728097.75,3,4,4,11,High Value
74,43,11,453325.85,2,3,2,7,Medium Value
75,169,5,505220.10000000003,1,1,2,4,Low Value
76,64,5,239917.36000000002,2,1,1,4,Low Value
77,24,12,718231.39,3,3,3,9,Medium Value
78,47,4,160940.88,2,1,1,4,Low Value
79,151,8,599027.63,1,1,3,5,Low Value
80,9,12,897346.58,4,3,4,11,High Value
81,87,9,450316.09,1,2,2,5,Low Value
82,9,15,633856.67,4,4,3,11,High Value
83,185,13,643850.21,1,4,3,8,Medium Value
84,6,9,821841.24,4,2,4,10,High Value
85,32,13,706011.03,3,4,3,10,High Value
86,6,11,392415.9,4,3,1,8,Medium Value
87,83,5,320708.92,1,1,1,3,Low Value
88,88,10,619628.9199999999,1,2,3,6,Low Value
89,2,9,832830.22,4,2,4,10,High Value
90,4,11,696619.28,4,3,3,10,High Value
91,44,6,198497.62,2,1,1,4,Low Value
92,12,18,1182803.83,4,4,4,12,High Value
93,26,9,326714.19,3,2,1,6,Low Value
94,249,7,467974.89,1,1,2,4,Low Value
95,74,6,390761.98,2,1,1,4,Low Value
96,199,9,525388.88,1,2,2,5,Low Value
97,90,8,540114.92,1,1,2,4,Low Value
98,68,10,542243.1599999999,2,2,2,6,Low Value
99,24,12,617133.38,3,3,3,9,Medium Value
100,37,12,668084.16,3,3,3,9,Medium Value
101,9,14,616966.08,4,4,3,11,High Value
102,13,11,907512.88,4,3,4,11,High Value
103,31,14,1023272.92,3,4,4,11,High Value
104,3,9,465105.78,4,2,2,8,Medium Value
105,1,11,758266.99,4,3,4,11,High Value
106,28,8,376230.6,3,1,1,5,Low Value
107,41,21,1247449.72,2,4,4,10,High Value
108,10,9,436017.77999999997,4,2,2,8,Medium Value
109,44,7,406786.61,2,1,1,4,Low Value
110,67,13,756229.09,2,4,4,10,High Value
111,19,14,908377.44,3,4,4,11,High Value
112,14,17,829709.86,4,4,4,12,High Value
113,89,9,359318.59,1,2,1,4,Low Value
114,32,9,321996.31,3,2,1,6,Low Value
115,76,7,521728.52999999997,2,1,2,5,Low Value
116,41,7,582204.35,2,1,3,6,Low Value
117,156,10,527955.62,1,2,2,5,Low Value
118,25,10,605475.02,3,2,3,8,Medium Value
119,71,12,456021.44,2,3,2,7,Medium Value
120,132,6,288831.33999999997,1,1,1,3,Low Value
121,46,15,717536.61,2,4,3,9,Medium Value
122,139,12,693106.77,1,3,3,7,Medium Value
123,29,8,272048.98,3,1,1,5,Low Value
124,25,12,575861.1,3,3,3,9,Medium Value
125,33,8,371537.95999999996,3,1,1,5,Low Value
126,100,10,356805.54000000004,1,2,1,4,Low Value
127,101,8,533817.89,1,1,2,4,Low Value
128,68,7,452518.97,2,1,2,5,Low Value
129,121,6,390901.74,1,1,1,3,Low Value
130,100,9,359167.9,1,2,1,4,Low Value
131,163,9,668436.38,1,2,3,6,Low Value
132,7,16,1096565.97,4,4,4,12,High Value
133,245,6,445528.65,1,1,2,4,Low Value
134,49,14,1020070.94,2,4,4,10,High Value
135,1,7,354722.04000000004,4,1,1,6,Low Value
136,16,12,693574.38,4,3,3,10,High Value
137,8,9,428903.99,4,2,2,8,Medium Value
138,65,10,395649.25,2,2,1,5,Low Value
139,160,15,747106.4,1,4,4,9,Medium Value
140,8,9,505087.4,4,2,2,8,Medium Value
141,25,8,679122.54,3,1,3,7,Medium Value
142,236,9,492706.97,1,2,2,5,Low Value
143,98,10,355863.47,1,2,1,4,Low Value
144,6,9,436423.35,4,2,2,8,Medium Value
145,6,5,339527.86,4,1,1,6,Low Value
146,20,6,389183.11,3,1,1,5,Low Value
147,103,8,532248.0,1,1,2,4,Low Value
148,104,8,349923.63,1,1,1,3,Low Value
149,21,9,696430.1799999999,3,2,3,8,Medium Value
150,80,8,286449.78,2,1,1,4,Low Value
151,15,11,609510.02,4,3,3,10,High Value
152,102,11,699435.24,1,3,3,7,Medium Value
153,81,8,321228.36,2,1,1,4,Low Value
154,22,10,564912.67,3,2,3,8,Medium Value
155,85,8,505844.63,1,1,2,4,Low Value
156,168,9,439555.49,1,2,2,5,Low Value
157,54,7,291289.11,2,1,1,4,Low Value
158,185,8,254574.71,1,1,1,3,Low Value
159,134,7,457975.25,1,1,2,4,Low Value
160,47,10,524172.92,2,2,2,6,Low Value
161,52,15,1187930.23,2,4,4,10,High Value
162,3,12,509006.86,4,3,2,9,Medium Value
163,6,8,446596.9,4,1,2,7,Medium Value
164,94,6,292967.4,1,1,1,3,Low Value
165,3,15,584896.13,4,4,3,11,High Value
166,4,8,422061.7,4,1,2,7,Medium Value
167,34,12,858199.5700000001,3,3,4,10,High Value
168,27,14,711362.86,3,4,3,10,High Value
169,53,15,680641.51,2,4,3,9,Medium Value
170,48,7,526598.14,2,1,2,5,Low Value
171,38,10,565353.51,3,2,3,8,Medium Value
172,15,10,528876.61,4,2,2,8,Medium Value
173,30,6,496893.52,3,1,2,6,Low Value
174,42,10,591224.93,2,2,3,7,Medium Value
175,9,8,446897.76,4,1,2,7,Medium Value
176,5,11,577209.27,4,3,3,10,High Value
177,89,7,313854.37,1,1,1,3,Low Value
178,25,11,659324.62,3,3,3,9,Medium Value
179,58,13,785202.14,2,4,4,10,High Value
180,45,11,827508.9,2,3,4,9,Medium Value
181,117,6,327682.69,1,1,1,3,Low Value
182,16,9,505070.89999999997,4,2,2,8,Medium Value
183,28,9,797841.9,3,2,4,9,Medium Value
184,7,7,434604.74,4,1,2,7,Medium Value
185,76,17,971030.4,2,4,4,10,High Value
186,61,14,742312.88,2,4,4,10,High Value
187,26,7,667504.58,3,1,3,7,Medium Value
188,3,12,431939.81,4,3,2,9,Medium Value
189,79,11,567529.0,2,3,3,8,Medium Value
190,40,7,438822.6,3,1,2,6,Low Value
191,63,11,478728.24,2,3,2,7,Medium Value
192,296,6,188678.71,1,1,1,3,Low Value
193,138,4,196815.9,1,1,1,3,Low Value
194,104,11,503221.88,1,3,2,6,Low Value
195,4,8,536792.05,4,1,2,7,Medium Value
196,2,15,892637.52,4,4,4,12,High Value
197,246,7,261989.51,1,1,1,3,Low Value
198,4,12,555560.2,4,3,2,9,Medium Value
199,171,8,406225.95,1,1,1,3,Low Value
200,48,10,413199.08,2,2,1,5,Low Value
201,74,11,803307.63,2,3,4,9,Medium Value
202,5,13,564708.92,4,4,3,11,High Value
203,23,9,577168.27,3,2,3,8,Medium Value
204,12,12,717506.77,4,3,3,10,High Value
205,53,14,635170.98,2,4,3,9,Medium Value
206,23,10,515625.76,3,2,2,7,Medium Value
207,12,9,513810.24,4,2,2,8,Medium Value
208,132,15,848106.86,1,4,4,9,Medium Value
209,76,7,423091.12,2,1,2,5,Low Value
210,90,13,819553.78,1,4,4,9,Medium Value
211,94,8,316380.31,1,1,1,3,Low Value
212,40,14,943992.72,3,4,4,11,High Value
213,62,4,248531.72,2,1,1,4,Low Value
214,27,11,718013.27,3,3,3,9,Medium Value
215,113,9,593999.35,1,2,3,6,Low Value
216,117,9,482084.13,1,2,2,5,Low Value
217,6,11,530387.82,4,3,2,9,Medium Value
218,62,5,175310.16999999998,2,1,1,4,Low Value
219,69,9,516285.72,2,2,2,6,Low Value
220,12,11,571515.48,4,3,3,10,High Value
221,25,16,679689.52,3,4,3,10,High Value
222,24,9,720149.98,3,2,3,8,Medium Value
223,119,12,852943.5499999999,1,3,4,8,Medium Value
224,135,6,554919.49,1,1,2,4,Low Value
225,261,10,737407.3,1,2,4,7,Medium Value
226,14,9,570420.18,4,2,3,9,Medium Value
227,10,14,900651.62,4,4,4,12,High Value
228,43,16,925005.91,2,4,4,10,High Value
229,186,8,479952.88,1,1,2,4,Low Value
230,57,15,599749.78,2,4,3,9,Medium Value
231,69,13,915904.98,2,4,4,10,High Value
232,5,12,820199.18,4,3,4,11,High Value
233,21,9,524559.85,3,2,2,7,Medium Value
234,1,13,680657.14,4,4,3,11,High Value
235,69,7,433904.43,2,1,2,5,Low Value
236,188,7,416113.65,1,1,1,3,Low Value
237,43,11,722156.73,2,3,3,8,Medium Value
238,126,13,745905.75,1,4,4,9,Medium Value
239,36,13,865462.75,3,4,4,11,High Value
240,16,18,1357069.97,4,4,4,12,High Value
241,16,15,968999.67,4,4,4,12,High Value
242,23,10,575839.89,3,2,3,8,Medium Value
243,37,9,345860.17,3,2,1,6,Low Value
244,11,9,609573.35,4,2,3,9,Medium Value
245,50,13,532367.5,2,4,2,8,Medium Value
246,56,14,929743.9,2,4,4,10,High Value
247,60,14,695476.5,2,4,3,9,Medium Value
248,128,11,566511.63,1,3,3,7,Medium Value
249,118,9,622411.8,1,2,3,6,Low Value
250,123,11,593579.6100000001,1,3,3,7,Medium Value
251,46,7,414864.15,2,1,1,4,Low Value
252,42,7,286397.49,2,1,1,4,Low Value
253,207,10,496413.62,1,2,2,5,Low Value
254,57,5,507572.12,2,1,2,5,Low Value
255,97,8,545512.88,1,1,2,4,Low Value
256,12,11,825122.47,4,3,4,11,High Value
257,19,15,989088.46,3,4,4,11,High Value
258,32,11,589445.37,3,3,3,9,Medium Value
259,42,14,812109.28,2,4,4,10,High Value
260,127,14,844571.72,1,4,4,9,Medium Value
261,43,13,746831.38,2,4,4,10,High Value
262,25,10,789153.05,3,2,4,9,Medium Value
263,29,7,451267.05,3,1,2,6,Low Value
264,48,14,1026238.9,2,4,4,10,High Value
265,69,9,573723.5,2,2,3,7,Medium Value
266,12,13,562678.4400000001,4,4,3,11,High Value
267,20,11,583039.09,3,3,3,9,Medium Value
268,46,10,893927.8,2,2,4,8,Medium Value
269,61,10,695063.46,2,2,3,7,Medium Value
270,44,14,606427.56,2,4,3,9,Medium Value
271,52,12,820960.48,2,3,4,9,Medium Value
272,34,6,177317.3,3,1,1,5,Low Value
273,99,12,1081817.1,1,3,4,8,Medium Value
274,86,3,91047.03,1,1,1,3,Low Value
275,7,3,35728.869999999995,4,1,1,6,Low Value
276,163,14,1212138.2,1,4,4,9,Medium Value
277,23,8,341814.83,3,1,1,5,Low Value
278,49,10,586481.54,2,2,3,7,Medium Value
279,49,7,362103.29,2,1,1,4,Low Value
280,84,13,1007100.22,1,4,4,9,Medium Value
281,145,5,97637.52,1,1,1,3,Low Value
282,38,9,641871.15,3,2,3,8,Medium Value
283,52,8,515768.64,2,1,2,5,Low Value
284,22,11,753718.02,3,3,4,10,High Value
285,7,12,665285.7,4,3,3,10,High Value
286,37,7,478675.88999999996,3,1,2,6,Low Value
287,258,6,328557.69,1,1,1,3,Low Value
288,30,12,612329.9299999999,3,3,3,9,Medium Value
289,46,4,322523.48,2,1,1,4,Low Value
290,32,15,925384.8,3,4,4,11,High Value
291,35,18,975018.28,3,4,4,11,High Value
292,112,7,571531.91,1,1,3,5,Low Value
293,16,13,736920.61,4,4,4,12,High Value
294,5,11,493718.13,4,3,2,9,Medium Value
295,403,5,306841.49,1,1,1,3,Low Value
296,36,11,631380.7100000001,3,3,3,9,Medium Value
297,69,6,306855.86,2,1,1,4,Low Value
298,62,7,607730.39,2,1,3,6,Low Value
299,21,7,651381.6,3,1,3,7,Medium Value
300,28,15,834131.96,3,4,4,11,High Value
301,82,7,416707.02,2,1,1,4,Low Value
302,19,13,636717.39,3,4,3,10,High Value
303,98,6,609356.34,1,1,3,5,Low Value
304,5,18,1057868.9,4,4,4,12,High Value
305,74,9,897537.51,2,2,4,8,Medium Value
306,43,11,721032.79,2,3,3,8,Medium Value
307,37,11,834302.02,3,3,4,10,High Value
308,57,12,759653.57,2,3,4,9,Medium Value
309,116,12,660789.71,1,3,3,7,Medium Value
310,226,8,527650.76,1,1,2,4,Low Value
311,82,5,358285.06,2,1,1,4,Low Value
312,40,9,329958.86,3,2,1,6,Low Value
313,2,6,197682.55,4,1,1,6,Low Value
314,9,12,473401.41,4,3,2,9,Medium Value
315,141,6,476751.83,1,1,2,4,Low Value
316,134,8,175369.09999999998,1,1,1,3,Low Value
317,32,10,499560.98,3,2,2,7,Medium Value
318,47,12,928607.77,2,3,4,9,Medium Value
319,6,8,401047.55000000005,4,1,1,6,Low Value
320,89,10,573653.52,1,2,3,6,Low Value
321,13,4,231702.81,4,1,1,6,Low Value
322,3,9,618073.92,4,2,3,9,Medium Value
323,101,6,504853.92000000004,1,1,2,4,Low Value
324,53,6,285100.69,2,1,1,4,Low Value
325,21,8,422617.57,3,1,2,6,Low Value
326,16,7,461130.13,4,1,2,7,Medium Value
327,103,8,606763.77,1,1,3,5,Low Value
328,2,10,670704.49,4,2,3,9,Medium Value
329,67,15,872192.03,2,4,4,10,High Value
330,8,11,532216.88,4,3,2,9,Medium Value
331,77,7,665365.69,2,1,3,6,Low Value
332,17,16,955342.22,4,4,4,12,High Value
333,56,12,651897.34,2,3,3,8,Medium Value
334,57,9,480251.35000000003,2,2,2,6,Low Value
335,51,13,881684.46,2,4,4,10,High Value
336,15,13,729247.11,4,4,4,12,High Value
337,26,7,304998.38,3,1,1,5,Low Value
338,44,7,436218.28,2,1,2,5,Low Value
339,66,13,866329.98,2,4,4,10,High Value
340,17,11,546620.54,4,3,2,9,Medium Value
341,34,14,937911.8500000001,3,4,4,11,High Value
342,232,7,420929.11,1,1,2,4,Low Value
343,13,9,462729.14,4,2,2,8,Medium Value
344,22,10,812019.35,3,2,4,9,Medium Value
345,6,13,755686.66,4,4,4,12,High Value
346,60,8,586931.02,2,1,3,6,Low Value
347,110,6,542745.98,1,1,2,4,Low Value
348,22,8,370323.03,3,1,1,5,Low Value
349,14,11,1035896.5,4,3,4,11,High Value
350,59,12,714396.5,2,3,3,8,Medium Value
351,118,12,769313.52,1,3,4,8,Medium Value
352,2,6,165595.86,4,1,1,6,Low Value
353,100,11,578306.01,1,3,3,7,Medium Value
354,39,14,927446.3400000001,3,4,4,11,High Value
355,111,9,851476.05,1,2,4,7,Medium Value
356,103,10,621964.27,1,2,3,6,Low Value
357,18,10,535561.3400000001,3,2,2,7,Medium Value
358,12,12,408069.11,4,3,1,8,Medium Value
359,64,9,547964.94,2,2,2,6,Low Value
360,57,15,776956.04,2,4,4,10,High Value
361,50,15,1137585.47,2,4,4,10,High Value
362,4,12,631768.88,4,3,3,10,High Value
363,7,10,700825.14,4,2,3,9,Medium Value
364,121,12,996211.56,1,3,4,8,Medium Value
365,2,12,543683.05,4,3,2,9,Medium Value
366,5,7,439515.12,4,1,2,7,Medium Value
367,81,7,298548.64,2,1,1,4,Low Value
368,102,9,620092.21,1,2,3,6,Low Value
369,13,15,860609.47,4,4,4,12,High Value
370,91,7,289663.42,1,1,1,3,Low Value
371,22,10,867454.3200000001,3,2,4,9,Medium Value
372,97,4,141891.02,1,1,1,3,Low Value
373,164,6,344876.01,1,1,1,3,Low Value
374,11,7,466227.71,4,1,2,7,Medium Value
375,152,8,316931.86,1,1,1,3,Low Value
376,192,13,585437.09,1,4,3,8,Medium Value
377,23,14,1000435.3400000001,3,4,4,11,High Value
378,26,8,293369.05,3,1,1,5,Low Value
379,73,8,343882.25,2,1,1,4,Low Value
380,85,10,621655.64,1,2,3,6,Low Value
381,49,9,348830.38,2,2,1,5,Low Value
382,64,9,672087.33,2,2,3,7,Medium Value
383,78,10,715921.9299999999,2,2,3,7,Medium Value
384,49,13,576981.77,2,4,3,9,Medium Value
385,27,9,540343.28,3,2,2,7,Medium Value
386,98,8,419680.74,1,1,2,4,Low Value
387,13,10,553200.61,4,2,2,8,Medium Value
388,50,13,715659.77,2,4,3,9,Medium Value
389,114,9,745659.06,1,2,4,7,Medium Value
390,101,17,950610.06,1,4,4,9,Medium Value
391,60,9,539131.7,2,2,2,6,Low Value
392,69,15,787618.05,2,4,4,10,High Value
393,5,11,670743.61,4,3,3,10,High Value
394,70,16,1099309.58,2,4,4,10,High Value
395,16,11,540034.4,4,3,2,9,Medium Value
396,67,9,397734.44,2,2,1,5,Low Value
397,118,8,579585.05,1,1,3,5,Low Value
398,168,7,284618.96,1,1,1,3,Low Value
399,3,10,423832.87,4,2,2,8,Medium Value
400,42,11,565712.14,2,3,3,8,Medium Value
401,9,8,592259.12,4,1,3,8,Medium Value
402,31,11,474499.9,3,3,2,8,Medium Value
403,8,16,1003384.24,4,4,4,12,High Value
404,3,10,642897.29,4,2,3,9,Medium Value
405,22,9,589339.85,3,2,3,8,Medium Value
406,41,6,312242.55000000005,2,1,1,4,Low Value
407,60,8,245586.9,2,1,1,4,Low Value
408,24,12,677639.47,3,3,3,9,Medium Value
409,8,10,688595.51,4,2,3,9,Medium Value
410,54,8,653906.85,2,1,3,6,Low Value
411,9,7,454609.68000000005,4,1,2,7,Medium Value
412,2,14,564189.19,4,4,3,11,High Value
413,28,11,782751.34,3,3,4,10,High Value
414,43,9,714500.28,2,2,3,7,Medium Value
415,28,8,467768.84,3,1,2,6,Low Value
416,25,10,447102.44,3,2,2,7,Medium Value
417,59,13,791206.52,2,4,4,10,High Value
418,99,5,273058.1,1,1,1,3,Low Value
419,29,8,311221.99,3,1,1,5,Low Value
420,8,9,538506.25,4,2,2,8,Medium Value
421,4,16,1033920.04,4,4,4,12,High Value
422,47,10,570352.99,2,2,3,7,Medium Value
423,56,11,577369.25,2,3,3,8,Medium Value
424,101,5,463286.66000000003,1,1,2,4,Low Value
425,143,13,555353.65,1,4,2,7,Medium Value
426,71,10,810180.78,2,2,4,8,Medium Value
427,29,5,234807.66999999998,3,1,1,5,Low Value
428,127,8,438944.5,1,1,2,4,Low Value
429,14,6,228898.75,4,1,1,6,Low Value
430,60,8,382296.4,2,1,1,4,Low Value
431,72,6,438264.61,2,1,2,5,Low Value
432,26,9,498449.14,3,2,2,7,Medium Value
433,54,17,782404.78,2,4,4,10,High Value
434,29,8,734435.45,3,1,4,8,Medium Value
435,107,13,962541.3,1,4,4,9,Medium Value
436,1,13,731220.24,4,4,4,12,High Value
437,135,13,731610.58,1,4,4,9,Medium Value
438,35,10,567183.5700000001,3,2,3,8,Medium Value
439,21,6,470943.82,3,1,2,6,Low Value
440,151,8,584735.93,1,1,3,5,Low Value
441,40,17,1149326.32,3,4,4,11,High Value
442,86,8,433684.97000000003,1,1,2,4,Low Value
443,16,9,414553.52999999997,4,2,1,7,Medium Value
444,190,13,774861.71,1,4,4,9,Medium Value
445,149,5,60923.12,1,1,1,3,Low Value
446,32,9,699408.9,3,2,3,8,Medium Value
447,104,9,707942.24,1,2,3,6,Low Value
448,2,6,219993.19,4,1,1,6,Low Value
449,2,13,548725.42,4,4,2,10,High Value
450,21,20,1240545.0,3,4,4,11,High Value
451,39,9,470098.23,3,2,2,7,Medium Value
452,71,5,250003.06000000003,2,1,1,4,Low Value
453,34,13,764050.42,3,4,4,11,High Value
454,7,13,622236.29,4,4,3,11,High Value
455,63,5,325318.02999999997,2,1,1,4,Low Value
456,100,12,533544.28,1,3,2,6,Low Value
457,23,11,658096.24,3,3,3,9,Medium Value
458,1,7,279905.32,4,1,1,6,Low Value
459,72,9,611114.98,2,2,3,7,Medium Value
460,2,13,1007713.25,4,4,4,12,High Value
461,13,13,1011110.62,4,4,4,12,High Value
462,41,15,602574.39,2,4,3,9,Medium Value
463,24,8,480710.53,3,1,2,6,Low Value
464,42,9,689068.8,2,2,3,7,Medium Value
465,3,12,449110.77,4,3,2,9,Medium Value
466,15,6,278035.64,4,1,1,6,Low Value
467,22,8,437713.74,3,1,2,6,Low Value
468,120,8,240798.39,1,1,1,3,Low Value
469,5,10,505773.64,4,2,2,8,Medium Value
470,5,7,462663.23,4,1,2,7,Medium Value
471,8,13,738576.02,4,4,4,12,High Value
472,53,12,858444.59,2,3,4,9,Medium Value
473,50,16,731968.99,2,4,4,10,High Value
474,65,11,840224.78,2,3,4,9,Medium Value
475,107,9,496403.96,1,2,2,5,Low Value
476,4,8,417988.86,4,1,2,7,Medium Value
477,15,4,223321.55,4,1,1,6,Low Value
478,244,6,328548.12,1,1,1,3,Low Value
479,3,12,1020249.8300000001,4,3,4,11,High Value
480,8,12,492641.01,4,3,2,9,Medium Value
481,82,6,137334.43,2,1,1,4,Low Value
482,2,6,417249.92,4,1,2,7,Medium Value
483,21,11,636188.27,3,3,3,9,Medium Value
484,4,11,561862.4,4,3,3,10,High Value
485,118,7,324682.03,1,1,1,3,Low Value
486,121,7,665483.3300000001,1,1,3,5,Low Value
487,9,5,343784.70999999996,4,1,1,6,Low Value
488,2,9,364039.61,4,2,1,7,Medium Value
489,45,15,699875.11,2,4,3,9,Medium Value
490,57,9,241926.96,2,2,1,5,Low Value
491,29,9,720030.02,3,2,3,8,Medium Value
492,11,9,299536.44,4,2,1,7,Medium Value
493,196,7,806940.1699999999,1,1,4,6,Low Value
494,3,11,724393.41,4,3,3,10,High Value
495,121,6,488802.82,1,1,2,4,Low Value
496,1,11,864502.88,4,3,4,11,High Value
497,48,11,884816.54,2,3,4,9,Medium Value
498,12,17,1460544.48,4,4,4,12,High Value
499,9,8,484631.11,4,1,2,7,Medium Value
500,11,11,389196.44,4,3,1,8,Medium Value
501,19,12,645436.5499999999,3,3,3,9,Medium Value
502,22,3,245584.24,3,1,1,5,Low Value
503,59,11,581254.36,2,3,3,8,Medium Value
504,110,8,515552.78,1,1,2,4,Low Value
505,77,16,766882.22,2,4,4,10,High Value
506,28,12,703996.43,3,3,3,9,Medium Value
507,37,12,768682.63,3,3,4,10,High Value
508,49,8,323854.33999999997,2,1,1,4,Low Value
509,182,9,508517.89,1,2,2,5,Low Value
510,7,12,902353.5399999999,4,3,4,11,High Value
511,145,10,616119.0,1,2,3,6,Low Value
512,208,6,293764.99,1,1,1,3,Low Value
513,21,15,687232.61,3,4,3,10,High Value
514,70,12,461921.28,2,3,2,7,Medium Value
515,15,16,1001143.32,4,4,4,12,High Value
516,174,12,582637.78,1,3,3,7,Medium Value
517,4,10,510522.38999999996,4,2,2,8,Medium Value
518,38,11,729421.78,3,3,4,10,High Value
519,31,12,529598.61,3,3,2,8,Medium Value
520,119,7,472520.37,1,1,2,4,Low Value
521,93,5,274666.82,1,1,1,3,Low Value
522,17,14,880999.42,4,4,4,12,High Value
523,1,14,739803.14,4,4,4,12,High Value
524,83,12,749709.09,1,3,4,8,Medium Value
525,30,9,598535.24,3,2,3,8,Medium Value
526,1,9,470868.33999999997,4,2,2,8,Medium Value
527,92,7,289763.48,1,1,1,3,Low Value
528,76,9,707651.54,2,2,3,7,Medium Value
529,35,11,637122.0700000001,3,3,3,9,Medium Value
530,84,10,520436.69,1,2,2,5,Low Value
531,20,15,1193402.09,3,4,4,11,High Value
532,1,16,1265959.87,4,4,4,12,High Value
533,39,8,476853.82999999996,3,1,2,6,Low Value
534,86,12,720178.29,1,3,3,7,Medium Value
535,18,7,500379.73000000004,3,1,2,6,Low Value
536,101,12,459071.71,1,3,2,6,Low Value
537,27,9,613128.75,3,2,3,8,Medium Value
538,1,11,701305.28,4,3,3,10,High Value
539,12,11,503550.54000000004,4,3,2,9,Medium Value
540,172,12,597272.77,1,3,3,7,Medium Value
541,31,11,696078.3300000001,3,3,3,9,Medium Value
542,92,10,996650.22,1,2,4,7,Medium Value
543,143,15,1083538.85,1,4,4,9,Medium Value
544,118,8,410586.29,1,1,1,3,Low Value
545,105,13,858222.53,1,4,4,9,Medium Value
546,100,11,530300.87,1,3,2,6,Low Value
547,25,10,444688.01,3,2,2,7,Medium Value
548,165,6,233007.81,1,1,1,3,Low Value
549,49,6,242710.41,2,1,1,4,Low Value
550,7,6,304909.63,4,1,1,6,Low Value
551,26,7,357996.32,3,1,1,5,Low Value
552,65,8,400766.8,2,1,1,4,Low Value
553,92,8,522146.98,1,1,2,4,Low Value
554,208,7,506598.44999999995,1,1,2,4,Low Value
555,28,14,811999.28,3,4,4,11,High Value
556,64,20,1217544.7,2,4,4,10,High Value
557,33,8,516400.81000000006,3,1,2,6,Low Value
558,3,10,620220.5,4,2,3,9,Medium Value
559,130,8,391328.75,1,1,1,3,Low Value
560,1,12,256788.69,4,3,1,8,Medium Value
561,1,15,1079837.16,4,4,4,12,High Value
562,85,11,533055.91,1,3,2,6,Low Value
563,140,8,477279.63,1,1,2,4,Low Value
564,46,5,407461.03,2,1,1,4,Low Value
565,80,6,181788.96,2,1,1,4,Low Value
566,143,9,693372.4199999999,1,2,3,6,Low Value
567,129,11,667145.49,1,3,3,7,Medium Value
568,56,17,824875.76,2,4,4,10,High Value
569,16,12,627129.25,4,3,3,10,High Value
570,15,12,759719.78,4,3,4,11,High Value
571,62,10,402802.79,2,2,1,5,Low Value
572,16,11,444651.54,4,3,2,9,Medium Value
573,11,7,379266.36,4,1,1,6,Low Value
574,26,8,341087.55,3,1,1,5,Low Value
575,1,16,1175054.35,4,4,4,12,High Value
576,14,12,593618.69,4,3,3,10,High Value
577,36,10,431072.0,3,2,2,7,Medium Value
578,93,11,754685.44,1,3,4,8,Medium Value
579,34,11,594383.73,3,3,3,9,Medium Value
580,42,10,588531.93,2,2,3,7,Medium Value
581,2,13,883917.25,4,4,4,12,High Value
582,75,6,266508.05,2,1,1,4,Low Value
583,223,6,276742.06,1,1,1,3,Low Value
584,18,11,667078.64,3,3,3,9,Medium Value
585,26,7,378701.69,3,1,1,5,Low Value
586,10,6,221362.87,4,1,1,6,Low Value
587,28,9,482109.33,3,2,2,7,Medium Value
588,30,11,546487.43,3,3,2,8,Medium Value
589,78,6,474728.63,2,1,2,5,Low Value
590,32,15,1018802.1,3,4,4,11,High Value
591,4,8,528116.25,4,1,2,7,Medium Value
592,37,14,801064.44,3,4,4,11,High Value
593,11,11,559563.64,4,3,3,10,High Value
594,61,14,811656.99,2,4,4,10,High Value
595,49,8,457783.35,2,1,2,5,Low Value
596,41,12,619899.98,2,3,3,8,Medium Value
597,66,6,304911.93,2,1,1,4,Low Value
598,109,8,489438.25,1,1,2,4,Low Value
599,164,9,667426.79,1,2,3,6,Low Value
600,40,13,727178.19,3,4,4,11,High Value
601,175,12,895717.8300000001,1,3,4,8,Medium Value
602,41,13,1074409.12,2,4,4,10,High Value
603,7,14,738090.22,4,4,4,12,High Value
604,19,7,271219.78,3,1,1,5,Low Value
605,4,16,805212.85,4,4,4,12,High Value
606,29,18,1041395.49,3,4,4,11,High Value
607,74,6,320301.44,2,1,1,4,Low Value
608,4,8,648115.3,4,1,3,8,Medium Value
609,91,11,726320.69,1,3,4,8,Medium Value
610,118,8,628394.22,1,1,3,5,Low Value
611,22,10,480879.06,3,2,2,7,Medium Value
612,1,16,1063094.21,4,4,4,12,High Value
613,49,9,351659.16000000003,2,2,1,5,Low Value
614,99,13,845633.9,1,4,4,9,Medium Value
615,67,11,695211.29,2,3,3,8,Medium Value
616,70,12,719458.57,2,3,3,8,Medium Value
617,44,11,978644.53,2,3,4,9,Medium Value
618,10,14,992027.41,4,4,4,12,High Value
619,19,10,685178.98,3,2,3,8,Medium Value
620,58,8,565112.69,2,1,3,6,Low Value
621,21,17,950003.12,3,4,4,11,High Value
622,20,8,722575.3200000001,3,1,3,7,Medium Value
623,151,10,599893.9299999999,1,2,3,6,Low Value
624,46,10,552808.47,2,2,2,6,Low Value
625,140,5,433803.01,1,1,2,4,Low Value
626,93,7,386432.76,1,1,1,3,Low Value
627,185,9,500506.5,1,2,2,5,Low Value
628,72,8,501723.31,2,1,2,5,Low Value
629,4,9,577218.04,4,2,3,9,Medium Value
630,9,17,982060.89,4,4,4,12,High Value
631,49,8,271242.19,2,1,1,4,Low Value
632,4,10,450988.69,4,2,2,8,Medium Value
633,13,6,364743.94,4,1,1,6,Low Value
634,22,12,492081.97,3,3,2,8,Medium Value
635,30,9,643105.79,3,2,3,8,Medium Value
636,20,6,307832.12,3,1,1,5,Low Value
637,13,11,732431.8200000001,4,3,4,11,High Value
638,12,12,753758.78,4,3,4,11,High Value
639,9,12,1062490.27,4,3,4,11,High Value
640,5,7,429513.52,4,1,2,7,Medium Value
641,10,8,485958.34,4,1,2,7,Medium Value
642,14,12,534296.8200000001,4,3,2,9,Medium Value
643,44,5,237109.32,2,1,1,4,Low Value
644,149,11,479977.61000000004,1,3,2,6,Low Value
645,34,7,562090.34,3,1,3,7,Medium Value
646,5,15,845165.9500000001,4,4,4,12,High Value
647,375,6,294049.58,1,1,1,3,Low Value
648,48,16,961681.9199999999,2,4,4,10,High Value
649,52,8,239820.91999999998,2,1,1,4,Low Value
650,283,10,428324.16,1,2,2,5,Low Value
651,62,9,508444.95999999996,2,2,2,6,Low Value
652,36,8,514135.07,3,1,2,6,Low Value
653,23,6,387762.99,3,1,1,5,Low Value
654,5,13,501716.68,4,4,2,10,High Value
655,5,12,740354.61,4,3,4,11,High Value
656,19,6,266597.61,3,1,1,5,Low Value
657,71,9,673676.01,2,2,3,7,Medium Value
658,33,11,747269.36,3,3,4,10,High Value
659,12,9,506805.9,4,2,2,8,Medium Value
660,153,8,517357.91000000003,1,1,2,4,Low Value
661,51,13,547002.43,2,4,2,8,Medium Value
662,40,8,541883.01,3,1,2,6,Low Value
663,44,9,439095.51,2,2,2,6,Low Value
664,68,10,671165.1,2,2,3,7,Medium Value
665,159,5,430403.51,1,1,2,4,Low Value
666,21,10,413399.5,3,2,1,6,Low Value
667,51,8,483811.65,2,1,2,5,Low Value
668,27,7,323034.29,3,1,1,5,Low Value
669,40,8,442705.05,3,1,2,6,Low Value
670,193,8,209650.01,1,1,1,3,Low Value
671,19,9,464662.94,3,2,2,7,Medium Value
672,32,13,595625.22,3,4,3,10,High Value
673,21,5,239135.11,3,1,1,5,Low Value
674,2,9,712936.96,4,2,3,9,Medium Value
675,129,7,674799.22,1,1,3,5,Low Value
676,3,13,533274.34,4,4,2,10,High Value
677,8,13,665287.38,4,4,3,11,High Value
678,7,10,745365.16,4,2,4,10,High Value
679,109,12,669006.24,1,3,3,7,Medium Value
680,47,8,303053.7,2,1,1,4,Low Value
681,11,7,462890.25,4,1,2,7,Medium Value
682,10,7,249364.85,4,1,1,6,Low Value
683,99,7,401829.29000000004,1,1,1,3,Low Value
684,18,13,714030.88,3,4,3,10,High Value
685,26,13,802074.9400000001,3,4,4,11,High Value
686,69,12,397083.13,2,3,1,6,Low Value
687,26,11,506199.38,3,3,2,8,Medium Value
688,10,7,638253.6699999999,4,1,3,8,Medium Value
689,145,6,533195.54,1,1,2,4,Low Value
690,69,9,613146.16,2,2,3,7,Medium Value
691,21,11,704380.95,3,3,3,9,Medium Value
692,87,7,492566.23000000004,1,1,2,4,Low Value
693,142,8,414368.36,1,1,1,3,Low Value
694,64,15,913221.8,2,4,4,10,High Value
695,6,8,378875.01,4,1,1,6,Low Value
696,61,6,313580.01,2,1,1,4,Low Value
697,41,5,300389.07,2,1,1,4,Low Value
698,154,10,433712.19999999995,1,2,2,5,Low Value
699,53,9,238459.82,2,2,1,5,Low Value
700,45,10,845543.65,2,2,4,8,Medium Value
701,100,10,457524.4,1,2,2,5,Low Value
702,18,6,184536.68,3,1,1,5,Low Value
703,113,12,830644.74,1,3,4,8,Medium Value
704,48,7,405130.56,2,1,1,4,Low Value
705,34,11,727876.04,3,3,4,10,High Value
706,96,10,622182.72,1,2,3,6,Low Value
707,42,8,388393.33,2,1,1,4,Low Value
708,18,12,612776.63,3,3,3,9,Medium Value
709,89,4,153167.21,1,1,1,3,Low Value
710,55,10,811892.75,2,2,4,8,Medium Value
711,3,13,710384.56,4,4,3,11,High Value
712,18,10,773699.46,3,2,4,9,Medium Value
713,72,11,658489.86,2,3,3,8,Medium Value
714,68,8,360000.16000000003,2,1,1,4,Low Value
715,10,13,687344.79,4,4,3,11,High Value
716,192,9,418831.45,1,2,2,5,Low Value
717,20,13,915454.5399999999,3,4,4,11,High Value
718,60,9,572999.37,2,2,3,7,Medium Value
719,55,8,357341.88,2,1,1,4,Low Value
720,67,12,706760.29,2,3,3,8,Medium Value
721,50,6,378101.8,2,1,1,4,Low Value
722,43,15,837637.85,2,4,4,10,High Value
723,144,7,363665.89,1,1,1,3,Low Value
724,64,9,649178.64,2,2,3,7,Medium Value
725,14,17,898061.75,4,4,4,12,High Value
726,58,6,381949.81,2,1,1,4,Low Value
727,31,8,542828.0,3,1,2,6,Low Value
728,225,4,182777.56,1,1,1,3,Low Value
729,61,8,684180.21,2,1,3,6,Low Value
730,10,11,651266.67,4,3,3,10,High Value
731,37,8,402064.16000000003,3,1,1,5,Low Value
732,56,6,328688.63,2,1,1,4,Low Value
733,11,17,866895.72,4,4,4,12,High Value
734,42,13,689088.21,2,4,3,9,Medium Value
735,112,6,324648.56,1,1,1,3,Low Value
736,25,12,741659.9800000001,3,3,4,10,High Value
737,52,11,353570.61,2,3,1,6,Low Value
738,17,13,818792.15,4,4,4,12,High Value
739,27,7,202683.81,3,1,1,5,Low Value
740,6,8,788751.91,4,1,4,9,Medium Value
741,9,13,655890.36,4,4,3,11,High Value
742,15,19,969968.23,4,4,4,12,High Value
743,36,12,896998.9199999999,3,3,4,10,High Value
744,9,17,868185.5,4,4,4,12,High Value
745,13,12,753811.08,4,3,4,11,High Value
746,113,8,575165.75,1,1,3,5,Low Value
747,47,13,831054.96,2,4,4,10,High Value
748,9,9,663108.72,4,2,3,9,Medium Value
749,31,9,502253.54000000004,3,2,2,7,Medium Value
750,59,14,836856.84,2,4,4,10,High Value
751,116,8,641702.02,1,1,3,5,Low Value
752,9,10,655869.51,4,2,3,9,Medium Value
753,41,10,434478.81,2,2,2,6,Low Value
754,56,13,810792.24,2,4,4,10,High Value
755,123,8,587297.23,1,1,3,5,Low Value
756,32,13,594983.0399999999,3,4,3,10,High Value
757,53,10,440352.63,2,2,2,6,Low Value
758,36,13,611167.4400000001,3,4,3,10,High Value
759,20,9,384905.67000000004,3,2,1,6,Low Value
760,2,12,746076.33,4,3,4,11,High Value
761,120,11,534456.26,1,3,2,6,Low Value
762,6,14,1000004.75,4,4,4,12,High Value
763,114,9,407193.17,1,2,1,4,Low Value
764,3,10,448779.43,4,2,2,8,Medium Value
765,108,8,610639.9,1,1,3,5,Low Value
766,9,11,663678.67,4,3,3,10,High Value
767,32,8,409761.7,3,1,1,5,Low Value
768,78,7,345172.94,2,1,1,4,Low Value
769,42,11,548724.86,2,3,2,7,Medium Value
770,158,8,287851.14,1,1,1,3,Low Value
771,124,11,479396.8,1,3,2,6,Low Value
772,54,11,471794.07,2,3,2,7,Medium Value
773,60,12,892674.35,2,3,4,9,Medium Value
774,27,7,465475.3,3,1,2,6,Low Value
775,17,11,701252.38,4,3,3,10,High Value
776,13,11,581722.37,4,3,3,10,High Value
777,2,7,257587.69,4,1,1,6,Low Value
778,54,7,574119.94,2,1,3,6,Low Value
779,13,13,593343.73,4,4,3,11,High Value
780,385,4,274917.44,1,1,1,3,Low Value
781,175,5,261626.91,1,1,1,3,Low Value
782,109,9,334600.08999999997,1,2,1,4,Low Value
783,38,16,1039219.79,3,4,4,11,High Value
784,117,9,596439.12,1,2,3,6,Low Value
785,27,4,202953.81999999998,3,1,1,5,Low Value
786,69,18,1231046.05,2,4,4,10,High Value
787,5,9,477300.76999999996,4,2,2,8,Medium Value
788,6,13,950098.3200000001,4,4,4,12,High Value
789,44,11,716295.89,2,3,3,8,Medium Value
790,56,15,746228.73,2,4,4,10,High Value
791,89,9,543151.11,1,2,2,5,Low Value
792,39,16,1179120.61,3,4,4,11,High Value
793,30,12,665173.4299999999,3,3,3,9,Medium Value
794,182,11,540805.97,1,3,2,6,Low Value
795,1,13,541066.73,4,4,2,10,High Value
796,26,9,649965.02,3,2,3,8,Medium Value
797,114,7,487548.32,1,1,2,4,Low Value
798,26,19,1040392.22,3,4,4,11,High Value
799,19,7,273367.23,3,1,1,5,Low Value
800,44,4,163945.02000000002,2,1,1,4,Low Value
801,17,11,423509.08999999997,4,3,2,9,Medium Value
802,75,5,225029.79,2,1,1,4,Low Value
803,30,12,903323.25,3,3,4,10,High Value
804,4,19,715375.04,4,4,3,11,High Value
805,42,14,768031.38,2,4,4,10,High Value
806,5,13,903133.22,4,4,4,12,High Value
807,13,14,648433.0,4,4,3,11,High Value
808,74,9,343738.71,2,2,1,5,Low Value
809,87,9,394439.78,1,2,1,4,Low Value
810,1,7,330312.73,4,1,1,6,Low Value
811,63,14,670495.06,2,4,3,9,Medium Value
812,56,10,655292.39,2,2,3,7,Medium Value
813,102,7,285343.64,1,1,1,3,Low Value
814,101,12,485959.81,1,3,2,6,Low Value
815,27,12,464949.72,3,3,2,8,Medium Value
816,18,13,723362.65,3,4,3,10,High Value
817,164,6,179139.14,1,1,1,3,Low Value
818,22,6,230880.68,3,1,1,5,Low Value
819,12,9,464879.25,4,2,2,8,Medium Value
820,4,10,832388.6,4,2,4,10,High Value
821,14,9,565170.97,4,2,3,9,Medium Value
822,2,9,655208.03,4,2,3,9,Medium Value
823,22,10,404983.07,3,2,1,6,Low Value
824,2,9,414451.24,4,2,1,7,Medium Value
825,58,12,887743.23,2,3,4,9,Medium Value
826,43,9,460559.31,2,2,2,6,Low Value
827,103,8,300587.75,1,1,1,3,Low Value
828,5,13,454971.85,4,4,2,10,High Value
829,166,5,217639.09000000003,1,1,1,3,Low Value
830,34,9,457203.83999999997,3,2,2,7,Medium Value
831,51,7,419443.83999999997,2,1,2,5,Low Value
832,71,7,211024.72999999998,2,1,1,4,Low Value
833,28,6,254218.49,3,1,1,5,Low Value
834,138,10,530930.33,1,2,2,5,Low Value
835,2,12,930139.57,4,3,4,11,High Value
836,15,8,653672.08,4,1,3,8,Medium Value
837,29,8,434621.78,3,1,2,6,Low Value
838,70,10,497248.59,2,2,2,6,Low Value
839,33,10,667160.86,3,2,3,8,Medium Value
840,177,4,312613.58,1,1,1,3,Low Value
841,299,8,291377.56,1,1,1,3,Low Value
842,2,13,913152.27,4,4,4,12,High Value
843,16,6,342291.42000000004,4,1,1,6,Low Value
844,37,6,356937.39,3,1,1,5,Low Value
845,22,12,836843.5,3,3,4,10,High Value
846,35,9,359995.72,3,2,1,6,Low Value
847,30,8,294771.68,3,1,1,5,Low Value
848,34,11,575925.33,3,3,3,9,Medium Value
849,18,8,523050.14999999997,3,1,2,6,Low Value
850,105,9,588395.77,1,2,3,6,Low Value
851,14,12,509163.91,4,3,2,9,Medium Value
852,55,12,635181.25,2,3,3,8,Medium Value
853,39,6,227015.26,3,1,1,5,Low Value
854,18,8,667017.47,3,1,3,7,Medium Value
855,99,13,723527.67,1,4,3,8,Medium Value
856,24,10,543226.54,3,2,2,7,Medium Value
857,14,9,594073.85,4,2,3,9,Medium Value
858,17,13,484988.78,4,4,2,10,High Value
859,190,6,256528.61000000002,1,1,1,3,Low Value
860,241,9,831583.83,1,2,4,7,Medium Value
861,27,15,783379.9600000001,3,4,4,11,High Value
862,298,7,689994.38,1,1,3,5,Low Value
863,25,9,536747.91,3,2,2,7,Medium Value
864,84,8,383918.76,1,1,1,3,Low Value
865,110,9,508396.43,1,2,2,5,Low Value
866,121,3,134686.61,1,1,1,3,Low Value
867,49,8,510562.52999999997,2,1,2,5,Low Value
868,40,13,853881.25,3,4,4,11,High Value
869,89,6,295763.26,1,1,1,3,Low Value
870,61,9,771854.35,2,2,4,8,Medium Value
871,19,9,545779.3,3,2,2,7,Medium Value
872,170,9,593065.12,1,2,3,6,Low Value
873,26,6,432505.21,3,1,2,6,Low Value
874,96,7,440708.22,1,1,2,4,Low Value
875,164,12,707643.29,1,3,3,7,Medium Value
876,144,13,735522.98,1,4,4,9,Medium Value
877,2,7,613155.42,4,1,3,8,Medium Value
878,8,14,846025.87,4,4,4,12,High Value
879,57,12,678655.25,2,3,3,8,Medium Value
880,76,5,205381.88,2,1,1,4,Low Value
881,23,11,433771.98,3,3,2,8,Medium Value
882,31,8,439513.95999999996,3,1,2,6,Low Value
883,35,13,726772.85,3,4,4,11,High Value
884,17,11,689979.22,4,3,3,10,High Value
885,100,5,376425.93,1,1,1,3,Low Value
886,100,15,1023305.36,1,4,4,9,Medium Value
887,60,9,660004.1,2,2,3,7,Medium Value
888,71,8,564671.35,2,1,3,6,Low Value
889,2,9,510190.61,4,2,2,8,Medium Value
890,82,12,737889.87,2,3,4,9,Medium Value
891,109,5,430565.08,1,1,2,4,Low Value
892,2,8,327379.41000000003,4,1,1,6,Low Value
893,6,12,713000.87,4,3,3,10,High Value
894,5,7,361242.14999999997,4,1,1,6,Low Value
895,61,7,436946.19999999995,2,1,2,5,Low Value
896,1,11,629370.4500000001,4,3,3,10,High Value
897,92,7,427101.73,1,1,2,4,Low Value
898,28,10,742686.5700000001,3,2,4,9,Medium Value
899,360,7,461281.92,1,1,2,4,Low Value
900,12,9,421700.18,4,2,2,8,Medium Value
901,34,15,731589.48,3,4,4,11,High Value
902,40,7,583755.35,3,1,3,7,Medium Value
903,166,6,236367.35,1,1,1,3,Low Value
904,111,7,558388.2,1,1,3,5,Low Value
905,5,13,868536.9400000001,4,4,4,12,High Value
906,67,10,542264.89,2,2,2,6,Low Value
907,6,9,442875.43,4,2,2,8,Medium Value
908,35,11,702353.3,3,3,3,9,Medium Value
909,45,5,223852.93,2,1,1,4,Low Value
910,114,8,470218.28,1,1,2,4,Low Value
911,166,10,675911.51,1,2,3,6,Low Value
912,230,6,322660.52,1,1,1,3,Low Value
913,84,8,397165.58,1,1,1,3,Low Value
914,19,11,410588.26,3,3,1,7,Medium Value
915,271,8,735217.79,1,1,4,6,Low Value
916,16,15,925459.61,4,4,4,12,High Value
917,39,16,680237.0800000001,3,4,3,10,High Value
918,36,9,478147.14,3,2,2,7,Medium Value
919,24,11,745899.06,3,3,4,10,High Value
920,39,7,422545.81,3,1,2,6,Low Value
921,13,7,536674.87,4,1,2,7,Medium Value
922,27,10,487081.55,3,2,2,7,Medium Value
923,60,11,602937.48,2,3,3,8,Medium Value
924,1,11,478276.93,4,3,2,9,Medium Value
925,186,3,296196.45999999996,1,1,1,3,Low Value
926,103,6,280161.98000000004,1,1,1,3,Low Value
927,106,8,467686.61000000004,1,1,2,4,Low Value
928,29,10,650840.83,3,2,3,8,Medium Value
929,179,3,46247.29,1,1,1,3,Low Value
930,60,12,1068781.12,2,3,4,9,Medium Value
931,13,14,952985.75,4,4,4,12,High Value
932,21,11,735339.49,3,3,4,10,High Value
933,33,9,500506.09,3,2,2,7,Medium Value
934,28,10,564274.86,3,2,3,8,Medium Value
935,109,3,92122.6,1,1,1,3,Low Value
936,10,15,594462.6,4,4,3,11,High Value
937,21,2,39095.58,3,1,1,5,Low Value
938,17,11,535474.83,4,3,2,9,Medium Value
939,5,10,582803.62,4,2,3,9,Medium Value
940,43,12,588080.85,2,3,3,8,Medium Value
941,55,10,544564.95,2,2,2,6,Low Value
942,70,12,638292.9299999999,2,3,3,8,Medium Value
943,38,9,606021.4,3,2,3,8,Medium Value
944,42,5,474280.82,2,1,2,5,Low Value
945,25,15,715794.8,3,4,3,10,High Value
946,9,9,677868.24,4,2,3,9,Medium Value
947,32,6,477294.67,3,1,2,6,Low Value
948,11,12,941701.63,4,3,4,11,High Value
949,110,12,574610.5499999999,1,3,3,7,Medium Value
950,84,9,404244.17,1,2,1,4,Low Value
951,5,10,459760.66,4,2,2,8,Medium Value
952,32,10,667367.68,3,2,3,8,Medium Value
953,150,7,271645.35,1,1,1,3,Low Value
954,27,10,702985.52,3,2,3,8,Medium Value
955,10,13,644260.96,4,4,3,11,High Value
956,90,10,622861.4,1,2,3,6,Low Value
957,36,11,578501.45,3,3,3,9,Medium Value
958,39,10,742475.87,3,2,4,9,Medium Value
959,49,11,554889.4400000001,2,3,2,7,Medium Value
960,59,11,542218.7,2,3,2,7,Medium Value
961,259,10,515735.22,1,2,2,5,Low Value
962,4,9,517286.29,4,2,2,8,Medium Value
963,74,7,426313.67,2,1,2,5,Low Value
964,160,3,256309.58000000002,1,1,1,3,Low Value
965,88,9,522824.81,1,2,2,5,Low Value
966,32,10,505815.53,3,2,2,7,Medium Value
967,131,6,309572.42,1,1,1,3,Low Value
968,129,5,248565.13,1,1,1,3,Low Value
969,12,16,694966.86,4,4,3,11,High Value
970,15,14,779171.04,4,4,4,12,High Value
971,96,8,538597.47,1,1,2,4,Low Value
972,125,6,286752.9,1,1,1,3,Low Value
973,21,11,816993.55,3,3,4,10,High Value
974,17,10,681940.03,4,2,3,9,Medium Value
975,37,14,709047.25,3,4,3,10,High Value
976,10,10,703688.2899999999,4,2,3,9,Medium Value
977,105,15,955320.15,1,4,4,9,Medium Value
978,101,10,565661.49,1,2,3,6,Low Value
979,45,10,544458.16,2,2,2,6,Low Value
980,121,11,345387.9,1,3,1,5,Low Value
981,26,6,299442.75,3,1,1,5,Low Value
982,81,11,471900.81,2,3,2,7,Medium Value
983,71,10,351803.07,2,2,1,5,Low Value
984,14,12,616740.75,4,3,3,10,High Value
985,8,17,1216362.47,4,4,4,12,High Value
986,19,8,483322.47,3,1,2,6,Low Value
987,113,11,691256.1699999999,1,3,3,7,Medium Value
988,16,18,1267951.21,4,4,4,12,High Value
989,65,13,787159.1900000001,2,4,4,10,High Value
990,5,12,663353.09,4,3,3,10,High Value
991,36,10,435654.6,3,2,2,7,Medium Value
992,73,10,493278.6,2,2,2,6,Low Value
993,18,10,797654.13,3,2,4,9,Medium Value
994,130,8,292827.36,1,1,1,3,Low Value
995,60,8,578455.36,2,1,3,6,Low Value
996,12,10,643097.14,4,2,3,9,Medium Value
997,121,7,434149.36,1,1,2,4,Low Value
998,184,7,375266.82,1,1,1,3,Low Value
999,13,9,389360.97,4,2,1,7,Medium Value
1000,111,8,447449.45999999996,1,1,2,4,Low Value
1001,163,4,301835.54,1,1,1,3,Low Value
1002,165,7,407020.57,1,1,1,3,Low Value
1003,23,9,708410.25,3,2,3,8,Medium Value
1004,118,6,279848.3,1,1,1,3,Low Value
1005,22,11,507878.52,3,3,2,8,Medium Value
1006,10,5,208910.52,4,1,1,6,Low Value
1007,122,11,759128.03,1,3,4,8,Medium Value
1008,77,9,492735.11,2,2,2,6,Low Value
1009,3,8,376010.16000000003,4,1,1,6,Low Value
1010,8,14,730909.32,4,4,4,12,High Value
1011,20,8,367513.76,3,1,1,5,Low Value
1012,5,12,653966.32,4,3,3,10,High Value
1013,62,12,721026.9099999999,2,3,3,8,Medium Value
1014,4,11,481440.18000000005,4,3,2,9,Medium Value
1015,41,10,332009.15,2,2,1,5,Low Value
1016,63,9,688195.6000000001,2,2,3,7,Medium Value
1017,248,8,573509.47,1,1,3,5,Low Value
1018,52,9,551805.7,2,2,2,6,Low Value
1019,110,10,496329.85,1,2,2,5,Low Value
1020,8,11,706598.13,4,3,3,10,High Value
1021,52,13,839274.6,2,4,4,10,High Value
1022,38,5,313129.04,3,1,1,5,Low Value
1023,232,8,405658.95999999996,1,1,1,3,Low Value
1024,24,16,768753.18,3,4,4,11,High Value
1025,21,12,748002.88,3,3,4,10,High Value
1026,31,11,745748.9,3,3,4,10,High Value
1027,25,14,754587.73,3,4,4,11,High Value
1028,27,8,505690.0,3,1,2,6,Low Value
1029,4,15,581894.99,4,4,3,11,High Value
1030,6,9,565637.66,4,2,3,9,Medium Value
1031,92,8,346775.58,1,1,1,3,Low Value
1032,7,9,370128.41,4,2,1,7,Medium Value
1033,26,11,299223.49,3,3,1,7,Medium Value
1034,101,8,353804.58,1,1,1,3,Low Value
1035,62,5,325277.53,2,1,1,4,Low Value
1036,98,4,251680.76,1,1,1,3,Low Value
1037,16,7,423719.79000000004,4,1,2,7,Medium Value
1038,218,13,908574.49,1,4,4,9,Medium Value
1039,76,8,449021.68,2,1,2,5,Low Value
1040,7,12,791591.0,4,3,4,11,High Value
1041,26,8,520679.23,3,1,2,6,Low Value
1042,17,12,645320.99,4,3,3,10,High Value
1043,44,12,682849.6699999999,2,3,3,8,Medium Value
1044,47,8,660448.51,2,1,3,6,Low Value
1045,54,9,570121.56,2,2,3,7,Medium Value
1046,20,7,180971.31,3,1,1,5,Low Value
1047,4,11,403184.05,4,3,1,8,Medium Value
1048,112,13,562970.73,1,4,3,8,Medium Value
1049,18,11,584595.42,3,3,3,9,Medium Value
1050,21,10,387073.74,3,2,1,6,Low Value
1051,43,10,339353.72000000003,2,2,1,5,Low Value
1052,53,10,422783.75,2,2,2,6,Low Value
1053,19,9,552257.72,3,2,2,7,Medium Value
1054,21,9,402057.0,3,2,1,6,Low Value
1055,189,6,428953.17,1,1,2,4,Low Value
1056,106,10,707159.67,1,2,3,6,Low Value
1057,54,12,485683.64,2,3,2,7,Medium Value
1058,12,11,414792.32999999996,4,3,1,8,Medium Value
1059,18,15,591158.25,3,4,3,10,High Value
1060,4,14,804617.36,4,4,4,12,High Value
1061,105,9,521017.06,1,2,2,5,Low Value
1062,34,11,636082.22,3,3,3,9,Medium Value
1063,61,7,399511.3,2,1,1,4,Low Value
1064,46,12,734897.41,2,3,4,9,Medium Value
1065,65,13,640260.55,2,4,3,9,Medium Value
1066,97,5,272029.89999999997,1,1,1,3,Low Value
1067,35,10,448733.99,3,2,2,7,Medium Value
1068,26,12,547019.86,3,3,2,8,Medium Value
1069,2,12,881073.09,4,3,4,11,High Value
1070,10,10,615638.72,4,2,3,9,Medium Value
1071,20,14,825939.3400000001,3,4,4,11,High Value
1072,69,11,557780.94,2,3,3,8,Medium Value
1073,110,9,551581.02,1,2,2,5,Low Value
1074,89,7,468167.67,1,1,2,4,Low Value
1075,37,11,924164.12,3,3,4,10,High Value
1076,19,11,761100.24,3,3,4,10,High Value
1077,60,11,456355.48,2,3,2,7,Medium Value
1078,19,7,346727.33999999997,3,1,1,5,Low Value
1079,17,10,413700.3,4,2,1,7,Medium Value
1080,122,4,161299.52000000002,1,1,1,3,Low Value
1081,37,14,638389.72,3,4,3,10,High Value
1082,101,11,627883.95,1,3,3,7,Medium Value
1083,33,11,429853.43,3,3,2,8,Medium Value
1084,110,12,714902.36,1,3,3,7,Medium Value
1085,124,8,603708.05,1,1,3,5,Low Value
1086,8,9,411818.12,4,2,1,7,Medium Value
1087,142,6,212731.4,1,1,1,3,Low Value
1088,6,9,403036.11,4,2,1,7,Medium Value
1089,13,12,591663.15,4,3,3,10,High Value
1090,5,8,750976.05,4,1,4,9,Medium Value
1091,2,8,388593.23,4,1,1,6,Low Value
1092,52,8,515397.81,2,1,2,5,Low Value
1093,79,5,235908.55,2,1,1,4,Low Value
1094,22,11,642793.01,3,3,3,9,Medium Value
1095,81,8,505531.18,2,1,2,5,Low Value
1096,152,7,328790.78,1,1,1,3,Low Value
1097,78,14,763394.7,2,4,4,10,High Value
1098,90,5,227791.36,1,1,1,3,Low Value
1099,91,18,841077.65,1,4,4,9,Medium Value
1100,206,6,387491.63,1,1,1,3,Low Value
1101,44,10,604083.76,2,2,3,7,Medium Value
1102,127,6,428649.05,1,1,2,4,Low Value
1103,154,7,608890.46,1,1,3,5,Low Value
1104,134,13,846446.16,1,4,4,9,Medium Value
1105,355,10,524252.13,1,2,2,5,Low Value
1106,3,9,523522.95,4,2,2,8,Medium Value
1107,53,11,943899.7,2,3,4,9,Medium Value
1108,3,11,561767.14,4,3,3,10,High Value
1109,69,13,500301.95999999996,2,4,2,8,Medium Value
1110,59,10,544229.41,2,2,2,6,Low Value
1111,4,9,571027.9,4,2,3,9,Medium Value
1112,35,7,360808.12,3,1,1,5,Low Value
1113,133,11,910841.8400000001,1,3,4,8,Medium Value
1114,17,8,598564.4400000001,4,1,3,8,Medium Value
1115,19,6,371808.25,3,1,1,5,Low Value
1116,87,7,527398.72,1,1,2,4,Low Value
1117,113,11,543482.89,1,3,2,6,Low Value
1118,35,12,425077.91,3,3,2,8,Medium Value
1119,46,4,275648.43,2,1,1,4,Low Value
1120,244,8,573931.77,1,1,3,5,Low Value
1121,110,7,309272.35000000003,1,1,1,3,Low Value
1122,55,12,692479.74,2,3,3,8,Medium Value
1123,50,9,691907.8200000001,2,2,3,7,Medium Value
1124,4,14,626537.38,4,4,3,11,High Value
1125,70,12,840791.72,2,3,4,9,Medium Value
1126,44,8,808573.83,2,1,4,7,Medium Value
1127,153,9,432002.19,1,2,2,5,Low Value
1128,80,12,621572.6699999999,2,3,3,8,Medium Value
1129,59,14,1165326.88,2,4,4,10,High Value
1130,55,13,882104.6499999999,2,4,4,10,High Value
1131,58,9,630208.52,2,2,3,7,Medium Value
1132,7,9,426066.48,4,2,2,8,Medium Value
1133,53,10,820376.01,2,2,4,8,Medium Value
1134,32,12,701301.22,3,3,3,9,Medium Value
1135,14,8,367491.81,4,1,1,6,Low Value
1136,101,12,793149.75,1,3,4,8,Medium Value
1137,74,11,662415.29,2,3,3,8,Medium Value
1138,91,6,379659.74,1,1,1,3,Low Value
1139,9,10,616967.26,4,2,3,9,Medium Value
1140,38,10,338488.05,3,2,1,6,Low Value
1141,19,9,572236.32,3,2,3,8,Medium Value
1142,99,8,505451.19,1,1,2,4,Low Value
1143,85,9,390958.54,1,2,1,4,Low Value
1144,4,15,833375.19,4,4,4,12,High Value
1145,13,16,1063607.63,4,4,4,12,High Value
1146,9,9,411933.47,4,2,1,7,Medium Value
1147,65,9,368555.53,2,2,1,5,Low Value
1148,34,12,625952.93,3,3,3,9,Medium Value
1149,51,11,771067.29,2,3,4,9,Medium Value
1150,42,9,380247.18,2,2,1,5,Low Value
1151,12,6,224404.38,4,1,1,6,Low Value
1152,51,5,230071.05,2,1,1,4,Low Value
1153,17,11,669911.32,4,3,3,10,High Value
1154,4,12,1033143.9,4,3,4,11,High Value
1155,35,9,486874.97,3,2,2,7,Medium Value
1156,92,8,362912.83999999997,1,1,1,3,Low Value
1157,67,10,601755.23,2,2,3,7,Medium Value
1158,104,8,861929.9500000001,1,1,4,6,Low Value
1159,89,7,612126.03,1,1,3,5,Low Value
1160,64,4,170722.66,2,1,1,4,Low Value
1161,38,9,479921.06,3,2,2,7,Medium Value
1162,11,10,488315.68,4,2,2,8,Medium Value
1163,56,4,353835.81999999995,2,1,1,4,Low Value
1164,71,10,386528.39,2,2,1,5,Low Value
1165,20,9,438854.88,3,2,2,7,Medium Value
1166,131,9,503947.49,1,2,2,5,Low Value
1167,37,10,644074.12,3,2,3,8,Medium Value
1168,67,5,205716.22999999998,2,1,1,4,Low Value
1169,21,8,404129.32,3,1,1,5,Low Value
1170,6,13,557461.9,4,4,2,10,High Value
1171,15,12,843629.69,4,3,4,11,High Value
1172,55,10,643455.62,2,2,3,7,Medium Value
1173,4,16,1011597.91,4,4,4,12,High Value
1174,111,8,408710.33999999997,1,1,1,3,Low Value
1175,52,7,260308.75,2,1,1,4,Low Value
1176,111,4,253928.88,1,1,1,3,Low Value
1177,24,15,902126.9,3,4,4,11,High Value
1178,25,16,1051441.67,3,4,4,11,High Value
1179,167,6,271922.25,1,1,1,3,Low Value
1180,43,11,716653.78,2,3,3,8,Medium Value
1181,12,9,417681.72,4,2,2,8,Medium Value
1182,19,8,501387.08,3,1,2,6,Low Value
1183,23,8,479091.82,3,1,2,6,Low Value
1184,123,9,448385.32,1,2,2,5,Low Value
1185,6,10,787532.64,4,2,4,10,High Value
1186,69,14,1120084.95,2,4,4,10,High Value
1187,8,15,1226866.87,4,4,4,12,High Value
1188,30,8,296222.9,3,1,1,5,Low Value
1189,80,6,401696.78,2,1,1,4,Low Value
1190,45,9,394105.54000000004,2,2,1,5,Low Value
1191,74,16,1127405.21,2,4,4,10,High Value
1192,124,8,520932.92,1,1,2,4,Low Value
1193,66,11,534384.92,2,3,2,7,Medium Value
1194,142,6,434003.57,1,1,2,4,Low Value
1195,243,12,704432.95,1,3,3,7,Medium Value
1196,16,8,281105.57,4,1,1,6,Low Value
1197,55,10,680084.71,2,2,3,7,Medium Value
1198,123,9,507829.65,1,2,2,5,Low Value
1199,19,11,702273.1599999999,3,3,3,9,Medium Value
1200,52,5,373473.8,2,1,1,4,Low Value
1201,86,8,503469.41000000003,1,1,2,4,Low Value
1202,204,7,367068.26,1,1,1,3,Low Value
1203,78,8,763214.64,2,1,4,7,Medium Value
1204,72,13,512027.54,2,4,2,8,Medium Value
1205,135,8,477976.9,1,1,2,4,Low Value
1206,77,10,326310.94,2,2,1,5,Low Value
1207,87,8,395897.5,1,1,1,3,Low Value
1208,31,9,694558.13,3,2,3,8,Medium Value
1209,43,15,496427.25,2,4,2,8,Medium Value
1210,16,12,432269.53,4,3,2,9,Medium Value
1211,17,14,836032.06,4,4,4,12,High Value
1212,200,2,35585.200000000004,1,1,1,3,Low Value
1213,18,10,721213.31,3,2,3,8,Medium Value
1214,28,8,301036.53,3,1,1,5,Low Value
1215,32,8,468460.3,3,2,2,7,Medium Value
1216,71,6,433041.18,2,1,2,5,Low Value
1217,25,14,1187999.58,3,4,4,11,High Value
1218,8,10,664469.03,4,2,3,9,Medium Value
1219,130,11,581424.46,1,3,3,7,Medium Value
1220,54,3,146007.93,2,1,1,4,Low Value
1221,7,12,851346.04,4,3,4,11,High Value
1222,4,8,593494.8300000001,4,2,3,9,Medium Value
1223,81,13,618262.47,2,4,3,9,Medium Value
1224,54,9,487436.18,2,2,2,6,Low Value
1225,44,12,916154.3,2,3,4,9,Medium Value
1226,20,14,779854.51,3,4,4,11,High Value
1227,26,10,400885.24,3,2,1,6,Low Value
1228,6,6,595179.47,4,1,3,8,Medium Value
1229,36,6,431651.04000000004,3,1,2,6,Low Value
1230,60,8,251117.88999999998,2,2,1,5,Low Value
1231,159,8,419058.11,1,2,2,5,Low Value
1232,53,9,612998.17,2,2,3,7,Medium Value
1233,18,8,107494.85,3,2,1,6,Low Value
1234,59,9,421255.94,2,2,2,6,Low Value
1235,4,10,770348.81,4,2,4,10,High Value
1236,12,15,583508.83,4,4,3,11,High Value
1237,47,11,656580.99,2,3,3,8,Medium Value
1238,68,12,592814.55,2,3,3,8,Medium Value
1239,20,16,586018.34,3,4,3,10,High Value
1240,138,6,392309.93,1,1,1,3,Low Value
1241,49,8,323292.85000000003,2,2,1,5,Low Value
1242,150,9,403939.44,1,2,1,4,Low Value
1243,5,15,682639.53,4,4,3,11,High Value
1244,172,7,468665.45,1,1,2,4,Low Value
1245,6,13,637469.69,4,4,3,11,High Value
1246,53,11,877057.12,2,3,4,9,Medium Value
1247,15,7,388405.88,4,1,1,6,Low Value
1248,17,8,661484.01,4,2,3,9,Medium Value
1249,42,15,904031.16,2,4,4,10,High Value
1250,35,10,598008.08,3,2,3,8,Medium Value
1251,4,16,903788.54,4,4,4,12,High Value
1252,11,11,847831.25,4,3,4,11,High Value
1253,96,10,650305.17,1,2,3,6,Low Value
1254,224,5,367613.5,1,1,1,3,Low Value
1255,9,8,392197.26999999996,4,2,1,7,Medium Value
1256,45,9,682116.27,2,2,3,7,Medium Value
1257,26,18,1096975.38,3,4,4,11,High Value
1258,68,8,303958.17,2,2,1,5,Low Value
1259,74,8,429733.19,2,2,2,6,Low Value
1260,24,11,748532.3,3,3,4,10,High Value
1261,190,11,553958.22,1,3,2,6,Low Value
1262,30,10,649482.63,3,2,3,8,Medium Value
1263,20,9,743158.28,3,2,4,9,Medium Value
1264,6,12,585437.4,4,3,3,10,High Value
1265,34,8,195293.1,3,2,1,6,Low Value
1266,6,10,478194.91,4,2,2,8,Medium Value
1267,21,8,313505.35,3,2,1,6,Low Value
1268,255,6,313013.59,1,1,1,3,Low Value
1269,23,18,1313782.89,3,4,4,11,High Value
1270,101,13,691920.36,1,4,3,8,Medium Value
1271,323,6,393303.46,1,1,1,3,Low Value
1272,65,13,675709.34,2,4,3,9,Medium Value
1273,61,7,331047.27999999997,2,1,1,4,Low Value
1274,109,8,259701.07,1,2,1,4,Low Value
1275,19,12,725679.47,3,3,4,10,High Value
1276,156,8,402719.81,1,2,1,4,Low Value
1277,41,13,899223.65,2,4,4,10,High Value
1278,64,12,620060.8200000001,2,3,3,8,Medium Value
1279,20,6,462774.47,3,1,2,6,Low Value
1280,32,9,548883.11,3,2,2,7,Medium Value
1281,14,15,734299.47,4,4,4,12,High Value
1282,50,8,608228.36,2,2,3,7,Medium Value
1283,14,4,297354.0,4,1,1,6,Low Value
1284,17,7,381381.32999999996,4,1,1,6,Low Value
1285,24,16,682177.96,3,4,3,10,High Value
1286,59,6,311657.62,2,1,1,4,Low Value
1287,1,13,902488.09,4,4,4,12,High Value
1288,32,13,824204.23,3,4,4,11,High Value
1289,20,7,381327.17000000004,3,1,1,5,Low Value
1290,24,10,505350.24,3,2,2,7,Medium Value
1291,33,8,483479.9,3,2,2,7,Medium Value
1292,102,8,497900.71,1,2,2,5,Low Value
1293,20,8,488912.27999999997,3,2,2,7,Medium Value
1294,65,6,466190.8,2,1,2,5,Low Value
1295,116,12,544890.81,1,3,2,6,Low Value
1296,25,11,484875.9,3,3,2,8,Medium Value
1297,49,12,964542.3,2,3,4,9,Medium Value
1298,283,5,281877.83,1,1,1,3,Low Value
1299,2,11,855987.61,4,3,4,11,High Value
1300,37,16,853279.49,3,4,4,11,High Value
1301,139,8,610116.48,1,2,3,6,Low Value
1302,29,10,938713.37,3,2,4,9,Medium Value
1303,4,14,827990.75,4,4,4,12,High Value
1304,71,7,428696.31,2,1,2,5,Low Value
1305,30,8,700141.05,3,2,3,8,Medium Value
1306,36,10,440405.66,3,2,2,7,Medium Value
1307,145,9,574105.0700000001,1,2,3,6,Low Value
1308,7,17,1332251.27,4,4,4,12,High Value
1309,13,13,614902.55,4,4,3,11,High Value
1310,67,9,568601.2,2,2,3,7,Medium Value
1311,100,11,725398.16,1,3,4,8,Medium Value
1312,24,9,529265.02,3,2,2,7,Medium Value
1313,34,14,834744.6,3,4,4,11,High Value
1314,13,9,439187.86,4,2,2,8,Medium Value
1315,47,8,531330.29,2,2,2,6,Low Value
1316,1,14,807026.49,4,4,4,12,High Value
1317,17,10,649911.26,4,2,3,9,Medium Value
1318,8,11,795930.47,4,3,4,11,High Value
1319,54,12,650474.2000000001,2,3,3,8,Medium Value
1320,6,7,469250.11,4,1,2,7,Medium Value
1321,38,18,1009734.21,3,4,4,11,High Value
1322,32,11,458464.71,3,3,2,8,Medium Value
1323,19,6,264798.14,3,1,1,5,Low Value
1324,3,10,353954.04,4,2,1,7,Medium Value
1325,11,9,501628.68,4,2,2,8,Medium Value
1326,47,7,485396.52999999997,2,1,2,5,Low Value
1327,187,7,440025.58999999997,1,1,2,4,Low Value
1328,65,9,491938.15,2,2,2,6,Low Value
1329,84,10,608577.9299999999,1,2,3,6,Low Value
1330,95,9,377523.15,1,2,1,4,Low Value
1331,6,11,641970.72,4,3,3,10,High Value
1332,154,8,434175.91,1,2,2,5,Low Value
1333,35,12,756708.46,3,3,4,10,High Value
1334,13,13,699523.04,4,4,3,11,High Value
1335,46,8,456917.14,2,2,2,6,Low Value
1336,58,6,327398.91000000003,2,1,1,4,Low Value
1337,83,8,391819.1,1,2,1,4,Low Value
1338,256,9,431810.02999999997,1,2,2,5,Low Value
1339,18,14,1289935.03,3,4,4,11,High Value
1340,46,5,215869.49,2,1,1,4,Low Value
1341,78,12,581698.38,2,3,3,8,Medium Value
1342,52,12,377505.49,2,3,1,6,Low Value
1343,83,9,590346.4299999999,1,2,3,6,Low Value
1344,5,12,518639.06,4,3,2,9,Medium Value
1345,33,9,470699.87,3,2,2,7,Medium Value
1346,28,18,809426.7,3,4,4,11,High Value
1347,106,5,224283.02,1,1,1,3,Low Value
1348,33,11,587103.1799999999,3,3,3,9,Medium Value
1349,16,10,360930.55,4,2,1,7,Medium Value
1350,131,5,219275.8,1,1,1,3,Low Value
1351,4,13,901668.24,4,4,4,12,High Value
1352,55,15,754090.54,2,4,4,10,High Value
1353,4,9,501427.93,4,2,2,8,Medium Value
1354,2,14,844247.91,4,4,4,12,High Value
1355,125,13,866440.1799999999,1,4,4,9,Medium Value
1356,40,8,556741.32,3,2,2,7,Medium Value
1357,89,9,649532.5700000001,1,2,3,6,Low Value
1358,4,10,558651.15,4,2,3,9,Medium Value
1359,57,10,730295.24,2,2,4,8,Medium Value
1360,9,16,761139.72,4,4,4,12,High Value
1361,77,19,1305281.74,2,4,4,10,High Value
1362,5,8,252798.91,4,2,1,7,Medium Value
1363,120,9,483645.47,1,2,2,5,Low Value
1364,14,9,691171.23,4,2,3,9,Medium Value
1365,94,7,330796.07,1,1,1,3,Low Value
1366,59,14,787324.21,2,4,4,10,High Value
1367,39,12,510325.76,3,3,2,8,Medium Value
1368,74,11,520089.99,2,3,2,7,Medium Value
1369,31,13,739072.23,3,4,4,11,High Value
1370,243,8,465905.64999999997,1,2,2,5,Low Value
1371,11,8,433546.1,4,2,2,8,Medium Value
1372,16,15,680164.97,4,4,3,11,High Value
1373,105,3,206173.41999999998,1,1,1,3,Low Value
1374,50,7,519067.94999999995,2,1,2,5,Low Value
1375,158,6,286029.11,1,1,1,3,Low Value
1376,34,14,621190.4,3,4,3,10,High Value
1377,34,10,666227.64,3,2,3,8,Medium Value
1378,18,9,390001.60000000003,3,2,1,6,Low Value
1379,43,10,513888.38,2,2,2,6,Low Value
1380,30,12,688561.3,3,3,3,9,Medium Value
1381,19,9,309255.3,3,2,1,6,Low Value
1382,3,10,548079.39,4,2,2,8,Medium Value
1383,3,15,968741.89,4,4,4,12,High Value
1384,29,13,563757.79,3,4,3,10,High Value
1385,45,8,638226.97,2,2,3,7,Medium Value
1386,80,8,569257.77,2,2,3,7,Medium Value
1387,64,10,708178.0,2,2,3,7,Medium Value
1388,15,10,518567.75,4,2,2,8,Medium Value
1389,224,9,438810.50999999995,1,2,2,5,Low Value
1390,39,8,531075.64,3,2,2,7,Medium Value
1391,14,6,314789.75,4,1,1,6,Low Value
1392,31,8,506201.93,3,2,2,7,Medium Value
1393,14,13,635044.32,4,4,3,11,High Value
1394,6,12,786089.92,4,3,4,11,High Value
1395,173,14,1142328.77,1,4,4,9,Medium Value
1396,28,6,325479.79000000004,3,1,1,5,Low Value
1397,120,11,782663.1799999999,1,3,4,8,Medium Value
1398,9,14,980759.48,4,4,4,12,High Value
1399,58,5,320991.60000000003,2,1,1,4,Low Value
1400,57,11,473091.78,2,3,2,7,Medium Value
1401,6,11,646458.18,4,3,3,10,High Value
1402,41,16,1017940.54,2,4,4,10,High Value
1403,64,7,482129.39,2,1,2,5,Low Value
1404,1,16,693074.04,4,4,3,11,High Value
1405,24,6,291411.11,3,1,1,5,Low Value
1406,20,21,1253377.79,3,4,4,11,High Value
1407,141,4,298679.10000000003,1,1,1,3,Low Value
1408,122,5,426499.03,1,1,2,4,Low Value
1409,19,13,798990.98,3,4,4,11,High Value
1410,45,13,884164.78,2,4,4,10,High Value
1411,47,6,281956.32,2,1,1,4,Low Value
1412,3,9,344600.88,4,2,1,7,Medium Value
1413,40,7,413804.52,3,1,1,5,Low Value
1414,20,11,922687.71,3,3,4,10,High Value
1415,8,6,386592.30000000005,4,1,1,6,Low Value
1416,130,8,536368.72,1,2,2,5,Low Value
1417,7,14,550973.83,4,4,2,10,High Value
1418,138,16,644904.48,1,4,3,8,Medium Value
1419,9,16,667175.97,4,4,3,11,High Value
1420,17,13,892157.67,4,4,4,12,High Value
1421,109,10,933142.9299999999,1,2,4,7,Medium Value
1422,39,9,839822.35,3,2,4,9,Medium Value
1423,30,6,531837.15,3,1,2,6,Low Value
1424,28,12,443889.79,3,3,2,8,Medium Value
1425,75,6,500232.02999999997,2,1,2,5,Low Value
1426,4,12,565651.11,4,3,3,10,High Value
1427,194,6,547865.97,1,1,2,4,Low Value
1428,94,10,568968.01,1,2,3,6,Low Value
1429,51,9,705979.49,2,2,3,7,Medium Value
1430,15,11,525097.36,4,3,2,9,Medium Value
1431,182,6,217109.2,1,1,1,3,Low Value
1432,221,9,832128.76,1,2,4,7,Medium Value
1433,30,14,612973.29,3,4,3,10,High Value
1434,11,11,707076.66,4,3,3,10,High Value
1435,19,9,546945.78,3,2,2,7,Medium Value
1436,83,5,333939.81,1,1,1,3,Low Value
1437,3,15,661059.08,4,4,3,11,High Value
1438,83,12,561002.86,1,3,3,7,Medium Value
1439,1,11,425799.85,4,3,2,9,Medium Value
1440,4,12,579702.98,4,3,3,10,High Value
1441,12,8,434807.91000000003,4,2,2,8,Medium Value
1442,17,9,716005.54,4,2,3,9,Medium Value
1443,199,7,539546.6,1,1,2,4,Low Value
1444,165,6,359261.20999999996,1,1,1,3,Low Value
1445,48,9,672724.95,2,2,3,7,Medium Value
1446,20,12,974245.56,3,3,4,10,High Value
1447,51,20,1297838.58,2,4,4,10,High Value
1448,1,7,395452.83,4,1,1,6,Low Value
1449,25,7,340234.73,3,1,1,5,Low Value
1450,10,11,459722.39,4,3,2,9,Medium Value
1451,169,12,730481.05,1,3,4,8,Medium Value
1452,66,10,528027.34,2,2,2,6,Low Value
1453,2,11,865649.6900000001,4,3,4,11,High Value
1454,29,6,149658.05,3,1,1,5,Low Value
1455,40,11,533713.0800000001,3,3,2,8,Medium Value
1456,77,12,798635.87,2,3,4,9,Medium Value
1457,34,10,688522.6,3,2,3,8,Medium Value
1458,189,6,384632.36,1,1,1,3,Low Value
1459,101,10,545991.71,1,2,2,5,Low Value
1460,119,16,704605.97,1,4,3,8,Medium Value
1461,18,11,628110.12,3,3,3,9,Medium Value
1462,15,11,473732.19,4,3,2,9,Medium Value
1463,9,8,558472.3300000001,4,2,3,9,Medium Value
1464,24,10,469622.73000000004,3,2,2,7,Medium Value
1465,37,11,603349.99,3,3,3,9,Medium Value
1466,18,13,697699.38,3,4,3,10,High Value
1467,4,9,711603.59,4,2,3,9,Medium Value
1468,59,10,651641.85,2,2,3,7,Medium Value
1469,2,16,1105248.49,4,4,4,12,High Value
1470,96,6,194598.64,1,1,1,3,Low Value
1471,24,9,433690.99,3,2,2,7,Medium Value
1472,144,13,750000.9,1,4,4,9,Medium Value
1473,174,7,342971.85,1,1,1,3,Low Value
1474,13,10,501097.56,4,2,2,8,Medium Value
1475,6,8,435648.20999999996,4,2,2,8,Medium Value
1476,31,6,220559.81,3,1,1,5,Low Value
1477,100,9,401294.64,1,2,1,4,Low Value
1478,64,5,152552.44,2,1,1,4,Low Value
1479,191,10,658409.06,1,2,3,6,Low Value
1480,36,16,917884.97,3,4,4,11,High Value
1481,70,10,921814.9299999999,2,2,4,8,Medium Value
1482,33,9,457275.8,3,2,2,7,Medium Value
1483,43,13,758455.03,2,4,4,10,High Value
1484,19,6,435906.35,3,1,2,6,Low Value
1485,47,8,544028.6,2,2,2,6,Low Value
1486,48,10,453949.31,2,2,2,6,Low Value
1487,17,12,792801.17,4,3,4,11,High Value
1488,32,8,741289.72,3,2,4,9,Medium Value
1489,112,16,1025443.53,1,4,4,9,Medium Value
1490,98,10,578095.9400000001,1,2,3,6,Low Value
1491,74,7,226446.36,2,1,1,4,Low Value
1492,4,9,573615.48,4,2,3,9,Medium Value
1493,121,8,457824.05,1,2,2,5,Low Value
1494,8,9,633252.96,4,2,3,9,Medium Value
1495,46,13,570772.55,2,4,3,9,Medium Value
1496,6,10,339766.36,4,2,1,7,Medium Value
1497,122,11,567287.55,1,3,3,7,Medium Value
1498,6,15,1008295.23,4,4,4,12,High Value
1499,130,10,498851.77,1,2,2,5,Low Value
1500,22,9,630365.84,3,2,3,8,Medium Value
1501,140,12,797977.14,1,3,4,8,Medium Value
1502,13,11,483642.61,4,3,2,9,Medium Value
1503,39,10,633295.01,3,2,3,8,Medium Value
1504,144,5,430641.22,1,1,2,4,Low Value
1505,169,5,503149.86,1,1,2,4,Low Value
1506,12,10,539190.81,4,2,2,8,Medium Value
1507,128,9,439458.85,1,2,2,5,Low Value
1508,6,9,185212.16,4,2,1,7,Medium Value
1509,20,13,780812.09,3,4,4,11,High Value
1510,24,10,703620.3400000001,3,2,3,8,Medium Value
1511,104,11,494597.78,1,3,2,6,Low Value
1512,28,10,541583.3,3,2,2,7,Medium Value
1513,71,10,426806.13,2,2,2,6,Low Value
1514,22,7,343179.44,3,1,1,5,Low Value
1515,7,10,273237.27,4,2,1,7,Medium Value
1516,4,15,791189.29,4,4,4,12,High Value
1517,12,11,582210.53,4,3,3,10,High Value
1518,46,9,537306.35,2,2,2,6,Low Value
1519,11,7,294398.16000000003,4,1,1,6,Low Value
1520,122,5,250367.01,1,1,1,3,Low Value
1521,109,5,193661.43,1,1,1,3,Low Value
1522,1,15,961596.75,4,4,4,12,High Value
1523,7,11,722430.42,4,3,3,10,High Value
1524,10,15,763726.02,4,4,4,12,High Value
1525,12,4,246467.65000000002,4,1,1,6,Low Value
1526,112,10,332238.25,1,2,1,4,Low Value
1527,11,17,760878.47,4,4,4,12,High Value
1528,123,8,435750.13,1,2,2,5,Low Value
1529,3,9,427427.58,4,2,2,8,Medium Value
1530,27,13,1052577.95,3,4,4,11,High Value
1531,104,7,267347.24,1,1,1,3,Low Value
1532,13,14,1042781.44,4,4,4,12,High Value
1533,46,13,846879.83,2,4,4,10,High Value
1534,1,14,1076014.96,4,4,4,12,High Value
1535,17,11,501521.05,4,3,2,9,Medium Value
1536,6,14,742422.79,4,4,4,12,High Value
1537,19,4,236391.96,3,1,1,5,Low Value
1538,71,13,1037929.28,2,4,4,10,High Value
1539,22,12,567955.14,3,3,3,9,Medium Value
1540,26,4,233945.16,3,1,1,5,Low Value
1541,26,14,807718.1599999999,3,4,4,11,High Value
1542,15,7,702840.08,4,1,3,8,Medium Value
1543,30,18,1234093.76,3,4,4,11,High Value
1544,68,11,565573.91,2,3,3,8,Medium Value
1545,84,8,641920.67,1,2,3,6,Low Value
1546,22,16,1100649.56,3,4,4,11,High Value
1547,211,8,614185.01,1,2,3,6,Low Value
1548,26,16,1034863.11,3,4,4,11,High Value
1549,8,11,614791.27,4,3,3,10,High Value
1550,83,11,547648.78,1,3,2,6,Low Value
1551,100,8,476425.51999999996,1,2,2,5,Low Value
1552,35,10,819179.06,3,2,4,9,Medium Value
1553,14,9,399098.99,4,2,1,7,Medium Value
1554,23,18,1190798.25,3,4,4,11,High Value
1555,97,9,421189.0,1,2,2,5,Low Value
1556,51,12,883224.53,2,3,4,9,Medium Value
1557,111,11,736678.98,1,3,4,8,Medium Value
1558,176,11,570353.93,1,3,3,7,Medium Value
1559,15,13,712195.9400000001,4,4,3,11,High Value
1560,10,9,306039.98,4,2,1,7,Medium Value
1561,37,9,605743.4299999999,3,2,3,8,Medium Value
1562,75,12,739835.15,2,3,4,9,Medium Value
1563,30,9,436069.98,3,2,2,7,Medium Value
1564,11,7,247440.79,4,1,1,6,Low Value
1565,1,9,428320.74,4,2,2,8,Medium Value
1566,188,18,1351178.45,1,4,4,9,Medium Value
1567,169,7,342001.21,1,1,1,3,Low Value
1568,55,13,856135.65,2,4,4,10,High Value
1569,68,10,851110.9,2,2,4,8,Medium Value
1570,46,9,538583.67,2,2,2,6,Low Value
1571,143,9,504860.55,1,2,2,5,Low Value
1572,105,11,452739.67000000004,1,3,2,6,Low Value
1573,112,10,522529.88,1,2,2,5,Low Value
1574,9,14,926312.62,4,4,4,12,High Value
1575,52,8,290935.81,2,2,1,5,Low Value
1576,37,8,297006.62,3,2,1,6,Low Value
1577,9,10,582873.15,4,2,3,9,Medium Value
1578,29,6,397573.52,3,1,1,5,Low Value
1579,14,14,661177.15,4,4,3,11,High Value
1580,3,11,757598.6,4,3,4,11,High Value
1581,254,6,252592.66,1,1,1,3,Low Value
1582,74,9,266955.89,2,2,1,5,Low Value
1583,24,8,270463.13,3,2,1,6,Low Value
1584,82,7,406375.93,2,1,1,4,Low Value
1585,95,11,586020.64,1,3,3,7,Medium Value
1586,1,8,709009.99,4,2,3,9,Medium Value
1587,2,19,1063502.68,4,4,4,12,High Value
1588,121,8,355927.4,1,2,1,4,Low Value
1589,12,7,572229.47,4,1,3,8,Medium Value
1590,41,7,538777.73,2,1,2,5,Low Value
1591,20,8,311187.36,3,2,1,6,Low Value
1592,126,13,967666.12,1,4,4,9,Medium Value
1593,40,7,403360.33999999997,3,1,1,5,Low Value
1594,50,10,479060.23,2,2,2,6,Low Value
1595,161,8,505746.52,1,2,2,5,Low Value
1596,117,9,459486.28,1,2,2,5,Low Value
1597,1,13,1092115.38,4,4,4,12,High Value
1598,39,9,579110.65,3,2,3,8,Medium Value
1599,105,12,899326.0599999999,1,3,4,8,Medium Value
1600,144,7,467784.58999999997,1,1,2,4,Low Value
1601,21,12,743440.61,3,3,4,10,High Value
1602,15,13,763598.77,4,4,4,12,High Value
1603,40,12,792815.62,3,3,4,10,High Value
1604,201,4,324217.85000000003,1,1,1,3,Low Value
1605,16,13,677468.3,4,4,3,11,High Value
1606,10,12,555255.46,4,3,2,9,Medium Value
1607,261,6,191809.94,1,1,1,3,Low Value
1608,36,10,464080.31999999995,3,2,2,7,Medium Value
1609,15,12,923903.45,4,3,4,11,High Value
1610,69,6,304712.41,2,1,1,4,Low Value
1611,2,12,906071.64,4,3,4,11,High Value
1612,2,13,632361.28,4,4,3,11,High Value
1613,3,13,728814.7,4,4,4,12,High Value
1614,26,10,619316.88,3,3,3,9,Medium Value
1615,110,8,348698.49,1,2,1,4,Low Value
1616,116,13,449696.61,1,4,2,7,Medium Value
1617,173,12,416679.73,1,3,1,5,Low Value
1618,26,17,810899.17,3,4,4,11,High Value
1619,4,9,637736.5,4,2,3,9,Medium Value
1620,164,11,580034.24,1,3,3,7,Medium Value
1621,2,19,1395258.53,4,4,4,12,High Value
1622,175,12,560266.78,1,3,3,7,Medium Value
1623,80,14,622163.0499999999,2,4,3,9,Medium Value
1624,4,15,1025157.3,4,4,4,12,High Value
1625,30,12,607115.97,3,3,3,9,Medium Value
1626,11,9,379694.85000000003,4,2,1,7,Medium Value
1627,19,8,557675.65,3,2,3,8,Medium Value
1628,19,15,568235.51,3,4,3,10,High Value
1629,1,7,185257.12999999998,4,1,1,6,Low Value
1630,65,14,635415.29,2,4,3,9,Medium Value
1631,32,9,658904.79,3,2,3,8,Medium Value
1632,18,9,529650.87,3,2,2,7,Medium Value
1633,31,7,417779.17,3,1,2,6,Low Value
1634,222,8,299012.11,1,2,1,4,Low Value
1635,65,13,575106.17,2,4,3,9,Medium Value
1636,1,8,473531.81,4,2,2,8,Medium Value
1637,21,8,665005.84,3,2,3,8,Medium Value
1638,27,12,638990.1,3,3,3,9,Medium Value
1639,68,6,179513.09,2,1,1,4,Low Value
1640,6,11,621980.95,4,3,3,10,High Value
1641,70,8,391470.20999999996,2,2,1,5,Low Value
1642,50,5,313370.69,2,1,1,4,Low Value
1643,102,9,495884.70999999996,1,2,2,5,Low Value
1644,6,11,715114.66,4,3,3,10,High Value
1645,14,7,248900.4,4,1,1,6,Low Value
1646,63,9,458182.37,2,2,2,6,Low Value
1647,34,13,796802.29,3,4,4,11,High Value
1648,2,9,436480.12,4,2,2,8,Medium Value
1649,124,11,893921.3,1,3,4,8,Medium Value
1650,3,7,331309.14,4,1,1,6,Low Value
1651,7,10,727237.12,4,3,4,11,High Value
1652,227,7,485842.35,1,1,2,4,Low Value
1653,48,10,631051.02,2,3,3,8,Medium Value
1654,12,7,450515.45999999996,4,1,2,7,Medium Value
1655,18,17,916191.87,3,4,4,11,High Value
1656,12,7,268876.72,4,1,1,6,Low Value
1657,5,15,886081.73,4,4,4,12,High Value
1658,70,9,592171.31,2,2,3,7,Medium Value
1659,50,15,1104155.48,2,4,4,10,High Value
1660,111,9,510969.3,1,2,2,5,Low Value
1661,3,12,773964.12,4,3,4,11,High Value
1662,30,8,525018.01,3,2,2,7,Medium Value
1663,8,9,485723.63,4,2,2,8,Medium Value
1664,15,10,452662.52,4,3,2,9,Medium Value
1665,8,7,300245.91,4,1,1,6,Low Value
1666,21,16,866731.98,3,4,4,11,High Value
1667,2,13,744311.2000000001,4,4,4,12,High Value
1668,5,11,910963.37,4,3,4,11,High Value
1669,87,3,181304.46,1,1,1,3,Low Value
1670,24,6,205960.7,3,1,1,5,Low Value
1671,206,8,542140.5,1,2,2,5,Low Value
1672,86,11,707655.91,1,3,3,7,Medium Value
1673,26,12,640005.58,3,3,3,9,Medium Value
1674,38,4,100575.93999999999,3,1,1,5,Low Value
1675,36,14,627348.63,3,4,3,10,High Value
1676,3,14,786452.9600000001,4,4,4,12,High Value
1677,141,10,362433.78,1,3,1,5,Low Value
1678,314,8,452850.01,1,2,2,5,Low Value
1679,3,11,471040.20999999996,4,3,2,9,Medium Value
1680,63,8,474274.37,2,2,2,6,Low Value
1681,11,10,585238.38,4,3,3,10,High Value
1682,94,7,650912.95,1,1,3,5,Low Value
1683,57,7,283453.21,2,1,1,4,Low Value
1684,85,7,352745.72,1,1,1,3,Low Value
1685,46,13,643335.29,2,4,3,9,Medium Value
1686,20,12,866193.12,3,3,4,10,High Value
1687,77,10,622851.89,2,3,3,8,Medium Value
1688,29,7,453502.61,3,1,2,6,Low Value
1689,33,14,839417.98,3,4,4,11,High Value
1690,40,9,337390.7,3,2,1,6,Low Value
1691,83,7,259116.99,1,1,1,3,Low Value
1692,49,11,752137.36,2,3,4,9,Medium Value
1693,6,6,310423.92,4,1,1,6,Low Value
1694,16,17,1158144.79,4,4,4,12,High Value
1695,102,7,412733.71,1,1,1,3,Low Value
1696,71,8,341760.74,2,2,1,5,Low Value
1697,25,8,466385.05,3,2,2,7,Medium Value
1698,44,7,429137.93,2,1,2,5,Low Value
1699,14,13,878833.09,4,4,4,12,High Value
1700,4,16,927404.8099999999,4,4,4,12,High Value
1701,120,9,611887.26,1,2,3,6,Low Value
1702,53,10,431529.08,2,3,2,7,Medium Value
1703,73,16,787331.55,2,4,4,10,High Value
1704,34,10,537576.71,3,3,2,8,Medium Value
1705,42,6,546572.9299999999,2,1,2,5,Low Value
1706,180,7,488256.62,1,1,2,4,Low Value
1707,82,9,498089.19,2,2,2,6,Low Value
1708,69,11,513729.35,2,3,2,7,Medium Value
1709,26,7,368547.59,3,1,1,5,Low Value
1710,30,12,563218.45,3,3,3,9,Medium Value
1711,164,5,215830.56,1,1,1,3,Low Value
1712,32,14,664208.58,3,4,3,10,High Value
1713,66,9,508116.25,2,2,2,6,Low Value
1714,13,13,703839.82,4,4,3,11,High Value
1715,19,16,680412.22,3,4,3,10,High Value
1716,16,10,757755.58,4,3,4,11,High Value
1717,70,11,491977.05,2,3,2,7,Medium Value
1718,98,11,652351.87,1,3,3,7,Medium Value
1719,26,9,377105.94,3,2,1,6,Low Value
1720,19,11,560480.26,3,3,3,9,Medium Value
1721,95,13,729288.9,1,4,4,9,Medium Value
1722,34,13,673257.72,3,4,3,10,High Value
1723,41,11,825734.28,2,3,4,9,Medium Value
1724,238,3,132118.57,1,1,1,3,Low Value
1725,27,15,909293.91,3,4,4,11,High Value
1726,14,20,1093308.29,4,4,4,12,High Value
1727,49,7,500888.88,2,1,2,5,Low Value
1728,79,7,625776.23,2,1,3,6,Low Value
1729,102,7,414456.46,1,1,1,3,Low Value
1730,46,10,662883.5,2,3,3,8,Medium Value
1731,44,15,1195214.41,2,4,4,10,High Value
1732,136,9,370563.7,1,2,1,4,Low Value
1733,58,10,587070.61,2,3,3,8,Medium Value
1734,53,9,469946.67,2,2,2,6,Low Value
1735,39,13,840460.26,3,4,4,11,High Value
1736,32,7,314515.05,3,1,1,5,Low Value
1737,32,4,335411.65,3,1,1,5,Low Value
1738,89,17,918289.1900000001,1,4,4,9,Medium Value
1739,198,6,280290.69,1,1,1,3,Low Value
1740,2,11,1194554.01,4,3,4,11,High Value
1741,64,6,372774.66,2,1,1,4,Low Value
1742,31,11,695710.6699999999,3,3,3,9,Medium Value
1743,37,7,373212.95,3,1,1,5,Low Value
1744,10,8,276799.22,4,2,1,7,Medium Value
1745,38,9,649323.59,3,2,3,8,Medium Value
1746,234,7,622507.13,1,1,3,5,Low Value
1747,13,14,646046.71,4,4,3,11,High Value
1748,22,12,742624.89,3,3,4,10,High Value
1749,22,11,554436.77,3,3,2,8,Medium Value
1750,26,12,714412.93,3,3,3,9,Medium Value
1751,5,16,920867.42,4,4,4,12,High Value
1752,200,7,499389.36,1,1,2,4,Low Value
1753,62,13,686677.66,2,4,3,9,Medium Value
1754,31,13,972276.3300000001,3,4,4,11,High Value
1755,68,11,552060.28,2,3,2,7,Medium Value
1756,6,9,426141.01,4,2,2,8,Medium Value
1757,40,8,551699.25,3,2,2,7,Medium Value
1758,1,13,785844.72,4,4,4,12,High Value
1759,46,6,483174.41,2,1,2,5,Low Value
1760,12,13,761332.8200000001,4,4,4,12,High Value
1761,131,7,515893.66,1,1,2,4,Low Value
1762,53,10,599327.89,2,3,3,8,Medium Value
1763,144,6,333994.57999999996,1,1,1,3,Low Value
1764,95,5,335441.10000000003,1,1,1,3,Low Value
1765,16,5,532381.99,4,1,2,7,Medium Value
1766,101,6,338607.4,1,1,1,3,Low Value
1767,15,9,431123.4,4,2,2,8,Medium Value
1768,10,12,776328.75,4,3,4,11,High Value
1769,36,8,348977.17000000004,3,2,1,6,Low Value
1770,118,8,545454.55,1,2,2,5,Low Value
1771,132,7,537348.03,1,1,2,4,Low Value
1772,134,10,727123.77,1,3,4,8,Medium Value
1773,6,15,682405.02,4,4,3,11,High Value
1774,96,17,1137558.88,1,4,4,9,Medium Value
1775,17,11,838685.1699999999,4,3,4,11,High Value
1776,6,12,645559.22,4,3,3,10,High Value
1777,67,11,679227.22,2,3,3,8,Medium Value
1778,14,14,638518.59,4,4,3,11,High Value
1779,27,17,668742.78,3,4,3,10,High Value
1780,12,9,581143.54,4,2,3,9,Medium Value
1781,75,9,561997.36,2,2,3,7,Medium Value
1782,7,13,539928.97,4,4,2,10,High Value
1783,211,8,677139.04,1,2,3,6,Low Value
1784,57,13,492126.81,2,4,2,8,Medium Value
1785,54,8,635276.29,2,2,3,7,Medium Value
1786,98,16,1360508.6600000001,1,4,4,9,Medium Value
1787,127,6,252742.21,1,1,1,3,Low Value
1788,6,17,1161421.5,4,4,4,12,High Value
1789,27,11,498827.89,3,3,2,8,Medium Value
1790,12,12,825735.19,4,3,4,11,High Value
1791,100,12,815893.02,1,3,4,8,Medium Value
1792,11,5,153031.87,4,1,1,6,Low Value
1793,208,6,398642.65,1,1,1,3,Low Value
1794,156,6,333283.41000000003,1,1,1,3,Low Value
1795,34,8,278016.78,3,2,1,6,Low Value
1796,101,7,328995.46,1,1,1,3,Low Value
1797,13,8,545522.25,4,2,2,8,Medium Value
1798,9,12,599504.51,4,3,3,10,High Value
1799,20,9,290076.38,3,2,1,6,Low Value
1800,36,13,813938.69,3,4,4,11,High Value
1801,18,11,644857.01,3,3,3,9,Medium Value
1802,3,9,552832.35,4,2,2,8,Medium Value
1803,65,8,394402.28,2,2,1,5,Low Value
1804,24,12,827215.98,3,3,4,10,High Value
1805,31,10,592823.15,3,3,3,9,Medium Value
1806,151,5,242321.83000000002,1,1,1,3,Low Value
1807,11,13,516055.49,4,4,2,10,High Value
1808,102,10,466853.68,1,3,2,6,Low Value
1809,59,10,538326.16,2,3,2,7,Medium Value
1810,156,10,354659.71,1,3,1,5,Low Value
1811,12,11,806623.72,4,3,4,11,High Value
1812,88,7,425203.21,1,1,2,4,Low Value
1813,94,6,615059.98,1,1,3,5,Low Value
1814,123,9,557205.79,1,2,2,5,Low Value
1815,34,13,816675.5,3,4,4,11,High Value
1816,53,7,489915.16000000003,2,1,2,5,Low Value
1817,5,7,696250.78,4,1,3,8,Medium Value
1818,32,14,815808.51,3,4,4,11,High Value
1819,62,8,642084.78,2,2,3,7,Medium Value
1820,55,15,835740.9199999999,2,4,4,10,High Value
1821,18,9,431616.43,3,2,2,7,Medium Value
1822,25,11,731547.9299999999,3,3,4,10,High Value
1823,23,11,590349.07,3,3,3,9,Medium Value
1824,13,17,873629.51,4,4,4,12,High Value
1825,265,5,351295.72,1,1,1,3,Low Value
1826,71,9,673621.83,2,2,3,7,Medium Value
1827,16,12,738943.9199999999,4,3,4,11,High Value
1828,81,14,949926.08,2,4,4,10,High Value
1829,72,7,364517.69,2,1,1,4,Low Value
1830,7,4,206492.34,4,1,1,6,Low Value
1831,2,12,761535.88,4,3,4,11,High Value
1832,6,12,675818.24,4,3,3,10,High Value
1833,191,8,401820.13,1,2,1,4,Low Value
1834,14,13,764298.03,4,4,4,12,High Value
1835,217,7,315077.52,1,1,1,3,Low Value
1836,8,11,661568.0,4,3,3,10,High Value
1837,72,8,556065.69,2,2,2,6,Low Value
1838,133,7,383581.85,1,1,1,3,Low Value
1839,45,9,894366.84,2,2,4,8,Medium Value
1840,78,11,493353.02,2,3,2,7,Medium Value
1841,39,12,577647.74,3,3,3,9,Medium Value
1842,15,12,833707.64,4,3,4,11,High Value
1843,11,10,802552.9,4,3,4,11,High Value
1844,47,6,178144.9,2,1,1,4,Low Value
1845,47,14,695941.59,2,4,3,9,Medium Value
1846,23,9,528098.45,3,2,2,7,Medium Value
1847,18,9,540798.9500000001,3,2,2,7,Medium Value
1848,96,10,634132.45,1,3,3,7,Medium Value
1849,19,11,756949.92,3,3,4,10,High Value
1850,125,9,385476.27,1,2,1,4,Low Value
1851,106,10,448303.66,1,3,2,6,Low Value
1852,82,13,960648.8400000001,2,4,4,10,High Value
1853,23,13,739306.38,3,4,4,11,High Value
1854,31,5,607144.56,3,1,3,7,Medium Value
1855,11,13,526477.58,4,4,2,10,High Value
1856,72,12,766292.37,2,3,4,9,Medium Value
1857,64,8,565461.58,2,2,3,7,Medium Value
1858,108,12,753363.26,1,3,4,8,Medium Value
1859,4,12,883793.3,4,3,4,11,High Value
1860,36,10,416368.78,3,3,1,7,Medium Value
1861,92,6,475931.51,1,1,2,4,Low Value
1862,15,11,613529.16,4,3,3,10,High Value
1863,48,7,518285.56,2,1,2,5,Low Value
1864,19,8,417753.26,3,2,2,7,Medium Value
1865,90,7,326382.92000000004,1,1,1,3,Low Value
1866,25,10,423001.33999999997,3,3,2,8,Medium Value
1867,36,5,290954.54,3,1,1,5,Low Value
1868,8,10,497282.53,4,3,2,9,Medium Value
1869,64,7,630670.92,2,1,3,6,Low Value
1870,79,8,442193.33999999997,2,2,2,6,Low Value
1871,86,9,356721.31,1,2,1,4,Low Value
1872,50,9,571228.5700000001,2,2,3,7,Medium Value
1873,40,6,279072.13,3,1,1,5,Low Value
1874,20,7,300731.35,3,1,1,5,Low Value
1875,236,6,550240.49,1,1,2,4,Low Value
1876,139,8,517494.57,1,2,2,5,Low Value
1877,3,16,1016378.53,4,4,4,12,High Value
1878,79,14,772564.16,2,4,4,10,High Value
1879,135,12,456437.64,1,3,2,6,Low Value
1880,237,7,336739.52,1,1,1,3,Low Value
1881,33,6,275610.35,3,1,1,5,Low Value
1882,72,11,702148.34,2,3,3,8,Medium Value
1883,48,7,274266.26,2,1,1,4,Low Value
1884,26,10,401029.47,3,3,1,7,Medium Value
1885,12,15,809165.47,4,4,4,12,High Value
1886,84,9,343546.42000000004,1,2,1,4,Low Value
1887,18,13,951332.4299999999,3,4,4,11,High Value
1888,13,9,595804.3,4,2,3,9,Medium Value
1889,9,9,413640.1,4,2,1,7,Medium Value
1890,36,10,393776.89,3,3,1,7,Medium Value
1891,26,14,823254.99,3,4,4,11,High Value
1892,97,10,346117.33999999997,1,3,1,5,Low Value
1893,94,15,806619.07,1,4,4,9,Medium Value
1894,75,9,336740.44,2,2,1,5,Low Value
1895,21,10,712642.68,3,3,3,9,Medium Value
1896,72,10,478870.22000000003,2,3,2,7,Medium Value
1897,12,16,973923.36,4,4,4,12,High Value
1898,2,9,499408.72000000003,4,2,2,8,Medium Value
1899,75,8,566353.6900000001,2,2,3,7,Medium Value
1900,234,6,310512.17,1,1,1,3,Low Value
1901,18,4,228451.07,3,1,1,5,Low Value
1902,30,7,381871.72000000003,3,1,1,5,Low Value
1903,20,10,612488.6,3,3,3,9,Medium Value
1904,5,12,639379.11,4,3,3,10,High Value
1905,2,10,859121.81,4,3,4,11,High Value
1906,106,11,591362.53,1,3,3,7,Medium Value
1907,296,5,422763.58,1,1,2,4,Low Value
1908,75,7,487835.70999999996,2,1,2,5,Low Value
1909,13,15,1045679.18,4,4,4,12,High Value
1910,27,10,836338.94,3,3,4,10,High Value
1911,42,10,631648.2000000001,2,3,3,8,Medium Value
1912,60,9,673881.75,2,2,3,7,Medium Value
1913,122,11,825948.6799999999,1,3,4,8,Medium Value
1914,27,9,523377.16,3,2,2,7,Medium Value
1915,53,8,757414.12,2,2,4,8,Medium Value
1916,119,9,483797.87,1,2,2,5,Low Value
1917,165,9,626551.8099999999,1,2,3,6,Low Value
1918,129,8,512520.02999999997,1,2,2,5,Low Value
1919,10,15,1105865.36,4,4,4,12,High Value
1920,238,9,395729.38,1,2,1,4,Low Value
1921,5,15,980851.0499999999,4,4,4,12,High Value
1922,49,7,283306.77,2,1,1,4,Low Value
1923,24,16,708420.8,3,4,3,10,High Value
1924,62,7,373065.85,2,1,1,4,Low Value
1925,28,10,654315.01,3,3,3,9,Medium Value
1926,55,13,617055.9,2,4,3,9,Medium Value
1927,66,8,549644.85,2,2,2,6,Low Value
1928,74,7,375811.32,2,1,1,4,Low Value
1929,106,10,621753.54,1,3,3,7,Medium Value
1930,145,9,493878.06999999995,1,2,2,5,Low Value
1931,69,10,746581.8,2,3,4,9,Medium Value
1932,4,10,391454.88,4,3,1,8,Medium Value
1933,103,8,534742.98,1,2,2,5,Low Value
1934,28,8,436028.85,3,2,2,7,Medium Value
1935,21,9,471005.47,3,2,2,7,Medium Value
1936,24,9,592546.77,3,2,3,8,Medium Value
1937,19,5,231372.03,3,1,1,5,Low Value
1938,128,7,237591.97999999998,1,1,1,3,Low Value
1939,78,9,364406.97,2,2,1,5,Low Value
1940,21,9,561853.7,3,2,3,8,Medium Value
1941,104,11,574297.77,1,3,3,7,Medium Value
1942,30,8,425123.5,3,2,2,7,Medium Value
1943,54,8,272133.98,2,2,1,5,Low Value
1944,11,11,576124.36,4,3,3,10,High Value
1945,35,14,1018726.97,3,4,4,11,High Value
1946,45,9,714938.75,2,2,3,7,Medium Value
1947,62,11,907707.43,2,3,4,9,Medium Value
1948,48,8,476752.74,2,2,2,6,Low Value
1949,26,10,572270.67,3,3,3,9,Medium Value
1950,57,8,485908.6,2,2,2,6,Low Value
1951,25,9,497613.23,3,2,2,7,Medium Value
1952,9,9,801943.55,4,2,4,10,High Value
1953,2,14,586045.78,4,4,3,11,High Value
1954,18,11,735436.6900000001,3,3,4,10,High Value
1955,19,8,344347.62,3,2,1,6,Low Value
1956,14,9,678064.91,4,2,3,9,Medium Value
1957,47,10,531917.44,2,3,2,7,Medium Value
1958,126,10,530850.05,1,3,2,6,Low Value
1959,28,9,679017.09,3,2,3,8,Medium Value
1960,13,11,785299.54,4,3,4,11,High Value
1961,50,11,698360.38,2,3,3,8,Medium Value
1962,6,11,690507.7,4,3,3,10,High Value
1963,9,7,338623.48,4,1,1,6,Low Value
1964,11,11,499184.88,4,3,2,9,Medium Value
1965,41,13,626246.52,2,4,3,9,Medium Value
1966,17,8,453031.53,4,2,2,8,Medium Value
1967,9,9,231543.74,4,2,1,7,Medium Value
1968,12,14,552698.36,4,4,2,10,High Value
1969,28,15,1029970.04,3,4,4,11,High Value
1970,144,8,227580.01,1,2,1,4,Low Value
1971,54,8,316807.02,2,2,1,5,Low Value
1972,2,11,1015816.23,4,3,4,11,High Value
1973,23,7,282871.69,3,1,1,5,Low Value
1974,23,11,350268.66,3,3,1,7,Medium Value
1975,95,11,770747.6900000001,1,3,4,8,Medium Value
1976,64,8,741893.38,2,2,4,8,Medium Value
1977,48,15,795875.73,2,4,4,10,High Value
1978,96,12,728946.21,1,3,4,8,Medium Value
1979,229,9,434198.13,1,2,2,5,Low Value
1980,9,14,909257.96,4,4,4,12,High Value
1981,25,6,314575.01,3,1,1,5,Low Value
1982,38,6,539263.17,3,1,2,6,Low Value
1983,18,12,728567.88,3,3,4,10,High Value
1984,32,8,461609.65,3,2,2,7,Medium Value
1985,3,13,636707.15,4,4,3,11,High Value
1986,4,9,542496.99,4,2,2,8,Medium Value
1987,78,15,664084.4299999999,2,4,3,9,Medium Value
1988,131,12,953705.16,1,3,4,8,Medium Value
1989,9,13,601188.37,4,4,3,11,High Value
1990,17,12,622883.73,4,3,3,10,High Value
1991,46,5,322902.81,2,1,1,4,Low Value
1992,7,9,591061.85,4,2,3,9,Medium Value
1993,95,15,589713.12,1,4,3,8,Medium Value
1994,67,7,351845.25,2,1,1,4,Low Value
1995,4,11,638185.2,4,3,3,10,High Value
1996,18,9,329468.33999999997,3,2,1,6,Low Value
1997,33,12,669438.9,3,3,3,9,Medium Value
1998,23,9,400578.48,3,2,1,6,Low Value
1999,174,7,368082.83999999997,1,1,1,3,Low Value
2000,72,9,552749.31,2,2,2,6,Low Value
2001,5,10,598438.8400000001,4,3,3,10,High Value
2002,175,9,484386.19,1,2,2,5,Low Value
2003,159,9,454614.86,1,2,2,5,Low Value
2004,1,7,323138.64,4,1,1,6,Low Value
2005,23,13,703111.32,3,4,3,10,High Value
2006,15,9,431870.45,4,2,2,8,Medium Value
2007,22,13,612342.83,3,4,3,10,High Value
2008,24,12,684708.53,3,3,3,9,Medium Value
2009,268,5,398114.82999999996,1,1,1,3,Low Value
2010,72,8,312599.27,2,2,1,5,Low Value
2011,57,11,729711.29,2,3,4,9,Medium Value
2012,130,7,382700.11,1,1,1,3,Low Value
2013,28,9,430535.33999999997,3,2,2,7,Medium Value
2014,136,10,505231.05,1,3,2,6,Low Value
2015,40,9,640890.86,3,2,3,8,Medium Value
2016,19,12,425208.94,3,3,2,8,Medium Value
2017,19,9,480575.82999999996,3,2,2,7,Medium Value
2018,86,11,638822.14,1,3,3,7,Medium Value
2019,166,4,193790.59000000003,1,1,1,3,Low Value
2020,18,11,914757.33,3,3,4,10,High Value
2021,17,10,775335.9500000001,4,3,4,11,High Value
2022,78,13,556235.21,2,4,2,8,Medium Value
2023,180,11,495903.78,1,3,2,6,Low Value
2024,25,13,859557.03,3,4,4,11,High Value
2025,10,14,797479.1,4,4,4,12,High Value
2026,80,11,837917.37,2,3,4,9,Medium Value
2027,64,11,551209.49,2,3,2,7,Medium Value
2028,8,16,1005272.46,4,4,4,12,High Value
2029,1,10,676885.11,4,3,3,10,High Value
2030,20,7,384537.68,3,1,1,5,Low Value
2031,7,12,638887.73,4,3,3,10,High Value
2032,66,12,589235.42,2,3,3,8,Medium Value
2033,2,9,564866.13,4,2,3,9,Medium Value
2034,112,5,385993.31,1,1,1,3,Low Value
2035,22,14,640299.13,3,4,3,10,High Value
2036,3,14,527476.22,4,4,2,10,High Value
2037,67,13,843367.56,2,4,4,10,High Value
2038,84,12,1092456.27,1,3,4,8,Medium Value
2039,3,10,542824.99,4,3,2,9,Medium Value
2040,21,12,584418.59,3,3,3,9,Medium Value
2041,43,8,720702.29,2,2,3,7,Medium Value
2042,42,8,435636.92,2,2,2,6,Low Value
2043,7,15,1064331.33,4,4,4,12,High Value
2044,2,11,739452.72,4,3,4,11,High Value
2045,53,9,509411.72,2,2,2,6,Low Value
2046,64,9,489323.78,2,2,2,6,Low Value
2047,121,10,549047.36,1,3,2,6,Low Value
2048,29,9,578322.3,3,2,3,8,Medium Value
2049,4,7,463098.47,4,1,2,7,Medium Value
2050,43,8,581043.8200000001,2,2,3,7,Medium Value
2051,60,10,741353.9,2,3,4,9,Medium Value
2052,103,12,753677.22,1,3,4,8,Medium Value
2053,144,13,517395.31,1,4,2,7,Medium Value
2054,20,12,854967.27,3,3,4,10,High Value
2055,252,9,537399.24,1,2,2,5,Low Value
2056,163,8,516813.77,1,2,2,5,Low Value
2057,87,13,708691.19,1,4,3,8,Medium Value
2058,75,17,955408.54,2,4,4,10,High Value
2059,17,10,472883.69999999995,4,3,2,9,Medium Value
2060,82,6,439590.21,2,1,2,5,Low Value
2061,61,9,516716.17,2,2,2,6,Low Value
2062,37,9,541391.88,3,2,2,7,Medium Value
2063,3,8,210720.63999999998,4,2,1,7,Medium Value
2064,31,9,471988.85,3,2,2,7,Medium Value
2065,38,14,900502.59,3,4,4,11,High Value
2066,17,13,989577.91,4,4,4,12,High Value
2067,54,11,606489.67,2,3,3,8,Medium Value
2068,40,10,644778.44,3,3,3,9,Medium Value
2069,10,9,480107.26,4,2,2,8,Medium Value
2070,22,10,479089.41000000003,3,3,2,8,Medium Value
2071,3,12,404769.64,4,3,1,8,Medium Value
2072,37,9,275059.06,3,2,1,6,Low Value
2073,12,10,778041.81,4,3,4,11,High Value
2074,130,11,588097.92,1,3,3,7,Medium Value
2075,7,15,704400.29,4,4,3,11,High Value
2076,82,10,606093.69,2,3,3,8,Medium Value
2077,100,7,233492.45,1,1,1,3,Low Value
2078,3,9,512320.83999999997,4,2,2,8,Medium Value
2079,51,19,962285.5,2,4,4,10,High Value
2080,18,7,322612.33999999997,3,1,1,5,Low Value
2081,253,10,619150.93,1,3,3,7,Medium Value
2082,46,7,337492.73,2,1,1,4,Low Value
2083,136,15,737737.59,1,4,4,9,Medium Value
2084,65,11,1031473.36,2,3,4,9,Medium Value
2085,20,9,606648.94,3,2,3,8,Medium Value
2086,2,13,527780.31,4,4,2,10,High Value
2087,3,12,614161.88,4,3,3,10,High Value
2088,16,11,938926.81,4,3,4,11,High Value
2089,40,10,659349.29,3,3,3,9,Medium Value
2090,89,9,763393.05,1,2,4,7,Medium Value
2091,3,15,802501.97,4,4,4,12,High Value
2092,56,15,741185.49,2,4,4,10,High Value
2093,27,10,459421.05,3,3,2,8,Medium Value
2094,31,12,526073.17,3,3,2,8,Medium Value
2095,9,11,530712.71,4,3,2,9,Medium Value
2096,68,8,316246.39,2,2,1,5,Low Value
2097,74,10,621803.8,2,3,3,8,Medium Value
2098,170,8,433349.04,1,2,2,5,Low Value
2099,221,6,402136.52,1,1,1,3,Low Value
2100,27,15,846445.77,3,4,4,11,High Value
2101,26,13,596900.65,3,4,3,10,High Value
2102,36,9,500894.56,3,2,2,7,Medium Value
2103,103,9,741842.86,1,2,4,7,Medium Value
2104,7,10,615074.23,4,3,3,10,High Value
2105,8,11,640241.0,4,3,3,10,High Value
2106,18,10,795727.38,3,3,4,10,High Value
2107,120,5,143945.06,1,1,1,3,Low Value
2108,105,4,352719.42,1,1,1,3,Low Value
2109,30,10,785279.15,3,3,4,10,High Value
2110,94,16,748356.87,1,4,4,9,Medium Value
2111,19,8,553887.62,3,2,2,7,Medium Value
2112,112,6,456847.94000000006,1,1,2,4,Low Value
2113,31,11,680846.04,3,3,3,9,Medium Value
2114,58,7,352035.66000000003,2,1,1,4,Low Value
2115,40,8,677827.6,3,2,3,8,Medium Value
2116,17,14,806746.98,4,4,4,12,High Value
2117,23,6,326186.27,3,1,1,5,Low Value
2118,35,13,785197.9,3,4,4,11,High Value
2119,173,6,371485.39,1,1,1,3,Low Value
2120,14,7,485710.51,4,1,2,7,Medium Value
2121,16,10,620376.1799999999,4,3,3,10,High Value
2122,5,10,776430.26,4,3,4,11,High Value
2123,86,15,649472.79,1,4,3,8,Medium Value
2124,64,6,217571.7,2,1,1,4,Low Value
2125,31,15,949653.36,3,4,4,11,High Value
2126,26,11,790599.0700000001,3,3,4,10,High Value
2127,22,11,786055.31,3,3,4,10,High Value
2128,22,12,652167.12,3,3,3,9,Medium Value
2129,18,12,954734.68,3,3,4,10,High Value
2130,86,14,978673.41,1,4,4,9,Medium Value
2131,37,8,762684.47,3,2,4,9,Medium Value
2132,84,11,817812.93,1,3,4,8,Medium Value
2133,84,4,124724.97,1,1,1,3,Low Value
2134,49,10,460726.1,2,3,2,7,Medium Value
2135,30,16,1261054.67,3,4,4,11,High Value
2136,203,7,654179.89,1,1,3,5,Low Value
2137,17,14,1091791.9,4,4,4,12,High Value
2138,7,10,494367.99,4,3,2,9,Medium Value
2139,88,11,678020.74,1,3,3,7,Medium Value
2140,41,11,686965.99,2,3,3,8,Medium Value
2141,2,7,533280.68,4,1,2,7,Medium Value
2142,20,7,243273.89,3,1,1,5,Low Value
2143,40,11,412864.02999999997,3,3,1,7,Medium Value
2144,50,10,517295.3,2,3,2,7,Medium Value
2145,14,13,961864.65,4,4,4,12,High Value
2146,43,10,484938.25,2,3,2,7,Medium Value
2147,64,8,631536.0900000001,2,2,3,7,Medium Value
2148,58,14,680622.14,2,4,3,9,Medium Value
2149,223,4,328454.48000000004,1,1,1,3,Low Value
2150,63,7,512179.19999999995,2,1,2,5,Low Value
2151,73,14,458451.73,2,4,2,8,Medium Value
2152,72,11,549956.84,2,3,2,7,Medium Value
2153,105,6,295619.25,1,1,1,3,Low Value
2154,130,11,495052.57,1,3,2,6,Low Value
2155,56,15,675956.75,2,4,3,9,Medium Value
2156,79,11,748900.3200000001,2,3,4,9,Medium Value
2157,23,17,888351.31,3,4,4,11,High Value
2158,36,15,573941.12,3,4,3,10,High Value
2159,4,13,583504.16,4,4,3,11,High Value
2160,51,7,484297.67,2,1,2,5,Low Value
2161,71,15,801895.25,2,4,4,10,High Value
2162,80,15,805902.9400000001,2,4,4,10,High Value
2163,37,12,650863.02,3,3,3,9,Medium Value
2164,61,13,827262.64,2,4,4,10,High Value
2165,21,14,840494.13,3,4,4,11,High Value
2166,140,10,361234.06,1,3,1,5,Low Value
2167,120,9,369005.3,1,2,1,4,Low Value
2168,84,7,486333.15,1,1,2,4,Low Value
2169,104,7,401131.88,1,1,1,3,Low Value
2170,2,11,894790.2200000001,4,3,4,11,High Value
2171,15,11,666897.14,4,3,3,10,High Value
2172,85,9,491587.21,1,2,2,5,Low Value
2173,36,10,792326.49,3,3,4,10,High Value
2174,65,7,360434.33,2,1,1,4,Low Value
2175,1,7,366070.47,4,1,1,6,Low Value
2176,118,8,495584.42000000004,1,2,2,5,Low Value
2177,84,9,482721.11,1,2,2,5,Low Value
2178,4,16,912840.47,4,4,4,12,High Value
2179,53,8,527583.73,2,2,2,6,Low Value
2180,26,10,426164.56,3,3,2,8,Medium Value
2181,67,7,466219.08999999997,2,1,2,5,Low Value
2182,17,10,556492.03,4,3,2,9,Medium Value
2183,329,4,157442.57,1,1,1,3,Low Value
2184,28,12,798211.17,3,3,4,10,High Value
2185,61,9,533516.27,2,2,2,6,Low Value
2186,39,10,461404.68,3,3,2,8,Medium Value
2187,7,9,423751.49,4,2,2,8,Medium Value
2188,25,13,974394.91,3,4,4,11,High Value
2189,156,7,577036.6,1,1,3,5,Low Value
2190,265,4,449492.68,1,1,2,4,Low Value
2191,23,12,623120.8200000001,3,3,3,9,Medium Value
2192,4,8,504777.01,4,2,2,8,Medium Value
2193,29,12,748930.55,3,3,4,10,High Value
2194,52,10,471460.94,2,3,2,7,Medium Value
2195,49,17,870893.0,2,4,4,10,High Value
2196,246,10,943263.12,1,3,4,8,Medium Value
2197,18,11,647123.46,3,3,3,9,Medium Value
2198,15,9,459025.74,4,2,2,8,Medium Value
2199,8,12,306293.64,4,3,1,8,Medium Value
2200,29,13,769355.09,3,4,4,11,High Value
2201,22,20,1507051.47,3,4,4,11,High Value
2202,207,7,616480.83,1,1,3,5,Low Value
2203,25,10,539023.6799999999,3,3,2,8,Medium Value
2204,117,9,538180.73,1,2,2,5,Low Value
2205,37,13,618341.78,3,4,3,10,High Value
2206,43,14,820252.48,2,4,4,10,High Value
2207,6,9,415911.14999999997,4,2,1,7,Medium Value
2208,132,9,530083.73,1,2,2,5,Low Value
2209,119,3,176985.8,1,1,1,3,Low Value
2210,41,9,501353.13,2,2,2,6,Low Value
2211,8,6,289891.63,4,1,1,6,Low Value
2212,8,11,523878.56,4,3,2,9,Medium Value
2213,174,9,670013.6,1,2,3,6,Low Value
2214,49,5,345738.9,2,1,1,4,Low Value
2215,225,6,199714.66,1,1,1,3,Low Value
2216,22,8,249509.98,3,2,1,6,Low Value
2217,145,9,276841.43,1,2,1,4,Low Value
2218,35,8,393536.47,3,2,1,6,Low Value
2219,99,10,749658.9,1,3,4,8,Medium Value
2220,31,12,504887.83999999997,3,3,2,8,Medium Value
2221,39,11,767486.26,3,3,4,10,High Value
2222,19,11,559162.06,3,3,3,9,Medium Value
2223,7,17,976646.67,4,4,4,12,High Value
2224,55,8,330668.42,2,2,1,5,Low Value
2225,67,10,936006.2000000001,2,3,4,9,Medium Value
2226,6,9,422036.83999999997,4,2,2,8,Medium Value
2227,12,16,970458.67,4,4,4,12,High Value
2228,85,8,605941.97,1,2,3,6,Low Value
2229,9,16,864533.26,4,4,4,12,High Value
2230,11,6,247645.03,4,1,1,6,Low Value
2231,45,14,930014.49,2,4,4,10,High Value
2232,5,13,853162.21,4,4,4,12,High Value
2233,34,7,458671.52,3,1,2,6,Low Value
2234,4,17,1083801.6,4,4,4,12,High Value
2235,5,12,342117.03,4,3,1,8,Medium Value
2236,73,9,460277.51,2,2,2,6,Low Value
2237,3,10,755207.42,4,3,4,11,High Value
2238,25,10,465732.64,3,3,2,8,Medium Value
2239,51,6,318074.78,2,1,1,4,Low Value
2240,58,9,581133.38,2,2,3,7,Medium Value
2241,85,11,613204.71,1,3,3,7,Medium Value
2242,6,12,705728.27,4,3,3,10,High Value
2243,109,7,441743.33,1,1,2,4,Low Value
2244,35,7,352648.48,3,1,1,5,Low Value
2245,2,10,705699.65,4,3,3,10,High Value
2246,20,9,276232.83999999997,3,2,1,6,Low Value
2247,44,11,687349.58,2,3,3,8,Medium Value
2248,247,4,218309.95,1,1,1,3,Low Value
2249,130,17,1009920.06,1,4,4,9,Medium Value
2250,112,10,604826.63,1,3,3,7,Medium Value
2251,37,12,468710.24,3,3,2,8,Medium Value
2252,21,11,832339.3200000001,3,3,4,10,High Value
2253,58,11,522909.82,2,3,2,7,Medium Value
2254,8,6,286819.22,4,1,1,6,Low Value
2255,16,12,727373.49,4,3,4,11,High Value
2256,12,8,346356.43,4,2,1,7,Medium Value
2257,39,17,872143.77,3,4,4,11,High Value
2258,91,3,100193.33,1,1,1,3,Low Value
2259,12,13,739214.71,4,4,4,12,High Value
2260,143,9,450793.46,1,2,2,5,Low Value
2261,12,14,818670.3,4,4,4,12,High Value
2262,26,10,804917.99,3,3,4,10,High Value
2263,31,8,705605.3,3,2,3,8,Medium Value
2264,10,15,931147.37,4,4,4,12,High Value
2265,10,12,654603.85,4,3,3,10,High Value
2266,16,8,483801.15,4,2,2,8,Medium Value
2267,123,13,813705.39,1,4,4,9,Medium Value
2268,128,10,625717.61,1,3,3,7,Medium Value
2269,138,9,341776.94,1,2,1,4,Low Value
2270,3,12,483946.43000000005,4,3,2,9,Medium Value
2271,51,10,582703.78,2,3,3,8,Medium Value
2272,34,5,310360.53,3,1,1,5,Low Value
2273,13,13,396218.14,4,4,1,9,Medium Value
2274,122,6,226361.2,1,1,1,3,Low Value
2275,101,12,577138.83,1,3,3,7,Medium Value
2276,118,11,545906.6,1,3,2,6,Low Value
2277,15,11,884901.9,4,3,4,11,High Value
2278,126,4,175868.82,1,1,1,3,Low Value
2279,4,8,533907.4600000001,4,2,2,8,Medium Value
2280,72,10,549003.26,2,3,2,7,Medium Value
2281,17,11,710920.8200000001,4,3,3,10,High Value
2282,13,14,802064.33,4,4,4,12,High Value
2283,206,5,182227.32,1,1,1,3,Low Value
2284,12,9,578575.34,4,2,3,9,Medium Value
2285,13,8,298764.32,4,2,1,7,Medium Value
2286,78,8,534679.32,2,2,2,6,Low Value
2287,6,7,451638.73,4,1,2,7,Medium Value
2288,24,6,271457.6,3,1,1,5,Low Value
2289,5,10,755804.83,4,3,4,11,High Value
2290,41,6,280889.75,2,1,1,4,Low Value
2291,38,10,653384.6,3,3,3,9,Medium Value
2292,31,11,569985.92,3,3,3,9,Medium Value
2293,22,11,926984.99,3,3,4,10,High Value
2294,31,10,767496.33,3,3,4,10,High Value
2295,18,12,838497.1000000001,3,3,4,10,High Value
2296,65,9,648668.84,2,2,3,7,Medium Value
2297,38,8,412423.3,3,2,1,6,Low Value
2298,37,12,534546.47,3,3,2,8,Medium Value
2299,178,6,432777.76,1,1,2,4,Low Value
2300,1,7,359498.5,4,1,1,6,Low Value
2301,24,5,380583.03,3,1,1,5,Low Value
2302,29,16,1282015.1099999999,3,4,4,11,High Value
2303,35,13,987223.1699999999,3,4,4,11,High Value
2304,17,11,524621.03,4,3,2,9,Medium Value
2305,36,13,814369.71,3,4,4,11,High Value
2306,39,14,552573.93,3,4,2,9,Medium Value
2307,28,10,430823.18,3,3,2,8,Medium Value
2308,57,9,406742.82,2,2,1,5,Low Value
2309,241,7,533313.05,1,1,2,4,Low Value
2310,46,12,411219.4,2,3,1,6,Low Value
2311,6,8,479761.11000000004,4,2,2,8,Medium Value
2312,102,13,752651.03,1,4,4,9,Medium Value
2313,31,12,713921.91,3,3,3,9,Medium Value
2314,90,12,610041.73,1,3,3,7,Medium Value
2315,20,8,438858.16000000003,3,2,2,7,Medium Value
2316,41,11,517997.86,2,3,2,7,Medium Value
2317,5,10,522805.16000000003,4,3,2,9,Medium Value
2318,71,12,509936.51,2,3,2,7,Medium Value
2319,13,6,311206.06,4,1,1,6,Low Value
2320,133,10,579195.0700000001,1,3,3,7,Medium Value
2321,11,8,581896.82,4,2,3,9,Medium Value
2322,41,8,666499.23,2,2,3,7,Medium Value
2323,51,7,468645.06,2,1,2,5,Low Value
2324,135,11,540969.29,1,3,2,6,Low Value
2325,63,9,296121.0,2,2,1,5,Low Value
2326,4,8,389486.55,4,2,1,7,Medium Value
2327,76,11,472785.67,2,3,2,7,Medium Value
2328,18,12,853969.12,3,3,4,10,High Value
2329,144,9,510091.44,1,2,2,5,Low Value
2330,5,8,372411.05,4,2,1,7,Medium Value
2331,120,10,435391.19,1,3,2,6,Low Value
2332,165,9,534686.24,1,2,2,5,Low Value
2333,58,9,603496.54,2,2,3,7,Medium Value
2334,71,12,673405.6,2,3,3,8,Medium Value
2335,23,9,514081.28,3,2,2,7,Medium Value
2336,37,7,246327.55,3,1,1,5,Low Value
2337,38,9,436522.69,3,2,2,7,Medium Value
2338,204,12,879449.98,1,3,4,8,Medium Value
2339,17,5,309751.63,4,1,1,6,Low Value
2340,53,11,368410.04000000004,2,3,1,6,Low Value
2341,59,12,810190.7,2,3,4,9,Medium Value
2342,22,9,419938.08,3,2,2,7,Medium Value
2343,173,8,378907.17000000004,1,2,1,4,Low Value
2344,73,12,765041.3200000001,2,3,4,9,Medium Value
2345,51,9,783552.15,2,2,4,8,Medium Value
2346,6,13,673406.14,4,4,3,11,High Value
2347,48,8,608873.49,2,2,3,7,Medium Value
2348,130,9,651990.75,1,2,3,6,Low Value
2349,4,11,566651.29,4,3,3,10,High Value
2350,45,10,599587.93,2,3,3,8,Medium Value
2351,50,6,414060.86,2,1,1,4,Low Value
2352,28,9,642808.41,3,2,3,8,Medium Value
2353,47,14,1113762.19,2,4,4,10,High Value
2354,14,8,380265.98,4,2,1,7,Medium Value
2355,31,14,863559.16,3,4,4,11,High Value
2356,137,13,719275.8,1,4,3,8,Medium Value
2357,45,9,540491.26,2,2,2,6,Low Value
2358,54,11,726693.6799999999,2,3,4,9,Medium Value
2359,14,9,212324.11,4,2,1,7,Medium Value
2360,57,6,409728.1,2,1,1,4,Low Value
2361,51,6,513595.91000000003,2,1,2,5,Low Value
2362,139,9,512560.61,1,2,2,5,Low Value
2363,97,8,564546.0,1,2,3,6,Low Value
2364,46,10,739563.49,2,3,4,9,Medium Value
2365,17,19,1010691.6599999999,4,4,4,12,High Value
2366,115,13,894093.75,1,4,4,9,Medium Value
2367,2,14,746143.81,4,4,4,12,High Value
2368,1,17,974174.85,4,4,4,12,High Value
2369,75,6,210126.39,2,1,1,4,Low Value
2370,11,8,439463.47,4,2,2,8,Medium Value
2371,36,9,323942.81,3,2,1,6,Low Value
2372,47,10,409246.92,2,3,1,6,Low Value
2373,134,11,579623.76,1,3,3,7,Medium Value
2374,39,8,358757.13,3,2,1,6,Low Value
2375,68,7,283140.65,2,1,1,4,Low Value
2376,19,12,678581.68,3,3,3,9,Medium Value
2377,24,14,973318.38,3,4,4,11,High Value
2378,17,16,854094.8300000001,4,4,4,12,High Value
2379,156,8,566483.08,1,2,3,6,Low Value
2380,32,10,472017.72,3,3,2,8,Medium Value
2381,73,12,658062.88,2,3,3,8,Medium Value
2382,14,11,319140.17,4,3,1,8,Medium Value
2383,105,8,509579.06,1,2,2,5,Low Value
2384,115,6,292688.28,1,1,1,3,Low Value
2385,18,7,428331.61,3,1,2,6,Low Value
2386,114,12,769762.2,1,3,4,8,Medium Value
2387,105,9,914843.16,1,2,4,7,Medium Value
2388,3,5,316446.72000000003,4,1,1,6,Low Value
2389,86,9,761666.39,1,2,4,7,Medium Value
2390,56,16,614073.08,2,4,3,9,Medium Value
2391,16,13,787685.2999999999,4,4,4,12,High Value
2392,412,4,316914.73,1,1,1,3,Low Value
2393,17,13,478393.77,4,4,2,10,High Value
2394,43,8,452571.84,2,2,2,6,Low Value
2395,5,10,405731.83,4,3,1,8,Medium Value
2396,17,11,564302.28,4,3,3,10,High Value
2397,106,7,551322.34,1,1,2,4,Low Value
2398,54,13,742858.17,2,4,4,10,High Value
2399,19,14,851027.09,3,4,4,11,High Value
2400,97,5,178940.97,1,1,1,3,Low Value
2401,15,10,659521.65,4,3,3,10,High Value
2402,117,5,209415.73,1,1,1,3,Low Value
2403,92,7,321457.63,1,1,1,3,Low Value
2404,48,5,151162.41999999998,2,1,1,4,Low Value
2405,81,15,612104.93,2,4,3,9,Medium Value
2406,21,12,688988.89,3,3,3,9,Medium Value
2407,45,5,229470.63,2,1,1,4,Low Value
2408,38,11,456453.15,3,3,2,8,Medium Value
2409,95,9,696875.5900000001,1,2,3,6,Low Value
2410,63,9,586019.75,2,2,3,7,Medium Value
2411,120,9,494856.95,1,2,2,5,Low Value
2412,110,8,239674.39,1,2,1,4,Low Value
2413,53,9,370900.74,2,2,1,5,Low Value
2414,3,17,1081176.5,4,4,4,12,High Value
2415,14,18,819030.78,4,4,4,12,High Value
2416,93,18,790573.9,1,4,4,9,Medium Value
2417,27,12,303044.68,3,3,1,7,Medium Value
2418,1,9,420078.63,4,2,2,8,Medium Value
2419,3,11,658056.91,4,3,3,10,High Value
2420,61,17,1086807.84,2,4,4,10,High Value
2421,39,9,538907.4299999999,3,2,2,7,Medium Value
2422,4,15,840168.89,4,4,4,12,High Value
2423,7,15,866178.9400000001,4,4,4,12,High Value
2424,37,18,928846.0,3,4,4,11,High Value
2425,45,8,280915.08999999997,2,2,1,5,Low Value
2426,42,7,342665.55,2,1,1,4,Low Value
2427,31,10,620314.04,3,3,3,9,Medium Value
2428,10,15,712086.22,4,4,3,11,High Value
2429,21,15,1247462.57,3,4,4,11,High Value
2430,89,12,764372.71,1,3,4,8,Medium Value
2431,57,8,663964.77,2,2,3,7,Medium Value
2432,34,9,362512.04,3,2,1,6,Low Value
2433,91,7,296092.23,1,1,1,3,Low Value
2434,26,10,476372.11000000004,3,3,2,8,Medium Value
2435,95,13,792580.84,1,4,4,9,Medium Value
2436,17,11,407857.45,4,3,1,8,Medium Value
2437,148,7,572426.79,1,1,3,5,Low Value
2438,20,7,255821.05,3,1,1,5,Low Value
2439,41,7,546403.08,2,1,2,5,Low Value
2440,2,9,598068.58,4,2,3,9,Medium Value
2441,14,8,465734.63,4,2,2,8,Medium Value
2442,81,11,738197.79,2,3,4,9,Medium Value
2443,46,10,462976.94,2,3,2,7,Medium Value
2444,2,7,353807.08,4,1,1,6,Low Value
2445,14,9,909406.2000000001,4,2,4,10,High Value
2446,113,9,507118.94,1,2,2,5,Low Value
2447,5,17,1216758.27,4,4,4,12,High Value
2448,17,10,573176.71,4,3,3,10,High Value
2449,97,7,590309.9199999999,1,1,3,5,Low Value
2450,138,7,257603.56,1,1,1,3,Low Value
2451,43,9,516008.6,2,2,2,6,Low Value
2452,61,7,475333.88,2,1,2,5,Low Value
2453,37,10,428255.26,3,3,2,8,Medium Value
2454,13,15,1025963.52,4,4,4,12,High Value
2455,33,9,648595.93,3,2,3,8,Medium Value
2456,23,14,910002.07,3,4,4,11,High Value
2457,184,11,768921.53,1,3,4,8,Medium Value
2458,46,10,741585.74,2,3,4,9,Medium Value
2459,126,7,442295.06,1,1,2,4,Low Value
2460,95,7,462155.10000000003,1,1,2,4,Low Value
2461,9,8,505804.76999999996,4,2,2,8,Medium Value
2462,44,12,589549.0,2,3,3,8,Medium Value
2463,50,8,401491.6,2,2,1,5,Low Value
2464,70,12,732798.86,2,3,4,9,Medium Value
2465,58,5,238848.52000000002,2,1,1,4,Low Value
2466,70,6,237998.69,2,1,1,4,Low Value
2467,4,9,443628.61,4,2,2,8,Medium Value
2468,153,9,443124.54,1,2,2,5,Low Value
2469,43,8,699546.52,2,2,3,7,Medium Value
2470,127,10,596089.21,1,3,3,7,Medium Value
2471,36,11,604371.53,3,3,3,9,Medium Value
2472,24,13,595399.41,3,4,3,10,High Value
2473,1,10,748386.17,4,3,4,11,High Value
2474,115,9,689374.42,1,2,3,6,Low Value
2475,20,10,597482.03,3,3,3,9,Medium Value
2476,68,11,510999.46,2,3,2,7,Medium Value
2477,52,11,911370.6,2,3,4,9,Medium Value
2478,82,7,430551.3,2,1,2,5,Low Value
2479,79,7,572547.91,2,1,3,6,Low Value
2480,15,8,505839.72000000003,4,2,2,8,Medium Value
2481,36,6,289237.78,3,1,1,5,Low Value
2482,55,11,741283.53,2,3,4,9,Medium Value
2483,226,8,498801.94,1,2,2,5,Low Value
2484,146,12,616148.52,1,3,3,7,Medium Value
2485,117,9,729048.85,1,2,4,7,Medium Value
2486,23,14,992642.98,3,4,4,11,High Value
2487,45,11,955562.71,2,3,4,9,Medium Value
2488,23,5,338154.18,3,1,1,5,Low Value
2489,118,8,539984.5599999999,1,2,2,5,Low Value
2490,9,15,733116.0,4,4,4,12,High Value
2491,62,8,297048.83999999997,2,2,1,5,Low Value
2492,62,8,453330.75,2,2,2,6,Low Value
2493,79,12,605302.8,2,3,3,8,Medium Value
2494,38,9,477678.46,3,2,2,7,Medium Value
2495,143,3,242285.21,1,1,1,3,Low Value
2496,125,11,605685.84,1,3,3,7,Medium Value
2497,25,4,181934.63999999998,3,1,1,5,Low Value
2498,152,9,736889.21,1,2,4,7,Medium Value
2499,196,6,454673.0,1,1,2,4,Low Value
2500,29,12,651678.32,3,3,3,9,Medium Value
2501,86,11,705997.78,1,3,3,7,Medium Value
2502,175,6,326787.87,1,1,1,3,Low Value
2503,65,9,385082.47,2,2,1,5,Low Value
2504,31,8,534917.34,3,2,2,7,Medium Value
2505,73,11,542127.06,2,3,2,7,Medium Value
2506,74,11,592805.2,2,3,3,8,Medium Value
2507,99,9,469458.01,1,2,2,5,Low Value
2508,13,6,469262.7,4,1,2,7,Medium Value
2509,86,7,241451.26,1,1,1,3,Low Value
2510,5,11,687920.43,4,3,3,10,High Value
2511,132,8,511053.32,1,2,2,5,Low Value
2512,11,16,918674.35,4,4,4,12,High Value
2513,12,12,553614.32,4,3,2,9,Medium Value
2514,13,12,777235.97,4,3,4,11,High Value
2515,168,3,166354.16999999998,1,1,1,3,Low Value
2516,2,9,461185.2,4,2,2,8,Medium Value
2517,194,5,98235.66,1,1,1,3,Low Value
2518,3,8,310402.57,4,2,1,7,Medium Value
2519,1,7,493947.17,4,1,2,7,Medium Value
2520,57,10,313426.67,2,3,1,6,Low Value
2521,21,9,545028.69,3,2,2,7,Medium Value
2522,36,7,540444.89,3,1,2,6,Low Value
2523,360,6,216101.49000000002,1,1,1,3,Low Value
2524,53,13,674529.15,2,4,3,9,Medium Value
2525,21,16,1024660.77,3,4,4,11,High Value
2526,6,12,747871.26,4,3,4,11,High Value
2527,194,11,662311.24,1,3,3,7,Medium Value
2528,144,10,465552.88,1,3,2,6,Low Value
2529,68,4,178524.97,2,1,1,4,Low Value
2530,93,12,635653.02,1,3,3,7,Medium Value
2531,96,8,477595.14,1,2,2,5,Low Value
2532,133,8,366797.93,1,2,1,4,Low Value
2533,1,10,834467.4400000001,4,3,4,11,High Value
2534,89,11,895637.76,1,3,4,8,Medium Value
2535,49,12,805660.0900000001,2,3,4,9,Medium Value
2536,32,13,993243.2,3,4,4,11,High Value
2537,63,12,673829.25,2,3,3,8,Medium Value
2538,15,13,643618.34,4,4,3,11,High Value
2539,37,12,901091.78,3,3,4,10,High Value
2540,73,9,486349.03,2,2,2,6,Low Value
2541,31,7,293513.33,3,1,1,5,Low Value
2542,62,6,258853.28999999998,2,1,1,4,Low Value
2543,127,11,705241.1799999999,1,3,3,7,Medium Value
2544,44,8,368851.71,2,2,1,5,Low Value
2545,2,11,861303.45,4,3,4,11,High Value
2546,35,9,719382.28,3,2,3,8,Medium Value
2547,35,18,953197.25,3,4,4,11,High Value
2548,10,4,195786.18,4,1,1,6,Low Value
2549,25,16,689072.29,3,4,3,10,High Value
2550,15,6,345668.88,4,1,1,6,Low Value
2551,50,7,321011.80000000005,2,1,1,4,Low Value
2552,19,13,807618.11,3,4,4,11,High Value
2553,25,11,609242.45,3,3,3,9,Medium Value
2554,6,13,877017.97,4,4,4,12,High Value
2555,52,7,393482.4,2,1,1,4,Low Value
2556,46,9,766697.84,2,2,4,8,Medium Value
2557,18,10,571027.12,3,3,3,9,Medium Value
2558,96,9,554066.63,1,2,2,5,Low Value
2559,22,11,603729.45,3,3,3,9,Medium Value
2560,146,9,401189.86000000004,1,2,1,4,Low Value
2561,12,14,613431.37,4,4,3,11,High Value
2562,50,7,527959.0,2,1,2,5,Low Value
2563,23,13,614322.65,3,4,3,10,High Value
2564,25,12,684199.51,3,3,3,9,Medium Value
2565,104,13,1009384.87,1,4,4,9,Medium Value
2566,61,10,572019.97,2,3,3,8,Medium Value
2567,30,8,559456.17,3,2,3,8,Medium Value
2568,84,12,747224.74,1,3,4,8,Medium Value
2569,115,10,320489.01999999996,1,3,1,5,Low Value
2570,21,13,501002.56,3,4,2,9,Medium Value
2571,121,8,377126.83,1,2,1,4,Low Value
2572,10,9,472477.38,4,2,2,8,Medium Value
2573,7,13,707736.21,4,4,3,11,High Value
2574,87,9,531174.48,1,2,2,5,Low Value
2575,254,7,264838.99,1,1,1,3,Low Value
2576,26,14,871277.94,3,4,4,11,High Value
2577,63,11,759396.01,2,3,4,9,Medium Value
2578,18,13,666864.41,3,4,3,10,High Value
2579,82,12,692867.29,2,3,3,8,Medium Value
2580,18,5,309486.47,3,1,1,5,Low Value
2581,36,11,817617.52,3,3,4,10,High Value
2582,96,10,435078.7,1,3,2,6,Low Value
2583,112,10,604387.02,1,3,3,7,Medium Value
2584,89,10,591884.12,1,3,3,7,Medium Value
2585,35,10,495808.59,3,3,2,8,Medium Value
2586,165,9,437008.8,1,2,2,5,Low Value
2587,61,12,696664.92,2,3,3,8,Medium Value
2588,49,10,643070.9,2,3,3,8,Medium Value
2589,35,11,418340.74,3,3,2,8,Medium Value
2590,12,12,758924.74,4,3,4,11,High Value
2591,23,9,711535.89,3,2,3,8,Medium Value
2592,25,9,616627.5599999999,3,2,3,8,Medium Value
2593,71,5,208899.44,2,1,1,4,Low Value
2594,13,9,460199.51,4,2,2,8,Medium Value
2595,14,12,806493.08,4,3,4,11,High Value
2596,99,11,475975.79,1,3,2,6,Low Value
2597,28,12,554388.64,3,3,2,8,Medium Value
2598,90,10,782791.78,1,3,4,8,Medium Value
2599,26,9,721873.8,3,2,3,8,Medium Value
2600,41,6,216405.68,2,1,1,4,Low Value
2601,70,16,900692.71,2,4,4,10,High Value
2602,37,11,530194.46,3,3,2,8,Medium Value
2603,40,9,719418.72,3,2,3,8,Medium Value
2604,16,9,602094.51,4,2,3,9,Medium Value
2605,143,9,508697.73,1,2,2,5,Low Value
2606,61,11,456809.70999999996,2,3,2,7,Medium Value
2607,70,7,342891.89,2,1,1,4,Low Value
2608,44,9,333840.15,2,2,1,5,Low Value
2609,66,6,388740.99,2,1,1,4,Low Value
2610,93,11,680441.86,1,3,3,7,Medium Value
2611,51,9,471358.53,2,2,2,6,Low Value
2612,288,4,168950.04,1,1,1,3,Low Value
2613,4,13,717016.51,4,4,3,11,High Value
2614,14,11,888980.75,4,3,4,11,High Value
2615,13,13,754634.2200000001,4,4,4,12,High Value
2616,11,15,750315.9500000001,4,4,4,12,High Value
2617,40,6,233851.2,3,1,1,5,Low Value
2618,17,10,318995.39,4,3,1,8,Medium Value
2619,20,7,228634.25,3,1,1,5,Low Value
2620,20,10,388712.41,3,3,1,7,Medium Value
2621,2,12,750000.87,4,3,4,11,High Value
2622,10,13,834370.52,4,4,4,12,High Value
2623,10,9,669051.41,4,2,3,9,Medium Value
2624,87,10,567826.08,1,3,3,7,Medium Value
2625,54,5,117363.43,2,1,1,4,Low Value
2626,10,10,443860.72,4,3,2,9,Medium Value
2627,3,14,832366.0,4,4,4,12,High Value
2628,116,14,962789.29,1,4,4,9,Medium Value
2629,28,10,912088.76,3,3,4,10,High Value
2630,60,6,502605.83,2,1,2,5,Low Value
2631,58,7,281496.33,2,1,1,4,Low Value
2632,76,11,797917.24,2,3,4,9,Medium Value
2633,202,6,261880.5,1,1,1,3,Low Value
2634,56,8,372406.73,2,2,1,5,Low Value
2635,44,7,379381.14,2,1,1,4,Low Value
2636,103,9,337131.82,1,2,1,4,Low Value
2637,291,3,129688.22,1,1,1,3,Low Value
2638,162,8,608155.49,1,2,3,6,Low Value
2639,3,5,306419.39999999997,4,1,1,6,Low Value
2640,91,8,256449.74,1,2,1,4,Low Value
2641,29,12,752043.76,3,3,4,10,High Value
2642,32,9,434083.65,3,2,2,7,Medium Value
2643,35,11,915448.84,3,3,4,10,High Value
2644,225,3,288172.07999999996,1,1,1,3,Low Value
2645,16,10,795554.78,4,3,4,11,High Value
2646,174,9,442269.75,1,2,2,5,Low Value
2647,20,10,491516.38,3,3,2,8,Medium Value
2648,22,9,713307.3200000001,3,2,3,8,Medium Value
2649,4,11,404458.25,4,3,1,8,Medium Value
2650,303,4,154089.46,1,1,1,3,Low Value
2651,50,9,537074.8200000001,2,2,2,6,Low Value
2652,12,5,279477.96,4,1,1,6,Low Value
2653,46,10,475320.04,2,3,2,7,Medium Value
2654,17,11,441073.75,4,3,2,9,Medium Value
2655,44,15,944044.02,2,4,4,10,High Value
2656,105,16,673496.81,1,4,3,8,Medium Value
2657,264,4,134871.98,1,1,1,3,Low Value
2658,136,6,398298.16000000003,1,1,1,3,Low Value
2659,9,9,580792.1,4,2,3,9,Medium Value
2660,90,11,663244.83,1,3,3,7,Medium Value
2661,65,8,362901.99,2,2,1,5,Low Value
2662,8,10,540071.22,4,3,2,9,Medium Value
2663,23,12,675085.8500000001,3,3,3,9,Medium Value
2664,23,9,646235.67,3,2,3,8,Medium Value
2665,30,10,854230.88,3,3,4,10,High Value
2666,20,13,791701.19,3,4,4,11,High Value
2667,58,9,573734.4299999999,2,2,3,7,Medium Value
2668,72,7,219932.55,2,1,1,4,Low Value
2669,36,11,605506.83,3,3,3,9,Medium Value
2670,54,11,727090.14,2,3,4,9,Medium Value
2671,44,14,942670.66,2,4,4,10,High Value
2672,76,11,876941.47,2,3,4,9,Medium Value
2673,94,11,528613.69,1,3,2,6,Low Value
2674,191,9,754498.67,1,2,4,7,Medium Value
2675,56,13,672931.3200000001,2,4,3,9,Medium Value
2676,19,14,789325.09,3,4,4,11,High Value
2677,30,8,466896.27,3,2,2,7,Medium Value
2678,79,11,652267.18,2,3,3,8,Medium Value
2679,15,12,562064.27,4,3,3,10,High Value
2680,46,10,385488.52,2,3,1,6,Low Value
2681,14,15,596197.81,4,4,3,11,High Value
2682,32,7,519164.1,3,1,2,6,Low Value
2683,157,9,517580.18,1,2,2,5,Low Value
2684,46,7,326636.06,2,1,1,4,Low Value
2685,113,8,360565.33999999997,1,2,1,4,Low Value
2686,181,10,678813.6900000001,1,3,3,7,Medium Value
2687,23,10,540414.13,3,3,2,8,Medium Value
2688,39,11,717823.79,3,3,3,9,Medium Value
2689,6,7,346321.8,4,1,1,6,Low Value
2690,230,8,468955.44,1,2,2,5,Low Value
2691,214,6,609331.42,1,1,3,5,Low Value
2692,208,8,503467.1,1,2,2,5,Low Value
2693,11,11,636940.75,4,3,3,10,High Value
2694,97,13,725256.71,1,4,4,9,Medium Value
2695,151,10,575144.38,1,3,3,7,Medium Value
2696,32,10,444738.69,3,3,2,8,Medium Value
2697,57,11,669290.61,2,3,3,8,Medium Value
2698,43,8,275439.51,2,2,1,5,Low Value
2699,26,8,433991.70999999996,3,2,2,7,Medium Value
2700,27,15,1162059.7,3,4,4,11,High Value
2701,17,18,837836.13,4,4,4,12,High Value
2702,3,14,668294.32,4,4,3,11,High Value
2703,38,11,927776.38,3,3,4,10,High Value
2704,24,13,781295.98,3,4,4,11,High Value
2705,114,17,972607.37,1,4,4,9,Medium Value
2706,6,12,748151.75,4,3,4,11,High Value
2707,70,8,653038.93,2,2,3,7,Medium Value
2708,32,7,443808.07,3,1,2,6,Low Value
2709,131,10,542881.97,1,3,2,6,Low Value
2710,120,7,472036.77999999997,1,1,2,4,Low Value
2711,7,4,141091.11,4,1,1,6,Low Value
2712,32,14,802316.95,3,4,4,11,High Value
2713,32,8,240302.91,3,2,1,6,Low Value
2714,48,11,723963.13,2,3,3,8,Medium Value
2715,90,11,358333.0,1,3,1,5,Low Value
2716,3,9,333830.42,4,2,1,7,Medium Value
2717,4,10,768459.46,4,3,4,11,High Value
2718,30,11,740206.76,3,3,4,10,High Value
2719,67,8,327631.48,2,2,1,5,Low Value
2720,56,6,165522.82,2,1,1,4,Low Value
2721,3,7,380910.43,4,1,1,6,Low Value
2722,63,8,476572.32,2,2,2,6,Low Value
2723,257,6,274846.8,1,1,1,3,Low Value
2724,11,7,213024.82,4,1,1,6,Low Value
2725,33,7,625542.55,3,1,3,7,Medium Value
2726,26,12,786443.53,3,3,4,10,High Value
2727,216,8,633501.34,1,2,3,6,Low Value
2728,1,13,811072.85,4,4,4,12,High Value
2729,25,14,702704.11,3,4,3,10,High Value
2730,18,8,816998.29,3,2,4,9,Medium Value
2731,100,3,174955.12,1,1,1,3,Low Value
2732,95,9,229190.25999999998,1,2,1,4,Low Value
2733,277,8,280833.1,1,2,1,4,Low Value
2734,4,9,557897.53,4,2,3,9,Medium Value
2735,169,10,573229.1799999999,1,3,3,7,Medium Value
2736,23,7,593935.01,3,1,3,7,Medium Value
2737,56,9,808412.33,2,2,4,8,Medium Value
2738,8,9,471069.9,4,2,2,8,Medium Value
2739,5,6,363258.74000000005,4,1,1,6,Low Value
2740,11,16,1017522.97,4,4,4,12,High Value
2741,39,8,287945.02,3,2,1,6,Low Value
2742,31,10,551617.89,3,3,2,8,Medium Value
2743,51,15,950972.2899999999,2,4,4,10,High Value
2744,47,13,996573.96,2,4,4,10,High Value
2745,38,11,726737.16,3,3,4,10,High Value
2746,25,14,1018717.51,3,4,4,11,High Value
2747,48,9,292015.28,2,2,1,5,Low Value
2748,13,11,650550.83,4,3,3,10,High Value
2749,130,14,621868.29,1,4,3,8,Medium Value
2750,54,11,581953.8200000001,2,3,3,8,Medium Value
2751,37,10,543505.33,3,3,2,8,Medium Value
2752,22,15,446773.39999999997,3,4,2,9,Medium Value
2753,195,6,196955.75,1,1,1,3,Low Value
2754,97,9,478724.87,1,2,2,5,Low Value
2755,29,12,946060.03,3,3,4,10,High Value
2756,20,15,978942.37,3,4,4,11,High Value
2757,109,7,354396.02999999997,1,1,1,3,Low Value
2758,6,5,434199.73,4,1,2,7,Medium Value
2759,31,6,131168.58,3,1,1,5,Low Value
2760,253,10,480713.81000000006,1,3,2,6,Low Value
2761,6,10,607653.5,4,3,3,10,High Value
2762,15,5,241016.04,4,1,1,6,Low Value
2763,80,10,572495.87,2,3,3,8,Medium Value
2764,35,5,246982.57,3,1,1,5,Low Value
2765,7,7,339644.78,4,1,1,6,Low Value
2766,31,13,740667.8,3,4,4,11,High Value
2767,48,11,786340.17,2,3,4,9,Medium Value
2768,190,5,241020.57,1,1,1,3,Low Value
2769,32,17,913756.0700000001,3,4,4,11,High Value
2770,103,9,523449.11,1,2,2,5,Low Value
2771,26,12,810259.41,3,3,4,10,High Value
2772,24,12,492327.0,3,4,2,9,Medium Value
2773,88,10,703777.12,1,3,3,7,Medium Value
2774,12,14,1008521.65,4,4,4,12,High Value
2775,46,14,758578.37,2,4,4,10,High Value
2776,19,9,326679.93,3,2,1,6,Low Value
2777,123,5,347963.72,1,1,1,3,Low Value
2778,21,7,346842.97000000003,3,1,1,5,Low Value
2779,96,11,763382.59,1,3,4,8,Medium Value
2780,30,19,1147028.59,3,4,4,11,High Value
2781,75,8,684617.06,2,2,3,7,Medium Value
2782,83,10,661133.4400000001,1,3,3,7,Medium Value
2783,57,10,537230.61,2,3,2,7,Medium Value
2784,12,12,509479.6,4,4,2,10,High Value
2785,30,9,737124.59,3,2,4,9,Medium Value
2786,101,10,663863.15,1,3,3,7,Medium Value
2787,15,13,753666.55,4,4,4,12,High Value
2788,132,4,201881.84999999998,1,1,1,3,Low Value
2789,56,10,666050.7,2,3,3,8,Medium Value
2790,63,10,566181.99,2,3,3,8,Medium Value
2791,49,12,601350.41,2,4,3,9,Medium Value
2792,42,12,653677.94,2,4,3,9,Medium Value
2793,64,10,578276.99,2,3,3,8,Medium Value
2794,39,13,642141.49,3,4,3,10,High Value
2795,117,6,377938.78,1,1,1,3,Low Value
2796,8,11,724162.14,4,3,3,10,High Value
2797,64,15,729725.84,2,4,4,10,High Value
2798,11,7,360751.26,4,1,1,6,Low Value
2799,55,8,505803.32,2,2,2,6,Low Value
2800,69,9,492891.31,2,2,2,6,Low Value
2801,52,11,664508.73,2,3,3,8,Medium Value
2802,47,5,258443.76,2,1,1,4,Low Value
2803,44,10,622945.58,2,3,3,8,Medium Value
2804,45,14,1046475.61,2,4,4,10,High Value
2805,23,9,600627.0,3,2,3,8,Medium Value
2806,86,7,532938.15,1,1,2,4,Low Value
2807,2,11,663159.48,4,3,3,10,High Value
2808,28,11,469195.18,3,3,2,8,Medium Value
2809,2,16,1389838.01,4,4,4,12,High Value
2810,137,11,548769.31,1,3,2,6,Low Value
2811,2,11,760251.51,4,3,4,11,High Value
2812,15,15,571447.03,4,4,3,11,High Value
2813,58,13,607756.41,2,4,3,9,Medium Value
2814,11,8,513157.14999999997,4,2,2,8,Medium Value
2815,25,6,489241.42,3,1,2,6,Low Value
2816,72,15,1254318.51,2,4,4,10,High Value
2817,26,16,858684.83,3,4,4,11,High Value
2818,89,10,803965.15,1,3,4,8,Medium Value
2819,3,13,786095.63,4,4,4,12,High Value
2820,32,14,921976.73,3,4,4,11,High Value
2821,21,11,742862.04,3,3,4,10,High Value
2822,38,13,885874.82,3,4,4,11,High Value
2823,68,10,458130.23000000004,2,3,2,7,Medium Value
2824,14,11,760296.76,4,3,4,11,High Value
2825,78,13,788005.22,2,4,4,10,High Value
2826,180,7,375889.62,1,1,1,3,Low Value
2827,140,7,652874.9,1,1,3,5,Low Value
2828,110,7,301054.12,1,1,1,3,Low Value
2829,50,11,343736.58,2,3,1,6,Low Value
2830,95,10,749969.8,1,3,4,8,Medium Value
2831,88,10,563575.39,1,3,3,7,Medium Value
2832,61,17,1146920.97,2,4,4,10,High Value
2833,55,8,442549.33,2,2,2,6,Low Value
2834,6,6,288309.88,4,1,1,6,Low Value
2835,14,8,394810.4,4,2,1,7,Medium Value
2836,25,8,808731.36,3,2,4,9,Medium Value
2837,35,9,524218.98,3,2,2,7,Medium Value
2838,22,7,289436.56,3,1,1,5,Low Value
2839,16,14,644331.22,4,4,3,11,High Value
2840,18,11,386441.37,3,3,1,7,Medium Value
2841,181,9,380585.25,1,2,1,4,Low Value
2842,5,14,820213.24,4,4,4,12,High Value
2843,55,7,435367.34,2,1,2,5,Low Value
2844,18,15,1074905.86,3,4,4,11,High Value
2845,45,15,1113724.13,2,4,4,10,High Value
2846,26,6,369244.79,3,1,1,5,Low Value
2847,14,13,574628.41,4,4,3,11,High Value
2848,44,16,1468060.06,2,4,4,10,High Value
2849,20,11,449610.72,3,3,2,8,Medium Value
2850,212,11,749383.28,1,3,4,8,Medium Value
2851,3,7,379496.75,4,1,1,6,Low Value
2852,72,8,269956.68,2,2,1,5,Low Value
2853,41,12,686137.6799999999,2,4,3,9,Medium Value
2854,23,14,898184.92,3,4,4,11,High Value
2855,29,9,463782.30000000005,3,2,2,7,Medium Value
2856,46,8,362532.94,2,2,1,5,Low Value
2857,36,14,836385.19,3,4,4,11,High Value
2858,8,12,790398.87,4,4,4,12,High Value
2859,31,5,248806.04,3,1,1,5,Low Value
2860,10,14,1034247.44,4,4,4,12,High Value
2861,9,13,510018.31,4,4,2,10,High Value
2862,88,9,432199.2,1,2,2,5,Low Value
2863,119,7,318250.71,1,1,1,3,Low Value
2864,144,11,418198.8,1,3,2,6,Low Value
2865,72,11,561445.6,2,3,3,8,Medium Value
2866,78,10,530668.14,2,3,2,7,Medium Value
2867,58,15,1001298.7,2,4,4,10,High Value
2868,90,8,368660.07,1,2,1,4,Low Value
2869,80,7,354594.54,2,1,1,4,Low Value
2870,10,5,243384.24,4,1,1,6,Low Value
2871,173,7,305542.2,1,1,1,3,Low Value
2872,47,14,967741.08,2,4,4,10,High Value
2873,44,9,723337.51,2,2,3,7,Medium Value
2874,8,9,584922.34,4,2,3,9,Medium Value
2875,131,6,572652.26,1,1,3,5,Low Value
2876,46,9,482767.65,2,2,2,6,Low Value
2877,59,8,491517.82999999996,2,2,2,6,Low Value
2878,62,5,282146.14,2,1,1,4,Low Value
2879,31,11,373034.83,3,3,1,7,Medium Value
2880,99,6,353058.06,1,1,1,3,Low Value
2881,36,4,218407.56,3,1,1,5,Low Value
2882,33,10,592607.5800000001,3,3,3,9,Medium Value
2883,15,12,612731.52,4,4,3,11,High Value
2884,58,9,726065.72,2,2,4,8,Medium Value
2885,11,12,638792.14,4,4,3,11,High Value
2886,531,2,81739.26000000001,1,1,1,3,Low Value
2887,3,14,899409.26,4,4,4,12,High Value
2888,4,11,746047.64,4,3,4,11,High Value
2889,110,9,546607.73,1,2,2,5,Low Value
2890,104,7,321956.85,1,1,1,3,Low Value
2891,82,6,334787.1,2,1,1,4,Low Value
2892,30,9,842325.54,3,2,4,9,Medium Value
2893,103,14,980881.33,1,4,4,9,Medium Value
2894,104,5,600497.96,1,1,3,5,Low Value
2895,9,16,917965.66,4,4,4,12,High Value
2896,45,12,917707.47,2,4,4,10,High Value
2897,103,11,608901.53,1,3,3,7,Medium Value
2898,57,10,484843.79,2,3,2,7,Medium Value
2899,59,8,414185.02999999997,2,2,1,5,Low Value
2900,30,13,651303.49,3,4,3,10,High Value
2901,16,11,611411.55,4,3,3,10,High Value
2902,36,11,632500.13,3,3,3,9,Medium Value
2903,4,13,663086.49,4,4,3,11,High Value
2904,160,3,331296.64,1,1,1,3,Low Value
2905,73,5,299555.65,2,1,1,4,Low Value
2906,96,5,289194.57,1,1,1,3,Low Value
2907,47,12,782752.59,2,4,4,10,High Value
2908,78,6,215290.49,2,1,1,4,Low Value
2909,8,16,907406.3200000001,4,4,4,12,High Value
2910,161,10,441012.78,1,3,2,6,Low Value
2911,20,15,924755.0599999999,3,4,4,11,High Value
2912,18,14,658519.8099999999,3,4,3,10,High Value
2913,15,8,626571.23,4,2,3,9,Medium Value
2914,179,4,215704.0,1,1,1,3,Low Value
2915,68,16,813651.95,2,4,4,10,High Value
2916,107,8,471394.25,1,2,2,5,Low Value
2917,196,11,667413.01,1,3,3,7,Medium Value
2918,25,16,1153690.46,3,4,4,11,High Value
2919,27,13,501127.39,3,4,2,9,Medium Value
2920,21,15,937294.6,3,4,4,11,High Value
2921,98,7,372615.45,1,1,1,3,Low Value
2922,48,15,1056561.06,2,4,4,10,High Value
2923,158,11,535432.62,1,3,2,6,Low Value
2924,6,13,689294.5700000001,4,4,3,11,High Value
2925,11,15,618341.1699999999,4,4,3,11,High Value
2926,49,22,1456924.58,2,4,4,10,High Value
2927,13,10,537901.91,4,3,2,9,Medium Value
2928,23,12,555991.66,3,4,2,9,Medium Value
2929,69,9,377051.37,2,2,1,5,Low Value
2930,150,9,419267.78,1,2,2,5,Low Value
2931,2,8,524955.89,4,2,2,8,Medium Value
2932,42,9,622532.77,2,2,3,7,Medium Value
2933,4,7,490585.27,4,1,2,7,Medium Value
2934,53,14,956890.35,2,4,4,10,High Value
2935,3,15,762537.1900000001,4,4,4,12,High Value
2936,54,11,445299.08999999997,2,3,2,7,Medium Value
2937,20,8,423757.91,3,2,2,7,Medium Value
2938,75,8,415596.91000000003,2,2,1,5,Low Value
2939,29,11,569552.89,3,3,3,9,Medium Value
2940,9,15,732170.3,4,4,4,12,High Value
2941,10,12,912211.13,4,4,4,12,High Value
2942,2,6,270101.98,4,1,1,6,Low Value
2943,6,9,850428.34,4,2,4,10,High Value
2944,36,11,558908.13,3,3,3,9,Medium Value
2945,60,14,550994.65,2,4,2,8,Medium Value
2946,43,13,841728.62,2,4,4,10,High Value
2947,50,11,779516.25,2,3,4,9,Medium Value
2948,28,6,417893.58999999997,3,1,2,6,Low Value
2949,25,17,902359.15,3,4,4,11,High Value
2950,21,6,296750.61,3,1,1,5,Low Value
2951,54,8,623525.94,2,2,3,7,Medium Value
2952,32,14,886030.04,3,4,4,11,High Value
2953,93,12,636956.5,1,4,3,8,Medium Value
2954,139,10,655422.59,1,3,3,7,Medium Value
2955,2,7,191439.81,4,1,1,6,Low Value
2956,126,10,697347.3200000001,1,3,3,7,Medium Value
2957,64,11,783594.38,2,3,4,9,Medium Value
2958,95,9,275853.08,1,2,1,4,Low Value
2959,217,5,446702.61,1,1,2,4,Low Value
2960,12,14,551299.29,4,4,2,10,High Value
2961,153,7,420213.54000000004,1,1,2,4,Low Value
2962,200,4,245962.57,1,1,1,3,Low Value
2963,130,13,882904.67,1,4,4,9,Medium Value
2964,149,10,763704.34,1,3,4,8,Medium Value
2965,10,14,1054733.08,4,4,4,12,High Value
2966,1,13,625921.5599999999,4,4,3,11,High Value
2967,47,12,515742.09,2,4,2,8,Medium Value
2968,16,11,580071.46,4,3,3,10,High Value
2969,13,12,582215.48,4,4,3,11,High Value
2970,67,4,204368.61000000002,2,1,1,4,Low Value
2971,211,10,635029.21,1,3,3,7,Medium Value
2972,30,12,776160.66,3,4,4,11,High Value
2973,143,8,473196.97,1,2,2,5,Low Value
2974,49,9,717081.48,2,2,3,7,Medium Value
2975,29,11,494321.35,3,3,2,8,Medium Value
2976,7,11,354194.02,4,3,1,8,Medium Value
2977,7,11,512103.69,4,3,2,9,Medium Value
2978,3,13,622849.96,4,4,3,11,High Value
2979,8,12,620861.78,4,4,3,11,High Value
2980,31,8,616162.45,3,2,3,8,Medium Value
2981,42,5,460120.0,2,1,2,5,Low Value
2982,11,10,510168.16,4,3,2,9,Medium Value
2983,175,2,50245.600000000006,1,1,1,3,Low Value
2984,2,13,484902.7,4,4,2,10,High Value
2985,2,12,708865.75,4,4,3,11,High Value
2986,65,12,624443.32,2,4,3,9,Medium Value
2987,73,8,640149.6799999999,2,2,3,7,Medium Value
2988,32,10,397019.37,3,3,1,7,Medium Value
2989,78,13,565349.13,2,4,3,9,Medium Value
2990,114,10,408415.32,1,3,1,5,Low Value
2991,136,7,483219.63,1,1,2,4,Low Value
2992,21,15,758936.3300000001,3,4,4,11,High Value
2993,1,9,613824.64,4,2,3,9,Medium Value
2994,53,14,697372.82,2,4,3,9,Medium Value
2995,56,5,259073.39,2,1,1,4,Low Value
2996,10,20,1298331.12,4,4,4,12,High Value
2997,32,5,277138.58,3,1,1,5,Low Value
2998,88,7,463785.48,1,1,2,4,Low Value
2999,13,7,434792.79,4,1,2,7,Medium Value
3000,39,9,503417.22,3,2,2,7,Medium Value
3001,440,2,164857.53,1,1,1,3,Low Value
3002,22,7,344069.28,3,1,1,5,Low Value
3003,23,14,892842.63,3,4,4,11,High Value
3004,37,4,289076.57,3,1,1,5,Low Value
3005,23,11,460989.12,3,3,2,8,Medium Value
3006,132,10,519253.72,1,3,2,6,Low Value
3007,37,13,590828.36,3,4,3,10,High Value
3008,35,9,375314.1,3,2,1,6,Low Value
3009,43,10,1041194.77,2,3,4,9,Medium Value
3010,61,8,433139.16,2,2,2,6,Low Value
3011,48,9,420513.12,2,2,2,6,Low Value
3012,8,10,576766.08,4,3,3,10,High Value
3013,55,13,579438.33,2,4,3,9,Medium Value
3014,7,11,418787.3,4,3,2,9,Medium Value
3015,35,11,623742.83,3,3,3,9,Medium Value
3016,32,14,873196.8400000001,3,4,4,11,High Value
3017,75,11,420130.26,2,3,2,7,Medium Value
3018,33,9,528130.49,3,2,2,7,Medium Value
3019,38,8,266727.46,3,2,1,6,Low Value
3020,8,9,925195.1399999999,4,2,4,10,High Value
3021,40,6,278746.19,3,1,1,5,Low Value
3022,40,14,677522.4,3,4,3,10,High Value
3023,13,11,560331.76,4,3,3,10,High Value
3024,61,10,863718.44,2,3,4,9,Medium Value
3025,165,8,393027.75,1,2,1,4,Low Value
3026,190,6,410368.76999999996,1,1,1,3,Low Value
3027,3,9,363743.05,4,2,1,7,Medium Value
3028,20,7,352272.60000000003,3,1,1,5,Low Value
3029,36,8,542853.45,3,2,2,7,Medium Value
3030,187,8,313366.14999999997,1,2,1,4,Low Value
3031,201,7,409508.14,1,1,1,3,Low Value
3032,25,7,176165.45,3,1,1,5,Low Value
3033,20,17,798230.06,3,4,4,11,High Value
3034,24,9,646892.5599999999,3,2,3,8,Medium Value
3035,5,14,679574.53,4,4,3,11,High Value
3036,31,10,651323.75,3,3,3,9,Medium Value
3037,48,10,817341.45,2,3,4,9,Medium Value
3038,51,9,742120.92,2,2,4,8,Medium Value
3039,53,11,367823.7,2,3,1,6,Low Value
3040,10,12,740591.61,4,4,4,12,High Value
3041,84,4,235011.84999999998,1,1,1,3,Low Value
3042,25,13,953723.82,3,4,4,11,High Value
3043,65,12,661982.49,2,4,3,9,Medium Value
3044,83,12,550536.96,1,4,2,7,Medium Value
3045,47,13,766368.04,2,4,4,10,High Value
3046,71,9,408994.95,2,2,1,5,Low Value
3047,39,9,533655.23,3,2,2,7,Medium Value
3048,33,10,481153.83,3,3,2,8,Medium Value
3049,13,15,667932.4199999999,4,4,3,11,High Value
3050,69,8,559971.28,2,2,3,7,Medium Value
3051,100,6,341708.42000000004,1,1,1,3,Low Value
3052,65,14,850193.69,2,4,4,10,High Value
3053,57,8,410511.49,2,2,1,5,Low Value
3054,224,9,399411.85,1,2,1,4,Low Value
3055,118,7,445517.22,1,1,2,4,Low Value
3056,5,10,629772.07,4,3,3,10,High Value
3057,18,9,296504.52,3,2,1,6,Low Value
3058,30,3,197690.95,3,1,1,5,Low Value
3059,36,11,753858.24,3,3,4,10,High Value
3060,3,11,785355.05,4,3,4,11,High Value
3061,54,8,453655.48,2,2,2,6,Low Value
3062,6,12,554682.44,4,4,2,10,High Value
3063,42,12,608646.19,2,4,3,9,Medium Value
3064,142,12,563249.0,1,4,3,8,Medium Value
3065,217,8,461921.67000000004,1,2,2,5,Low Value
3066,8,16,966665.04,4,4,4,12,High Value
3067,30,11,587550.4,3,3,3,9,Medium Value
3068,76,6,374641.35,2,1,1,4,Low Value
3069,24,8,296243.84,3,2,1,6,Low Value
3070,22,10,641307.68,3,3,3,9,Medium Value
3071,83,7,387528.86,1,1,1,3,Low Value
3072,102,9,372145.83999999997,1,2,1,4,Low Value
3073,97,10,463969.47000000003,1,3,2,6,Low Value
3074,45,5,310680.88,2,1,1,4,Low Value
3075,38,6,373378.06,3,1,1,5,Low Value
3076,51,9,844155.03,2,2,4,8,Medium Value
3077,19,12,657018.12,3,4,3,10,High Value
3078,44,11,813285.63,2,3,4,9,Medium Value
3079,43,11,727919.27,2,3,4,9,Medium Value
3080,10,16,743862.1,4,4,4,12,High Value
3081,64,8,283162.07,2,2,1,5,Low Value
3082,36,11,637061.2100000001,3,3,3,9,Medium Value
3083,132,9,426251.02,1,2,2,5,Low Value
3084,16,7,311538.88,4,1,1,6,Low Value
3085,42,9,455841.95999999996,2,2,2,6,Low Value
3086,138,5,250965.03999999998,1,1,1,3,Low Value
3087,99,12,1016279.25,1,4,4,9,Medium Value
3088,169,13,1032930.34,1,4,4,9,Medium Value
3089,102,12,629965.51,1,4,3,8,Medium Value
3090,12,8,480796.94,4,2,2,8,Medium Value
3091,20,7,402732.64,3,1,1,5,Low Value
3092,21,8,383652.43,3,2,1,6,Low Value
3093,146,14,710091.88,1,4,3,8,Medium Value
3094,14,11,600819.99,4,3,3,10,High Value
3095,117,13,708279.3,1,4,3,8,Medium Value
3096,73,6,273961.85,2,1,1,4,Low Value
3097,117,11,785200.94,1,3,4,8,Medium Value
3098,34,14,890176.38,3,4,4,11,High Value
3099,56,12,821257.06,2,4,4,10,High Value
3100,86,10,576675.23,1,3,3,7,Medium Value
3101,7,6,516366.55,4,1,2,7,Medium Value
3102,21,13,414751.62,3,4,1,8,Medium Value
3103,33,12,655948.52,3,4,3,10,High Value
3104,18,11,611397.3200000001,3,3,3,9,Medium Value
3105,241,4,197796.85,1,1,1,3,Low Value
3106,76,9,407153.51,2,2,1,5,Low Value
3107,16,11,603572.77,4,3,3,10,High Value
3108,31,15,1110000.76,3,4,4,11,High Value
3109,149,10,328723.48,1,3,1,5,Low Value
3110,64,10,497876.89,2,3,2,7,Medium Value
3111,28,13,852849.19,3,4,4,11,High Value
3112,39,6,414005.9,3,1,1,5,Low Value
3113,11,8,439193.74,4,2,2,8,Medium Value
3114,52,6,211441.79,2,1,1,4,Low Value
3115,19,7,451030.7,3,1,2,6,Low Value
3116,107,6,536219.94,1,1,2,4,Low Value
3117,28,15,712836.17,3,4,3,10,High Value
3118,25,8,413716.52,3,2,1,6,Low Value
3119,70,12,549254.6799999999,2,4,2,8,Medium Value
3120,7,9,386341.19,4,2,1,7,Medium Value
3121,18,12,1000735.4500000001,3,4,4,11,High Value
3122,121,5,295696.36,1,1,1,3,Low Value
3123,82,9,452986.92,2,2,2,6,Low Value
3124,76,15,876362.86,2,4,4,10,High Value
3125,10,12,700309.52,4,4,3,11,High Value
3126,89,9,666155.98,1,2,3,6,Low Value
3127,43,12,732128.32,2,4,4,10,High Value
3128,66,7,400247.04000000004,2,1,1,4,Low Value
3129,2,14,1061074.78,4,4,4,12,High Value
3130,24,7,608427.26,3,1,3,7,Medium Value
3131,5,12,895245.77,4,4,4,12,High Value
3132,147,11,483653.52999999997,1,3,2,6,Low Value
3133,113,9,806149.95,1,2,4,7,Medium Value
3134,30,14,742524.55,3,4,4,11,High Value
3135,31,14,937998.5499999999,3,4,4,11,High Value
3136,23,9,397367.97000000003,3,2,1,6,Low Value
3137,5,8,426790.22,4,2,2,8,Medium Value
3138,52,9,375547.03,2,2,1,5,Low Value
3139,81,13,590363.39,2,4,3,9,Medium Value
3140,34,9,396201.68,3,2,1,6,Low Value
3141,40,12,638125.59,3,4,3,10,High Value
3142,61,13,877565.49,2,4,4,10,High Value
3143,39,9,451298.01,3,2,2,7,Medium Value
3144,61,10,518688.49,2,3,2,7,Medium Value
3145,21,9,491618.43,3,2,2,7,Medium Value
3146,3,10,516201.87,4,3,2,9,Medium Value
3147,20,13,711535.21,3,4,3,10,High Value
3148,66,15,675996.7,2,4,3,9,Medium Value
3149,94,11,504570.57,1,3,2,6,Low Value
3150,20,9,372948.43,3,2,1,6,Low Value
3151,23,7,573933.49,3,1,3,7,Medium Value
3152,135,13,840224.54,1,4,4,9,Medium Value
3153,32,8,297903.19,3,2,1,6,Low Value
3154,114,8,444753.58999999997,1,2,2,5,Low Value
3155,12,9,362439.37,4,2,1,7,Medium Value
3156,34,8,586790.72,3,2,3,8,Medium Value
3157,154,4,197118.78,1,1,1,3,Low Value
3158,69,11,705130.35,2,3,3,8,Medium Value
3159,6,7,352179.07,4,1,1,6,Low Value
3160,3,14,1080928.58,4,4,4,12,High Value
3161,1,11,807676.6699999999,4,3,4,11,High Value
3162,25,14,643711.0900000001,3,4,3,10,High Value
3163,19,15,1106616.42,3,4,4,11,High Value
3164,25,10,445245.38,3,3,2,8,Medium Value
3165,52,8,399585.52999999997,2,2,1,5,Low Value
3166,28,10,476226.67000000004,3,3,2,8,Medium Value
3167,16,22,1118114.3,4,4,4,12,High Value
3168,96,6,311193.69,1,1,1,3,Low Value
3169,59,9,474350.85,2,2,2,6,Low Value
3170,93,11,652178.45,1,3,3,7,Medium Value
3171,41,6,293726.89,2,1,1,4,Low Value
3172,57,6,424613.18,2,1,2,5,Low Value
3173,147,6,542294.8,1,1,2,4,Low Value
3174,36,8,517885.87,3,2,2,7,Medium Value
3175,71,14,809164.04,2,4,4,10,High Value
3176,30,6,357267.24,3,1,1,5,Low Value
3177,101,14,896119.99,1,4,4,9,Medium Value
3178,55,11,726151.0599999999,2,3,4,9,Medium Value
3179,79,17,676401.76,2,4,3,9,Medium Value
3180,13,9,446894.03,4,2,2,8,Medium Value
3181,29,6,345289.83999999997,3,1,1,5,Low Value
3182,1,4,373988.87,4,1,1,6,Low Value
3183,66,11,695563.31,2,3,3,8,Medium Value
3184,33,9,400829.68,3,2,1,6,Low Value
3185,101,8,595893.05,1,2,3,6,Low Value
3186,8,14,704413.29,4,4,3,11,High Value
3187,106,11,657716.96,1,3,3,7,Medium Value
3188,71,7,383005.59,2,1,1,4,Low Value
3189,30,5,204957.96,3,1,1,5,Low Value
3190,37,7,278728.11,3,1,1,5,Low Value
3191,121,15,1304487.1500000001,1,4,4,9,Medium Value
3192,14,11,705750.94,4,3,3,10,High Value
3193,4,9,487114.43,4,2,2,8,Medium Value
3194,149,6,432545.46,1,1,2,4,Low Value
3195,10,8,468799.79,4,2,2,8,Medium Value
3196,44,13,453384.79000000004,2,4,2,8,Medium Value
3197,109,10,608148.7,1,3,3,7,Medium Value
3198,122,7,434555.45,1,1,2,4,Low Value
3199,20,13,644692.72,3,4,3,10,High Value
3200,69,14,775659.43,2,4,4,10,High Value
3201,94,7,439163.93,1,1,2,4,Low Value
3202,13,14,584340.02,4,4,3,11,High Value
3203,112,9,292111.64999999997,1,2,1,4,Low Value
3204,1,8,417672.46,4,2,2,8,Medium Value
3205,39,17,772757.22,3,4,4,11,High Value
3206,33,10,673355.38,3,3,3,9,Medium Value
3207,34,11,570303.81,3,3,3,9,Medium Value
3208,59,12,528641.45,2,4,2,8,Medium Value
3209,5,6,555567.08,4,1,2,7,Medium Value
3210,59,7,454445.69,2,1,2,5,Low Value
3211,22,8,346115.92,3,2,1,6,Low Value
3212,24,9,448585.88,3,2,2,7,Medium Value
3213,12,14,992213.92,4,4,4,12,High Value
3214,60,9,506363.2,2,2,2,6,Low Value
3215,186,11,515759.11,1,3,2,6,Low Value
3216,74,7,463424.79000000004,2,1,2,5,Low Value
3217,22,12,508643.19,3,4,2,9,Medium Value
3218,38,13,707166.35,3,4,3,10,High Value
3219,115,6,434929.97000000003,1,1,2,4,Low Value
3220,20,10,677454.17,3,3,3,9,Medium Value
3221,2,12,630394.7,4,4,3,11,High Value
3222,25,8,282429.2,3,2,1,6,Low Value
3223,39,8,582478.71,3,2,3,8,Medium Value
3224,146,10,741087.99,1,3,4,8,Medium Value
3225,11,9,484217.69,4,2,2,8,Medium Value
3226,311,6,272839.02,1,1,1,3,Low Value
3227,66,8,420403.06,2,2,2,6,Low Value
3228,67,12,846030.0599999999,2,4,4,10,High Value
3229,94,14,404754.2,1,4,1,6,Low Value
3230,147,10,355805.65,1,3,1,5,Low Value
3231,99,9,729890.8999999999,1,2,4,7,Medium Value
3232,5,13,939130.98,4,4,4,12,High Value
3233,60,16,680706.5700000001,2,4,3,9,Medium Value
3234,13,7,414393.3,4,1,1,6,Low Value
3235,32,10,448332.22,3,3,2,8,Medium Value
3236,1,8,219518.29,4,2,1,7,Medium Value
3237,38,9,453403.66,3,2,2,7,Medium Value
3238,15,9,451655.53,4,2,2,8,Medium Value
3239,59,18,1341895.38,2,4,4,10,High Value
3240,8,11,624055.24,4,3,3,10,High Value
3241,12,14,893524.49,4,4,4,12,High Value
3242,7,11,470664.46,4,3,2,9,Medium Value
3243,23,5,398137.4,3,1,1,5,Low Value
3244,129,8,446666.06,1,2,2,5,Low Value
3245,84,8,308422.57,1,2,1,4,Low Value
3246,31,9,529845.4199999999,3,2,2,7,Medium Value
3247,73,7,560842.12,2,1,3,6,Low Value
3248,5,10,678946.08,4,3,3,10,High Value
3249,13,8,470024.08999999997,4,2,2,8,Medium Value
3250,66,15,714294.2,2,4,3,9,Medium Value
3251,117,10,665681.01,1,3,3,7,Medium Value
3252,30,15,926857.6799999999,3,4,4,11,High Value
3253,47,9,425366.1,2,2,2,6,Low Value
3254,5,7,424258.28,4,1,2,7,Medium Value
3255,25,15,802053.19,3,4,4,11,High Value
3256,3,14,874070.66,4,4,4,12,High Value
3257,14,18,987077.08,4,4,4,12,High Value
3258,49,8,305030.09,2,2,1,5,Low Value
3259,226,6,506282.42,1,1,2,4,Low Value
3260,108,8,462421.69,1,2,2,5,Low Value
3261,70,17,1263387.1600000001,2,4,4,10,High Value
3262,118,11,523513.31000000006,1,3,2,6,Low Value
3263,5,15,974713.0499999999,4,4,4,12,High Value
3264,21,6,400246.83999999997,3,1,1,5,Low Value
3265,25,10,565062.47,3,3,3,9,Medium Value
3266,213,4,275408.07999999996,1,1,1,3,Low Value
3267,46,12,754389.5800000001,2,4,4,10,High Value
3268,11,8,328749.87,4,2,1,7,Medium Value
3269,9,16,1156467.94,4,4,4,12,High Value
3270,11,8,602587.95,4,2,3,9,Medium Value
3271,201,11,483983.10000000003,1,3,2,6,Low Value
3272,15,8,277070.21,4,2,1,7,Medium Value
3273,160,8,570997.13,1,2,3,6,Low Value
3274,36,8,545233.43,3,2,2,7,Medium Value
3275,196,8,612561.11,1,2,3,6,Low Value
3276,24,11,487307.23,3,3,2,8,Medium Value
3277,132,7,533071.35,1,1,2,4,Low Value
3278,7,11,807529.42,4,3,4,11,High Value
3279,66,8,442283.04000000004,2,2,2,6,Low Value
3280,3,9,556950.7,4,2,2,8,Medium Value
3281,20,11,536016.1,3,3,2,8,Medium Value
3282,54,9,480530.56,2,2,2,6,Low Value
3283,12,10,502791.25,4,3,2,9,Medium Value
3284,32,11,668366.6,3,3,3,9,Medium Value
3285,81,7,467400.37,2,1,2,5,Low Value
3286,10,9,470691.19,4,2,2,8,Medium Value
3287,50,10,741058.37,2,3,4,9,Medium Value
3288,106,15,1072476.68,1,4,4,9,Medium Value
3289,276,5,282881.42,1,1,1,3,Low Value
3290,26,14,887651.64,3,4,4,11,High Value
3291,31,11,432240.52999999997,3,3,2,8,Medium Value
3292,10,14,923963.86,4,4,4,12,High Value
3293,92,4,220540.54,1,1,1,3,Low Value
3294,51,11,658153.82,2,3,3,8,Medium Value
3295,16,17,972822.04,4,4,4,12,High Value
3296,10,7,511443.70999999996,4,1,2,7,Medium Value
3297,14,10,195712.37,4,3,1,8,Medium Value
3298,85,9,539567.2,1,2,2,5,Low Value
3299,29,11,766306.03,3,3,4,10,High Value
3300,166,11,784141.96,1,3,4,8,Medium Value
3301,84,9,530085.66,1,2,2,5,Low Value
3302,1,8,372953.93,4,2,1,7,Medium Value
3303,13,9,666432.62,4,2,3,9,Medium Value
3304,13,10,464817.26,4,3,2,9,Medium Value
3305,18,5,212202.49,3,1,1,5,Low Value
3306,27,16,848738.92,3,4,4,11,High Value
3307,39,11,672631.38,3,3,3,9,Medium Value
3308,28,10,648879.9199999999,3,3,3,9,Medium Value
3309,247,3,116708.06,1,1,1,3,Low Value
3310,17,10,713833.12,4,3,3,10,High Value
3311,55,11,538156.42,2,3,2,7,Medium Value
3312,44,12,660051.18,2,4,3,9,Medium Value
3313,268,8,605543.02,1,2,3,6,Low Value
3314,58,10,506826.58999999997,2,3,2,7,Medium Value
3315,6,13,958504.45,4,4,4,12,High Value
3316,22,11,510354.02999999997,3,3,2,8,Medium Value
3317,50,11,471331.32,2,3,2,7,Medium Value
3318,121,13,758816.97,1,4,4,9,Medium Value
3319,134,8,516431.59,1,2,2,5,Low Value
3320,58,9,685948.36,2,2,3,7,Medium Value
3321,70,9,385890.89,2,2,1,5,Low Value
3322,54,12,647731.89,2,4,3,9,Medium Value
3323,42,13,693243.04,2,4,3,9,Medium Value
3324,50,13,1039131.87,2,4,4,10,High Value
3325,35,12,630526.45,3,4,3,10,High Value
3326,25,12,574689.08,3,4,3,10,High Value
3327,52,6,424810.29,2,1,2,5,Low Value
3328,64,6,175457.34,2,1,1,4,Low Value
3329,132,10,674938.8400000001,1,3,3,7,Medium Value
3330,111,10,671223.26,1,3,3,7,Medium Value
3331,3,9,534926.6799999999,4,2,2,8,Medium Value
3332,31,21,1354842.17,3,4,4,11,High Value
3333,13,13,511009.32999999996,4,4,2,10,High Value
3334,99,10,555220.1699999999,1,3,2,6,Low Value
3335,4,12,558009.74,4,4,3,11,High Value
3336,441,2,75529.54000000001,1,1,1,3,Low Value
3337,53,12,842056.02,2,4,4,10,High Value
3338,141,10,719895.05,1,3,3,7,Medium Value
3339,18,11,817635.8099999999,3,3,4,10,High Value
3340,45,8,555819.66,2,2,2,6,Low Value
3341,67,13,571932.2999999999,2,4,3,9,Medium Value
3342,7,10,529712.26,4,3,2,9,Medium Value
3343,8,6,408863.92,4,1,1,6,Low Value
3344,15,15,1041762.99,4,4,4,12,High Value
3345,77,6,421285.01999999996,2,1,2,5,Low Value
3346,27,12,577613.6,3,4,3,10,High Value
3347,27,10,612147.83,3,3,3,9,Medium Value
3348,12,7,608001.55,4,1,3,8,Medium Value
3349,51,12,804987.41,2,4,4,10,High Value
3350,14,9,539704.0,4,2,2,8,Medium Value
3351,1,9,313681.21,4,2,1,7,Medium Value
3352,21,13,795296.51,3,4,4,11,High Value
3353,12,11,699840.87,4,3,3,10,High Value
3354,51,7,166802.73,2,1,1,4,Low Value
3355,347,5,322773.66,1,1,1,3,Low Value
3356,72,9,361533.86,2,2,1,5,Low Value
3357,71,10,527525.18,2,3,2,7,Medium Value
3358,2,12,782968.84,4,4,4,12,High Value
3359,19,10,578380.46,3,3,3,9,Medium Value
3360,40,10,674247.8099999999,3,3,3,9,Medium Value
3361,36,9,382120.07,3,2,1,6,Low Value
3362,27,14,715817.15,3,4,3,10,High Value
3363,126,10,428252.59,1,3,2,6,Low Value
3364,31,5,186273.4,3,1,1,5,Low Value
3365,93,8,367504.48,1,2,1,4,Low Value
3366,51,12,645662.25,2,4,3,9,Medium Value
3367,12,8,338923.72,4,2,1,7,Medium Value
3368,139,17,903310.0,1,4,4,9,Medium Value
3369,1,15,1242710.6400000001,4,4,4,12,High Value
3370,78,13,900288.5700000001,2,4,4,10,High Value
3371,73,11,744009.4,2,3,4,9,Medium Value
3372,3,15,646720.34,4,4,3,11,High Value
3373,39,14,858951.35,3,4,4,11,High Value
3374,23,8,281499.64999999997,3,2,1,6,Low Value
3375,139,6,185324.05000000002,1,1,1,3,Low Value
3376,29,6,329393.72,3,1,1,5,Low Value
3377,56,7,388781.38,2,1,1,4,Low Value
3378,45,9,359144.07999999996,2,2,1,5,Low Value
3379,42,8,496057.35,2,2,2,6,Low Value
3380,1,14,874079.11,4,4,4,12,High Value
3381,15,9,631811.23,4,2,3,9,Medium Value
3382,91,13,862872.18,1,4,4,9,Medium Value
3383,38,7,520261.63,3,1,2,6,Low Value
3384,82,10,503359.87,2,3,2,7,Medium Value
3385,3,13,822833.54,4,4,4,12,High Value
3386,2,12,766979.71,4,4,4,12,High Value
3387,17,13,624311.92,4,4,3,11,High Value
3388,13,10,554275.6900000001,4,3,2,9,Medium Value
3389,11,6,269030.03,4,1,1,6,Low Value
3390,3,10,337474.92,4,3,1,8,Medium Value
3391,61,13,703509.45,2,4,3,9,Medium Value
3392,61,9,382262.36,2,2,1,5,Low Value
3393,10,16,1032058.02,4,4,4,12,High Value
3394,57,13,1067496.76,2,4,4,10,High Value
3395,133,7,341262.91000000003,1,1,1,3,Low Value
3396,29,9,817030.05,3,2,4,9,Medium Value
3397,53,5,204731.62,2,1,1,4,Low Value
3398,56,11,369683.16000000003,2,3,1,6,Low Value
3399,4,14,744946.4099999999,4,4,4,12,High Value
3400,3,5,406133.48000000004,4,1,1,6,Low Value
3401,57,9,477545.27,2,2,2,6,Low Value
3402,37,13,534242.78,3,4,2,9,Medium Value
3403,23,10,830420.9500000001,3,3,4,10,High Value
3404,174,10,470871.65,1,3,2,6,Low Value
3405,56,11,692507.4,2,3,3,8,Medium Value
3406,67,8,731036.21,2,2,4,8,Medium Value
3407,141,14,970804.13,1,4,4,9,Medium Value
3408,48,5,329831.38,2,1,1,4,Low Value
3409,90,7,260421.94,1,1,1,3,Low Value
3410,46,6,186903.11,2,1,1,4,Low Value
3411,21,12,651231.97,3,4,3,10,High Value
3412,22,18,1224192.45,3,4,4,11,High Value
3413,102,13,835663.81,1,4,4,9,Medium Value
3414,46,7,518740.72000000003,2,1,2,5,Low Value
3415,134,15,741316.3099999999,1,4,4,9,Medium Value
3416,33,8,426427.17,3,2,2,7,Medium Value
3417,47,12,761926.69,2,4,4,10,High Value
3418,74,12,657789.9199999999,2,4,3,9,Medium Value
3419,126,7,338256.28,1,1,1,3,Low Value
3420,32,9,407000.13,3,2,1,6,Low Value
3421,112,12,641987.0599999999,1,4,3,8,Medium Value
3422,63,9,377841.86,2,2,1,5,Low Value
3423,79,10,464487.21,2,3,2,7,Medium Value
3424,183,7,508574.87,1,1,2,4,Low Value
3425,36,10,736832.47,3,3,4,10,High Value
3426,182,2,61705.69,1,1,1,3,Low Value
3427,90,10,486384.12,1,3,2,6,Low Value
3428,1,6,323831.52,4,1,1,6,Low Value
3429,30,15,1077344.94,3,4,4,11,High Value
3430,27,10,678490.12,3,3,3,9,Medium Value
3431,23,11,981833.22,3,3,4,10,High Value
3432,28,6,499418.99,3,1,2,6,Low Value
3433,55,14,727500.7999999999,2,4,4,10,High Value
3434,2,9,444339.94,4,2,2,8,Medium Value
3435,83,4,215802.08000000002,1,1,1,3,Low Value
3436,75,5,272393.33,2,1,1,4,Low Value
3437,45,12,861946.4,2,4,4,10,High Value
3438,49,7,513786.82999999996,2,1,2,5,Low Value
3439,16,18,1007039.95,4,4,4,12,High Value
3440,47,16,755630.23,2,4,4,10,High Value
3441,15,14,655775.95,4,4,3,11,High Value
3442,2,8,745477.7,4,2,4,10,High Value
3443,123,8,373183.6,1,2,1,4,Low Value
3444,197,9,486593.10000000003,1,2,2,5,Low Value
3445,65,9,579851.78,2,2,3,7,Medium Value
3446,119,9,660504.39,1,2,3,6,Low Value
3447,7,13,818793.04,4,4,4,12,High Value
3448,7,11,619959.7,4,3,3,10,High Value
3449,103,7,365867.16,1,1,1,3,Low Value
3450,26,10,367267.68,3,3,1,7,Medium Value
3451,94,11,580679.33,1,3,3,7,Medium Value
3452,31,6,361717.0,3,1,1,5,Low Value
3453,23,11,578575.88,3,3,3,9,Medium Value
3454,111,6,347746.74,1,1,1,3,Low Value
3455,8,14,962239.43,4,4,4,12,High Value
3456,3,7,443564.77,4,1,2,7,Medium Value
3457,224,11,444225.25,1,3,2,6,Low Value
3458,10,11,680477.53,4,3,3,10,High Value
3459,25,5,139683.71,3,1,1,5,Low Value
3460,23,10,507941.01,3,3,2,8,Medium Value
3461,10,12,536898.49,4,4,2,10,High Value
3462,80,10,500997.44,2,3,2,7,Medium Value
3463,11,13,661217.17,4,4,3,11,High Value
3464,87,12,523808.83999999997,1,4,2,7,Medium Value
3465,18,13,790279.73,3,4,4,11,High Value
3466,69,13,830793.99,2,4,4,10,High Value
3467,33,6,302091.06,3,1,1,5,Low Value
3468,12,13,864952.34,4,4,4,12,High Value
3469,132,9,437641.6,1,2,2,5,Low Value
3470,31,5,473881.74,3,1,2,6,Low Value
3471,156,11,413915.3,1,3,1,5,Low Value
3472,2,9,337415.03,4,2,1,7,Medium Value
3473,45,11,764749.1,2,3,4,9,Medium Value
3474,4,8,401962.55,4,2,1,7,Medium Value
3475,5,11,551511.9600000001,4,3,2,9,Medium Value
3476,14,12,714454.4500000001,4,4,3,11,High Value
3477,62,11,482296.26999999996,2,3,2,7,Medium Value
3478,239,7,265226.07999999996,1,1,1,3,Low Value
3479,9,12,428979.2,4,4,2,10,High Value
3480,179,8,453289.51,1,2,2,5,Low Value
3481,12,11,566076.42,4,3,3,10,High Value
3482,44,15,1170124.88,2,4,4,10,High Value
3483,4,12,949095.9,4,4,4,12,High Value
3484,57,7,385472.37,2,1,1,4,Low Value
3485,64,6,382300.14,2,1,1,4,Low Value
3486,170,10,606406.05,1,3,3,7,Medium Value
3487,9,18,925192.57,4,4,4,12,High Value
3488,26,14,837561.86,3,4,4,11,High Value
3489,39,10,581990.62,3,3,3,9,Medium Value
3490,11,13,820482.51,4,4,4,12,High Value
3491,4,16,1076894.38,4,4,4,12,High Value
3492,7,15,880714.05,4,4,4,12,High Value
3493,52,12,759573.69,2,4,4,10,High Value
3494,40,10,573012.97,3,3,3,9,Medium Value
3495,289,5,228117.06,1,1,1,3,Low Value
3496,53,8,491444.32,2,2,2,6,Low Value
3497,7,11,685895.12,4,3,3,10,High Value
3498,7,6,706361.73,4,1,3,8,Medium Value
3499,64,10,480405.4,2,3,2,7,Medium Value
3500,41,13,734093.41,2,4,4,10,High Value
3501,3,9,478768.38,4,2,2,8,Medium Value
3502,15,15,1154493.04,4,4,4,12,High Value
3503,403,4,227266.6,1,1,1,3,Low Value
3504,1,7,469513.30000000005,4,1,2,7,Medium Value
3505,11,17,1292039.03,4,4,4,12,High Value
3506,70,12,559191.34,2,4,3,9,Medium Value
3507,7,12,536382.23,4,4,2,10,High Value
3508,56,8,614401.34,2,2,3,7,Medium Value
3509,85,7,282267.41,1,1,1,3,Low Value
3510,4,13,1115061.28,4,4,4,12,High Value
3511,7,8,587492.8,4,2,3,9,Medium Value
3512,19,11,716013.27,3,3,3,9,Medium Value
3513,40,10,475230.57,3,3,2,8,Medium Value
3514,8,8,418472.96,4,2,2,8,Medium Value
3515,60,9,726986.86,2,2,4,8,Medium Value
3516,50,8,443343.89,2,2,2,6,Low Value
3517,3,9,435159.49,4,2,2,8,Medium Value
3518,30,15,884061.85,3,4,4,11,High Value
3519,76,13,686702.39,2,4,3,9,Medium Value
3520,129,7,374458.67,1,1,1,3,Low Value
3521,9,14,935657.44,4,4,4,12,High Value
3522,65,4,273439.67,2,1,1,4,Low Value
3523,1,12,537605.93,4,4,2,10,High Value
3524,48,9,441709.71,2,2,2,6,Low Value
3525,15,7,763685.48,4,1,4,9,Medium Value
3526,51,5,278107.05,2,1,1,4,Low Value
3527,6,10,627121.76,4,3,3,10,High Value
3528,12,17,1097686.58,4,4,4,12,High Value
3529,37,8,337425.11,3,2,1,6,Low Value
3530,17,13,415897.43,4,4,1,9,Medium Value
3531,9,8,285768.89,4,2,1,7,Medium Value
3532,348,6,362076.4,1,1,1,3,Low Value
3533,46,13,755996.03,2,4,4,10,High Value
3534,88,8,262265.63,1,2,1,4,Low Value
3535,79,19,854778.8099999999,2,4,4,10,High Value
3536,12,8,322520.33999999997,4,2,1,7,Medium Value
3537,22,9,556335.11,3,2,2,7,Medium Value
3538,158,7,293586.17,1,1,1,3,Low Value
3539,126,7,484066.52999999997,1,1,2,4,Low Value
3540,50,12,642432.05,2,4,3,9,Medium Value
3541,129,6,474300.97,1,1,2,4,Low Value
3542,28,11,693564.86,3,3,3,9,Medium Value
3543,31,8,542215.9199999999,3,2,2,7,Medium Value
3544,24,13,895415.48,3,4,4,11,High Value
3545,1,11,751663.12,4,3,4,11,High Value
3546,41,11,601725.35,2,3,3,8,Medium Value
3547,55,9,875255.7,2,2,4,8,Medium Value
3548,2,11,882691.78,4,3,4,11,High Value
3549,35,6,273458.24,3,1,1,5,Low Value
3550,134,15,700988.56,1,4,3,8,Medium Value
3551,130,8,286017.14,1,2,1,4,Low Value
3552,43,11,780716.48,2,3,4,9,Medium Value
3553,43,9,748637.02,2,2,4,8,Medium Value
3554,63,8,460435.52,2,2,2,6,Low Value
3555,8,10,660338.92,4,3,3,10,High Value
3556,14,12,820498.44,4,4,4,12,High Value
3557,188,8,463347.07,1,2,2,5,Low Value
3558,39,9,487760.94000000006,3,2,2,7,Medium Value
3559,54,13,814133.78,2,4,4,10,High Value
3560,7,6,329588.42,4,1,1,6,Low Value
3561,57,13,844392.02,2,4,4,10,High Value
3562,211,8,422950.89999999997,1,2,2,5,Low Value
3563,70,9,716241.34,2,2,3,7,Medium Value
3564,116,6,423726.7,1,1,2,4,Low Value
3565,20,5,240890.03,3,1,1,5,Low Value
3566,61,5,70299.53,2,1,1,4,Low Value
3567,2,12,869579.25,4,4,4,12,High Value
3568,75,13,947845.33,2,4,4,10,High Value
3569,16,11,714903.27,4,3,3,10,High Value
3570,274,5,199487.73,1,1,1,3,Low Value
3571,80,11,737697.46,2,3,4,9,Medium Value
3572,13,14,721681.97,4,4,3,11,High Value
3573,3,9,312016.3,4,2,1,7,Medium Value
3574,51,10,687599.51,2,3,3,8,Medium Value
3575,61,14,899959.42,2,4,4,10,High Value
3576,72,11,954118.66,2,3,4,9,Medium Value
3577,27,17,973308.0599999999,3,4,4,11,High Value
3578,92,13,600463.02,1,4,3,8,Medium Value
3579,3,9,768354.58,4,2,4,10,High Value
3580,38,8,427020.68,3,2,2,7,Medium Value
3581,35,5,127370.67,3,1,1,5,Low Value
3582,402,8,545119.62,1,2,2,5,Low Value
3583,43,13,509298.22,2,4,2,8,Medium Value
3584,37,9,506792.9,3,2,2,7,Medium Value
3585,23,15,749159.4199999999,3,4,4,11,High Value
3586,28,7,183922.09,3,1,1,5,Low Value
3587,120,5,145469.2,1,1,1,3,Low Value
3588,11,8,409868.29,4,2,1,7,Medium Value
3589,193,8,799287.77,1,2,4,7,Medium Value
3590,15,12,458961.43,4,4,2,10,High Value
3591,14,16,797768.99,4,4,4,12,High Value
3592,7,10,433154.17000000004,4,3,2,9,Medium Value
3593,120,13,889216.12,1,4,4,9,Medium Value
3594,40,4,182030.21000000002,3,1,1,5,Low Value
3595,45,15,989897.5,2,4,4,10,High Value
3596,244,10,754171.6000000001,1,3,4,8,Medium Value
3597,40,9,569822.21,3,2,3,8,Medium Value
3598,69,12,874670.65,2,4,4,10,High Value
3599,18,10,320412.76,3,3,1,7,Medium Value
3600,116,8,480599.32999999996,1,2,2,5,Low Value
3601,87,14,914952.61,1,4,4,9,Medium Value
3602,88,13,732006.12,1,4,4,9,Medium Value
3603,91,12,564235.11,1,4,3,8,Medium Value
3604,145,12,614090.06,1,4,3,8,Medium Value
3605,37,9,462174.02,3,2,2,7,Medium Value
3606,50,9,619123.95,2,2,3,7,Medium Value
3607,40,9,420698.6,3,2,2,7,Medium Value
3608,13,9,420827.3,4,2,2,8,Medium Value
3609,102,17,937573.78,1,4,4,9,Medium Value
3610,35,12,488474.48,3,4,2,9,Medium Value
3611,3,6,497034.77,4,1,2,7,Medium Value
3612,3,11,650204.13,4,3,3,10,High Value
3613,25,14,1131796.44,3,4,4,11,High Value
3614,53,10,535582.65,2,3,2,7,Medium Value
3615,46,10,479446.66000000003,2,3,2,7,Medium Value
3616,245,6,457303.16000000003,1,1,2,4,Low Value
3617,3,8,357861.85,4,2,1,7,Medium Value
3618,15,9,586968.64,4,2,3,9,Medium Value
3619,57,12,887714.49,2,4,4,10,High Value
3620,81,9,566127.48,2,2,3,7,Medium Value
3621,30,10,512366.92,3,3,2,8,Medium Value
3622,9,13,825075.43,4,4,4,12,High Value
3623,73,7,372659.91,2,1,1,4,Low Value
3624,43,12,618313.75,2,4,3,9,Medium Value
3625,30,12,609781.66,3,4,3,10,High Value
3626,12,12,758472.72,4,4,4,12,High Value
3627,84,8,491280.78,1,2,2,5,Low Value
3628,38,12,846977.27,3,4,4,11,High Value
3629,13,14,635869.6799999999,4,4,3,11,High Value
3630,55,9,411725.36,2,2,1,5,Low Value
3631,26,12,935811.73,3,4,4,11,High Value
3632,200,5,513916.02,1,1,2,4,Low Value
3633,168,9,509344.57999999996,1,2,2,5,Low Value
3634,11,10,454572.01999999996,4,3,2,9,Medium Value
3635,44,13,1065621.1,2,4,4,10,High Value
3636,32,7,520446.02,3,1,2,6,Low Value
3637,184,6,314502.37,1,1,1,3,Low Value
3638,3,9,523948.89,4,2,2,8,Medium Value
3639,23,13,772635.65,3,4,4,11,High Value
3640,139,11,338053.79,1,3,1,5,Low Value
3641,283,4,274996.25,1,1,1,3,Low Value
3642,136,13,778128.68,1,4,4,9,Medium Value
3643,22,10,373061.53,3,3,1,7,Medium Value
3644,130,7,625513.13,1,1,3,5,Low Value
3645,20,7,175247.01,3,1,1,5,Low Value
3646,34,8,490856.01,3,2,2,7,Medium Value
3647,30,12,948553.51,3,4,4,11,High Value
3648,14,9,691821.59,4,2,3,9,Medium Value
3649,21,14,888550.93,3,4,4,11,High Value
3650,57,12,703697.05,2,4,3,9,Medium Value
3651,16,13,403557.75,4,4,1,9,Medium Value
3652,7,10,439722.9,4,3,2,9,Medium Value
3653,27,6,409144.47,3,1,1,5,Low Value
3654,37,6,255669.36,3,1,1,5,Low Value
3655,62,11,640903.28,2,3,3,8,Medium Value
3656,20,14,949309.39,3,4,4,11,High Value
3657,50,11,834240.31,2,3,4,9,Medium Value
3658,20,15,860674.32,3,4,4,11,High Value
3659,59,12,610606.62,2,4,3,9,Medium Value
3660,16,12,564357.99,4,4,3,11,High Value
3661,214,5,256218.41999999998,1,1,1,3,Low Value
3662,16,10,539182.95,4,3,2,9,Medium Value
3663,3,10,583971.27,4,3,3,10,High Value
3664,2,13,469620.92,4,4,2,10,High Value
3665,32,11,663013.13,3,3,3,9,Medium Value
3666,2,11,631215.22,4,3,3,10,High Value
3667,68,8,558745.6,2,2,3,7,Medium Value
3668,21,14,749141.1799999999,3,4,4,11,High Value
3669,18,9,479058.98,3,2,2,7,Medium Value
3670,27,13,977233.06,3,4,4,11,High Value
3671,19,10,533885.2,3,3,2,8,Medium Value
3672,184,8,482131.05,1,2,2,5,Low Value
3673,56,16,1129186.18,2,4,4,10,High Value
3674,44,6,151202.03,2,1,1,4,Low Value
3675,45,20,974077.61,2,4,4,10,High Value
3676,55,10,337759.2,2,3,1,6,Low Value
3677,2,6,317121.35000000003,4,1,1,6,Low Value
3678,35,8,452012.05000000005,3,2,2,7,Medium Value
3679,29,14,762253.38,3,4,4,11,High Value
3680,121,11,817426.85,1,3,4,8,Medium Value
3681,44,10,447427.89,2,3,2,7,Medium Value
3682,55,9,391961.6,2,2,1,5,Low Value
3683,168,8,628571.57,1,2,3,6,Low Value
3684,30,12,513754.96,3,4,2,9,Medium Value
3685,63,10,334256.59,2,3,1,6,Low Value
3686,112,9,547225.67,1,2,2,5,Low Value
3687,16,11,618686.5,4,3,3,10,High Value
3688,31,12,697963.0499999999,3,4,3,10,High Value
3689,137,8,325730.08999999997,1,2,1,4,Low Value
3690,27,14,878762.98,3,4,4,11,High Value
3691,33,11,590188.12,3,3,3,9,Medium Value
3692,82,8,250524.25,2,2,1,5,Low Value
3693,13,16,856124.48,4,4,4,12,High Value
3694,97,12,463177.13,1,4,2,7,Medium Value
3695,19,10,768156.61,3,3,4,10,High Value
3696,34,5,245914.64,3,1,1,5,Low Value
3697,65,9,519533.41000000003,2,2,2,6,Low Value
3698,12,7,142211.26,4,1,1,6,Low Value
3699,16,7,443911.51,4,1,2,7,Medium Value
3700,75,8,339400.27,2,2,1,5,Low Value
3701,75,10,515867.13,2,3,2,7,Medium Value
3702,59,10,398061.32,2,3,1,6,Low Value
3703,152,7,413359.02,1,1,1,3,Low Value
3704,55,10,674856.31,2,3,3,8,Medium Value
3705,51,11,860107.88,2,3,4,9,Medium Value
3706,10,11,550645.23,4,3,2,9,Medium Value
3707,1,13,953362.26,4,4,4,12,High Value
3708,19,6,176612.16999999998,3,1,1,5,Low Value
3709,71,6,326838.12,2,1,1,4,Low Value
3710,2,13,832285.27,4,4,4,12,High Value
3711,24,5,186163.72,3,1,1,5,Low Value
3712,98,7,503844.87,1,1,2,4,Low Value
3713,6,8,499583.15,4,2,2,8,Medium Value
3714,60,10,472211.73,2,3,2,7,Medium Value
3715,31,8,391455.1,3,2,1,6,Low Value
3716,54,5,336836.06,2,1,1,4,Low Value
3717,19,10,398771.54000000004,3,3,1,7,Medium Value
3718,29,10,265315.41000000003,3,3,1,7,Medium Value
3719,28,10,610036.21,3,3,3,9,Medium Value
3720,52,11,402917.41,2,3,1,6,Low Value
3721,19,4,166895.73,3,1,1,5,Low Value
3722,104,11,561675.29,1,3,3,7,Medium Value
3723,6,12,686588.41,4,4,3,11,High Value
3724,57,13,496958.02,2,4,2,8,Medium Value
3725,17,10,432346.95,4,3,2,9,Medium Value
3726,55,6,635870.5,2,1,3,6,Low Value
3727,117,10,456035.87,1,3,2,6,Low Value
3728,26,11,705618.28,3,3,3,9,Medium Value
3729,11,14,849504.17,4,4,4,12,High Value
3730,14,13,743485.99,4,4,4,12,High Value
3731,24,13,867766.3099999999,3,4,4,11,High Value
3732,87,11,747838.16,1,3,4,8,Medium Value
3733,2,12,545065.43,4,4,2,10,High Value
3734,13,14,598149.39,4,4,3,11,High Value
3735,12,9,423737.82,4,2,2,8,Medium Value
3736,59,10,750553.74,2,3,4,9,Medium Value
3737,13,10,522177.14,4,3,2,9,Medium Value
3738,51,7,541989.58,2,1,2,5,Low Value
3739,179,9,438155.37,1,2,2,5,Low Value
3740,42,11,551969.39,2,3,2,7,Medium Value
3741,3,10,282917.38,4,3,1,8,Medium Value
3742,48,8,784172.33,2,2,4,8,Medium Value
3743,23,13,830378.53,3,4,4,11,High Value
3744,9,9,451411.20999999996,4,2,2,8,Medium Value
3745,3,9,338170.46,4,2,1,7,Medium Value
3746,6,11,685841.62,4,3,3,10,High Value
3747,177,6,303962.05,1,1,1,3,Low Value
3748,20,10,644571.75,3,3,3,9,Medium Value
3749,34,10,503464.69999999995,3,3,2,8,Medium Value
3750,32,12,668091.29,3,4,3,10,High Value
3751,88,9,796206.99,1,2,4,7,Medium Value
3752,111,9,501987.58,1,2,2,5,Low Value
3753,25,13,595214.0,3,4,3,10,High Value
3754,239,14,655899.22,1,4,3,8,Medium Value
3755,29,13,565413.27,3,4,3,10,High Value
3756,17,7,442782.57,4,1,2,7,Medium Value
3757,17,14,932322.99,4,4,4,12,High Value
3758,6,10,515117.69,4,3,2,9,Medium Value
3759,2,7,496660.49,4,1,2,7,Medium Value
3760,11,5,88766.36,4,1,1,6,Low Value
3761,15,10,245094.91999999998,4,3,1,8,Medium Value
3762,17,10,400559.96,4,3,1,8,Medium Value
3763,34,9,480015.23000000004,3,2,2,7,Medium Value
3764,105,12,449669.31,1,4,2,7,Medium Value
3765,11,15,1010673.48,4,4,4,12,High Value
3766,181,9,276052.35,1,2,1,4,Low Value
3767,17,13,533357.37,4,4,2,10,High Value
3768,9,8,480595.24,4,2,2,8,Medium Value
3769,18,8,571531.37,3,2,3,8,Medium Value
3770,8,14,807926.78,4,4,4,12,High Value
3771,127,4,215885.89,1,1,1,3,Low Value
3772,10,12,730994.86,4,4,4,12,High Value
3773,7,11,639914.38,4,3,3,10,High Value
3774,120,11,655066.82,1,3,3,7,Medium Value
3775,14,9,622053.03,4,2,3,9,Medium Value
3776,85,10,390003.84,1,3,1,5,Low Value
3777,23,6,291296.03,3,1,1,5,Low Value
3778,9,13,590350.71,4,4,3,11,High Value
3779,8,15,966841.49,4,4,4,12,High Value
3780,40,10,543965.96,3,3,2,8,Medium Value
3781,212,4,303898.30000000005,1,1,1,3,Low Value
3782,2,15,605933.04,4,4,3,11,High Value
3783,65,10,594355.94,2,3,3,8,Medium Value
3784,39,8,532032.88,3,2,2,7,Medium Value
3785,10,8,485563.57,4,2,2,8,Medium Value
3786,110,6,98712.84,1,1,1,3,Low Value
3787,282,5,230959.18,1,1,1,3,Low Value
3788,26,11,478222.7,3,3,2,8,Medium Value
3789,22,5,143764.71,3,1,1,5,Low Value
3790,43,6,135343.93,2,1,1,4,Low Value
3791,59,8,498484.16,2,2,2,6,Low Value
3792,57,8,370842.79000000004,2,2,1,5,Low Value
3793,45,10,437529.27,2,3,2,7,Medium Value
3794,9,12,655011.25,4,4,3,11,High Value
3795,78,12,757100.11,2,4,4,10,High Value
3796,36,10,638632.76,3,3,3,9,Medium Value
3797,58,15,956636.63,2,4,4,10,High Value
3798,96,7,255285.91,1,1,1,3,Low Value
3799,193,6,463461.12,1,1,2,4,Low Value
3800,86,6,451956.4,1,1,2,4,Low Value
3801,71,13,694041.34,2,4,3,9,Medium Value
3802,61,12,602643.91,2,4,3,9,Medium Value
3803,26,7,454817.33,3,1,2,6,Low Value
3804,37,7,682508.05,3,1,3,7,Medium Value
3805,132,7,514931.54000000004,1,1,2,4,Low Value
3806,30,15,876059.94,3,4,4,11,High Value
3807,181,7,645754.33,1,1,3,5,Low Value
3808,21,14,865095.79,3,4,4,11,High Value
3809,58,11,875022.41,2,3,4,9,Medium Value
3810,6,8,555066.33,4,2,2,8,Medium Value
3811,9,15,1014431.68,4,4,4,12,High Value
3812,105,16,533951.89,1,4,2,7,Medium Value
3813,176,7,413531.69,1,1,1,3,Low Value
3814,3,14,716846.03,4,4,3,11,High Value
3815,2,13,837302.79,4,4,4,12,High Value
3816,10,11,783719.95,4,3,4,11,High Value
3817,56,12,859670.37,2,4,4,10,High Value
3818,182,10,659508.89,1,3,3,7,Medium Value
3819,18,8,439947.88,3,2,2,7,Medium Value
3820,186,9,565664.7,1,2,3,6,Low Value
3821,14,8,428188.32,4,2,2,8,Medium Value
3822,7,10,523016.21,4,3,2,9,Medium Value
3823,127,11,1041119.64,1,3,4,8,Medium Value
3824,34,6,428952.33,3,1,2,6,Low Value
3825,40,10,597608.8099999999,3,3,3,9,Medium Value
3826,56,10,613802.9400000001,2,3,3,8,Medium Value
3827,33,8,417938.49,3,2,2,7,Medium Value
3828,22,16,1094955.81,3,4,4,11,High Value
3829,5,9,646779.97,4,2,3,9,Medium Value
3830,133,10,367236.63,1,3,1,5,Low Value
3831,79,9,585214.59,2,2,3,7,Medium Value
3832,165,10,445613.9,1,3,2,6,Low Value
3833,40,8,707738.9,3,2,3,8,Medium Value
3834,70,9,428390.3,2,2,2,6,Low Value
3835,168,10,681397.33,1,3,3,7,Medium Value
3836,204,7,422670.92,1,1,2,4,Low Value
3837,50,12,616589.62,2,4,3,9,Medium Value
3838,107,11,649634.08,1,3,3,7,Medium Value
3839,4,14,755177.87,4,4,4,12,High Value
3840,10,6,476893.24,4,1,2,7,Medium Value
3841,49,4,94326.17,2,1,1,4,Low Value
3842,135,9,324664.37,1,2,1,4,Low Value
3843,14,10,528585.42,4,3,2,9,Medium Value
3844,6,8,388620.69,4,2,1,7,Medium Value
3845,126,9,506561.67,1,2,2,5,Low Value
3846,20,11,736166.0700000001,3,3,4,10,High Value
3847,262,5,436298.18,1,1,2,4,Low Value
3848,177,7,292071.33999999997,1,1,1,3,Low Value
3849,82,12,578297.0599999999,2,4,3,9,Medium Value
3850,9,10,566274.73,4,3,3,10,High Value
3851,96,9,437391.04,1,2,2,5,Low Value
3852,100,10,634994.55,1,3,3,7,Medium Value
3853,6,15,1270342.7,4,4,4,12,High Value
3854,32,10,503344.18,3,3,2,8,Medium Value
3855,53,10,571194.56,2,3,3,8,Medium Value
3856,130,6,481083.58999999997,1,1,2,4,Low Value
3857,70,15,737315.17,2,4,4,10,High Value
3858,5,11,897630.07,4,3,4,11,High Value
3859,11,11,485128.48,4,3,2,9,Medium Value
3860,75,7,467171.49,2,1,2,5,Low Value
3861,20,12,516235.59,3,4,2,9,Medium Value
3862,193,6,193170.5,1,1,1,3,Low Value
3863,141,5,168913.06,1,1,1,3,Low Value
3864,5,11,506456.43000000005,4,3,2,9,Medium Value
3865,30,8,677159.97,3,2,3,8,Medium Value
3866,7,16,1071941.44,4,4,4,12,High Value
3867,87,12,613907.04,1,4,3,8,Medium Value
3868,1,11,498990.99,4,3,2,9,Medium Value
3869,25,14,775277.74,3,4,4,11,High Value
3870,133,10,603849.4299999999,1,3,3,7,Medium Value
3871,20,11,688969.54,3,3,3,9,Medium Value
3872,68,10,608733.61,2,3,3,8,Medium Value
3873,4,6,282174.21,4,1,1,6,Low Value
3874,25,13,1005837.9199999999,3,4,4,11,High Value
3875,4,7,389328.4,4,1,1,6,Low Value
3876,78,8,609806.72,2,2,3,7,Medium Value
3877,139,9,662022.9299999999,1,2,3,6,Low Value
3878,60,10,668831.67,2,3,3,8,Medium Value
3879,102,11,758838.31,1,3,4,8,Medium Value
3880,49,6,329549.26,2,1,1,4,Low Value
3881,4,12,952586.24,4,4,4,12,High Value
3882,5,10,369370.81,4,3,1,8,Medium Value
3883,95,5,300414.18,1,1,1,3,Low Value
3884,39,11,640911.84,3,3,3,9,Medium Value
3885,34,12,497696.89,3,4,2,9,Medium Value
3886,140,7,325196.36,1,1,1,3,Low Value
3887,1,9,368181.71,4,2,1,7,Medium Value
3888,141,8,355214.89,1,2,1,4,Low Value
3889,7,7,382409.58999999997,4,1,1,6,Low Value
3890,97,12,861559.64,1,4,4,9,Medium Value
3891,12,4,83203.75,4,1,1,6,Low Value
3892,9,7,400192.42,4,1,1,6,Low Value
3893,13,20,835902.49,4,4,4,12,High Value
3894,23,7,420854.16000000003,3,1,2,6,Low Value
3895,170,11,610284.74,1,3,3,7,Medium Value
3896,52,8,448155.04000000004,2,2,2,6,Low Value
3897,336,4,329875.82,1,1,1,3,Low Value
3898,35,10,506214.97,3,3,2,8,Medium Value
3899,146,9,690970.64,1,2,3,6,Low Value
3900,96,7,394582.76,1,1,1,3,Low Value
3901,20,7,598667.13,3,1,3,7,Medium Value
3902,21,14,749004.35,3,4,4,11,High Value
3903,10,13,836053.57,4,4,4,12,High Value
3904,6,14,1133069.73,4,4,4,12,High Value
3905,32,15,968773.36,3,4,4,11,High Value
3906,64,12,497485.6,2,4,2,8,Medium Value
3907,8,10,611893.47,4,3,3,10,High Value
3908,4,12,621845.99,4,4,3,11,High Value
3909,3,7,429416.03,4,1,2,7,Medium Value
3910,124,10,596586.53,1,3,3,7,Medium Value
3911,54,10,625188.1,2,3,3,8,Medium Value
3912,130,8,621174.27,1,2,3,6,Low Value
3913,226,5,492888.93,1,1,2,4,Low Value
3914,25,9,819006.9299999999,3,2,4,9,Medium Value
3915,70,9,386964.79000000004,2,2,1,5,Low Value
3916,10,9,415869.10000000003,4,2,1,7,Medium Value
3917,51,7,306640.55,2,1,1,4,Low Value
3918,176,9,391293.74,1,2,1,4,Low Value
3919,78,6,239856.91,2,1,1,4,Low Value
3920,57,9,318158.04000000004,2,2,1,5,Low Value
3921,35,11,732124.19,3,3,4,10,High Value
3922,87,13,589615.78,1,4,3,8,Medium Value
3923,16,4,215386.66,4,1,1,6,Low Value
3924,26,9,472486.34,3,2,2,7,Medium Value
3925,80,9,553613.73,2,2,2,6,Low Value
3926,81,10,786744.06,2,3,4,9,Medium Value
3927,55,8,752350.89,2,2,4,8,Medium Value
3928,11,16,625202.4299999999,4,4,3,11,High Value
3929,95,8,428200.83,1,2,2,5,Low Value
3930,110,6,256242.1,1,1,1,3,Low Value
3931,36,11,621213.09,3,3,3,9,Medium Value
3932,82,9,548652.04,2,2,2,6,Low Value
3933,13,9,343232.22,4,2,1,7,Medium Value
3934,1,10,656030.5,4,3,3,10,High Value
3935,7,9,390743.41,4,2,1,7,Medium Value
3936,64,6,537058.86,2,1,2,5,Low Value
3937,1,19,1289460.53,4,4,4,12,High Value
3938,168,10,790824.78,1,3,4,8,Medium Value
3939,30,12,557624.63,3,4,2,9,Medium Value
3940,23,11,515481.66000000003,3,3,2,8,Medium Value
3941,15,9,469261.03,4,2,2,8,Medium Value
3942,39,14,792644.61,3,4,4,11,High Value
3943,172,17,945100.1,1,4,4,9,Medium Value
3944,40,6,321434.92,3,1,1,5,Low Value
3945,95,9,509083.12,1,2,2,5,Low Value
3946,86,12,598432.6699999999,1,4,3,8,Medium Value
3947,3,14,748859.75,4,4,4,12,High Value
3948,124,6,419724.76,1,1,2,4,Low Value
3949,18,15,863414.0800000001,3,4,4,11,High Value
3950,69,8,499216.72,2,2,2,6,Low Value
3951,32,13,628812.9,3,4,3,10,High Value
3952,29,12,586073.95,3,4,3,10,High Value
3953,38,6,404992.41000000003,3,1,1,5,Low Value
3954,66,12,786041.17,2,4,4,10,High Value
3955,19,9,519052.12,3,2,2,7,Medium Value
3956,1,6,277192.49,4,1,1,6,Low Value
3957,53,7,358454.69,2,1,1,4,Low Value
3958,35,12,884165.21,3,4,4,11,High Value
3959,74,10,530695.26,2,3,2,7,Medium Value
3960,39,15,666210.95,3,4,3,10,High Value
3961,51,15,431726.67,2,4,2,8,Medium Value
3962,227,7,420001.31,1,1,2,4,Low Value
3963,9,9,448748.17000000004,4,2,2,8,Medium Value
3964,37,8,371957.81999999995,3,2,1,6,Low Value
3965,76,6,470931.33,2,1,2,5,Low Value
3966,4,12,746851.7,4,4,4,12,High Value
3967,72,9,462510.92000000004,2,2,2,6,Low Value
3968,81,14,973657.93,2,4,4,10,High Value
3969,30,10,516833.70999999996,3,3,2,8,Medium Value
3970,25,13,555933.6799999999,3,4,2,9,Medium Value
3971,15,14,735660.3,4,4,4,12,High Value
3972,14,5,263574.12,4,1,1,6,Low Value
3973,17,11,785668.45,4,3,4,11,High Value
3974,92,13,864457.19,1,4,4,9,Medium Value
3975,57,12,684479.4199999999,2,4,3,9,Medium Value
3976,6,9,821663.82,4,2,4,10,High Value
3977,35,13,633252.23,3,4,3,10,High Value
3978,9,9,401654.22000000003,4,2,1,7,Medium Value
3979,97,13,736720.87,1,4,4,9,Medium Value
3980,24,9,535357.94,3,2,2,7,Medium Value
3981,17,10,564347.4199999999,4,3,3,10,High Value
3982,18,11,573710.42,3,3,3,9,Medium Value
3983,20,11,921659.97,3,3,4,10,High Value
3984,21,11,369220.51,3,3,1,7,Medium Value
3985,27,11,607827.49,3,3,3,9,Medium Value
3986,19,14,821833.04,3,4,4,11,High Value
3987,149,10,487572.01,1,3,2,6,Low Value
3988,209,5,214234.03000000003,1,1,1,3,Low Value
3989,11,10,647369.52,4,3,3,10,High Value
3990,38,7,429991.62,3,1,2,6,Low Value
3991,19,11,422441.96,3,3,2,8,Medium Value
3992,5,14,628598.41,4,4,3,11,High Value
3993,36,9,461770.52,3,2,2,7,Medium Value
3994,75,12,556796.52,2,4,2,8,Medium Value
3995,47,15,1169546.98,2,4,4,10,High Value
3996,15,14,471325.51,4,4,2,10,High Value
3997,14,14,837769.8200000001,4,4,4,12,High Value
3998,30,9,485349.55,3,2,2,7,Medium Value
3999,76,9,508366.95999999996,2,2,2,6,Low Value
4000,21,13,814446.3300000001,3,4,4,11,High Value
4001,38,6,391252.85,3,1,1,5,Low Value
4002,30,8,321101.15,3,2,1,6,Low Value
4003,13,8,440312.36,4,2,2,8,Medium Value
4004,82,9,540243.6699999999,2,2,2,6,Low Value
4005,36,9,297235.39,3,2,1,6,Low Value
4006,29,7,322507.25,3,1,1,5,Low Value
4007,9,7,427724.58999999997,4,1,2,7,Medium Value
4008,31,12,813186.08,3,4,4,11,High Value
4009,9,9,519672.86,4,2,2,8,Medium Value
4010,10,12,522828.64,4,4,2,10,High Value
4011,52,16,1148163.68,2,4,4,10,High Value
4012,237,5,349959.87,1,1,1,3,Low Value
4013,87,13,810161.89,1,4,4,9,Medium Value
4014,51,5,278262.71,2,1,1,4,Low Value
4015,4,22,1396611.16,4,4,4,12,High Value
4016,60,8,397902.26,2,2,1,5,Low Value
4017,24,11,631169.41,3,3,3,9,Medium Value
4018,5,10,731433.53,4,3,4,11,High Value
4019,83,12,718377.96,1,4,3,8,Medium Value
4020,68,7,583302.51,2,1,3,6,Low Value
4021,48,7,225965.26,2,1,1,4,Low Value
4022,79,11,624444.5599999999,2,3,3,8,Medium Value
4023,41,8,734237.8,2,2,4,8,Medium Value
4024,149,10,440971.43,1,3,2,6,Low Value
4025,24,11,819464.74,3,3,4,10,High Value
4026,82,10,445287.75,2,3,2,7,Medium Value
4027,69,12,842840.9299999999,2,4,4,10,High Value
4028,62,14,741147.54,2,4,4,10,High Value
4029,80,10,444110.5,2,3,2,7,Medium Value
4030,12,10,419167.11,4,3,2,9,Medium Value
4031,5,10,619802.3099999999,4,3,3,10,High Value
4032,18,6,288755.16,3,1,1,5,Low Value
4033,32,5,261972.52000000002,3,1,1,5,Low Value
4034,114,11,439231.66000000003,1,3,2,6,Low Value
4035,109,6,244727.41,1,1,1,3,Low Value
4036,59,10,685748.27,2,3,3,8,Medium Value
4037,25,11,525099.42,3,3,2,8,Medium Value
4038,161,9,322997.24,1,2,1,4,Low Value
4039,5,13,809279.31,4,4,4,12,High Value
4040,75,8,368225.36,2,2,1,5,Low Value
4041,187,11,468653.01,1,3,2,6,Low Value
4042,1,10,334014.57,4,3,1,8,Medium Value
4043,56,13,750427.49,2,4,4,10,High Value
4044,88,8,634896.1799999999,1,2,3,6,Low Value
4045,29,19,1377962.91,3,4,4,11,High Value
4046,44,8,449998.83,2,2,2,6,Low Value
4047,107,7,370146.06999999995,1,1,1,3,Low Value
4048,39,7,339461.76,3,1,1,5,Low Value
4049,83,9,619190.1,1,2,3,6,Low Value
4050,1,10,583300.72,4,3,3,10,High Value
4051,13,10,664666.37,4,3,3,10,High Value
4052,4,7,276304.87,4,1,1,6,Low Value
4053,30,12,904543.95,3,4,4,11,High Value
4054,12,18,1061142.33,4,4,4,12,High Value
4055,124,14,744180.64,1,4,4,9,Medium Value
4056,24,13,701295.39,3,4,3,10,High Value
4057,2,7,216470.74,4,1,1,6,Low Value
4058,23,7,616641.54,3,1,3,7,Medium Value
4059,64,11,703649.03,2,3,3,8,Medium Value
4060,43,12,554440.43,2,4,2,8,Medium Value
4061,176,6,295876.31,1,1,1,3,Low Value
4062,111,9,400018.71,1,2,1,4,Low Value
4063,27,15,786014.08,3,4,4,11,High Value
4064,56,8,379227.62,2,2,1,5,Low Value
4065,9,7,450915.17000000004,4,1,2,7,Medium Value
4066,143,9,480908.62,1,2,2,5,Low Value
4067,102,6,297508.26,1,1,1,3,Low Value
4068,21,16,919467.22,3,4,4,11,High Value
4069,57,12,600673.66,2,4,3,9,Medium Value
4070,17,10,588436.56,4,3,3,10,High Value
4071,36,7,354878.64,3,1,1,5,Low Value
4072,38,13,681085.58,3,4,3,10,High Value
4073,78,11,488517.39,2,3,2,7,Medium Value
4074,217,7,216029.63,1,1,1,3,Low Value
4075,256,4,182477.18,1,1,1,3,Low Value
4076,58,15,937667.71,2,4,4,10,High Value
4077,23,12,602263.0900000001,3,4,3,10,High Value
4078,78,11,871333.7,2,3,4,9,Medium Value
4079,123,12,654774.29,1,4,3,8,Medium Value
4080,39,11,907661.03,3,3,4,10,High Value
4081,39,16,1317217.68,3,4,4,11,High Value
4082,86,6,315501.64,1,1,1,3,Low Value
4083,6,9,629034.38,4,2,3,9,Medium Value
4084,97,6,235451.44,1,1,1,3,Low Value
4085,157,5,391910.39,1,1,1,3,Low Value
4086,4,10,743102.91,4,3,4,11,High Value
4087,84,8,747611.82,1,2,4,7,Medium Value
4088,12,12,748108.39,4,4,4,12,High Value
4089,26,9,729895.01,3,2,4,9,Medium Value
4090,5,10,634766.17,4,3,3,10,High Value
4091,65,13,588961.61,2,4,3,9,Medium Value
4092,157,6,203384.34,1,1,1,3,Low Value
4093,37,7,215341.81,3,1,1,5,Low Value
4094,76,9,503878.4,2,2,2,6,Low Value
4095,29,12,824914.26,3,4,4,11,High Value
4096,50,11,790154.66,2,3,4,9,Medium Value
4097,15,13,1059010.67,4,4,4,12,High Value
4098,35,8,528811.28,3,2,2,7,Medium Value
4099,42,8,659607.93,2,2,3,7,Medium Value
4100,26,10,261419.8,3,3,1,7,Medium Value
4101,11,12,717350.89,4,4,3,11,High Value
4102,71,9,511053.71,2,2,2,6,Low Value
4103,47,12,704728.27,2,4,3,9,Medium Value
4104,38,8,456148.18,3,2,2,7,Medium Value
4105,159,10,461775.54000000004,1,3,2,6,Low Value
4106,4,10,543264.28,4,3,2,9,Medium Value
4107,80,14,1089736.73,2,4,4,10,High Value
4108,19,7,602710.12,3,1,3,7,Medium Value
4109,5,7,509864.13,4,1,2,7,Medium Value
4110,33,11,489210.74,3,3,2,8,Medium Value
4111,33,7,454799.12,3,1,2,6,Low Value
4112,11,13,608148.72,4,4,3,11,High Value
4113,56,13,463714.41000000003,2,4,2,8,Medium Value
4114,103,11,677530.01,1,3,3,7,Medium Value
4115,8,10,372519.94999999995,4,3,1,8,Medium Value
4116,220,5,183972.75,1,1,1,3,Low Value
4117,20,16,958189.09,3,4,4,11,High Value
4118,25,11,708817.38,3,3,3,9,Medium Value
4119,22,9,603328.1,3,2,3,8,Medium Value
4120,52,9,398153.19,2,2,1,5,Low Value
4121,15,14,618724.0,4,4,3,11,High Value
4122,23,9,282494.25,3,2,1,6,Low Value
4123,53,10,728095.7,2,3,4,9,Medium Value
4124,3,10,596520.14,4,3,3,10,High Value
4125,4,9,618769.17,4,2,3,9,Medium Value
4126,43,11,334931.58,2,3,1,6,Low Value
4127,9,8,503805.65,4,2,2,8,Medium Value
4128,29,9,662465.98,3,2,3,8,Medium Value
4129,31,7,414244.93,3,1,1,5,Low Value
4130,43,8,426632.51,2,2,2,6,Low Value
4131,12,12,580398.88,4,4,3,11,High Value
4132,71,11,327415.53,2,3,1,6,Low Value
4133,21,15,1074482.56,3,4,4,11,High Value
4134,9,17,1327539.05,4,4,4,12,High Value
4135,50,8,315273.76,2,2,1,5,Low Value
4136,4,9,657647.84,4,2,3,9,Medium Value
4137,160,7,665538.38,1,1,3,5,Low Value
4138,47,10,443786.66000000003,2,3,2,7,Medium Value
4139,3,12,806036.77,4,4,4,12,High Value
4140,38,11,864833.44,3,3,4,10,High Value
4141,26,9,570299.89,3,2,3,8,Medium Value
4142,53,10,455160.91000000003,2,3,2,7,Medium Value
4143,31,12,861868.33,3,4,4,11,High Value
4144,6,5,270837.44,4,1,1,6,Low Value
4145,147,9,516414.45,1,2,2,5,Low Value
4146,2,13,743015.5,4,4,4,12,High Value
4147,76,8,456099.07,2,2,2,6,Low Value
4148,24,7,283853.17,3,1,1,5,Low Value
4149,108,10,567148.62,1,3,3,7,Medium Value
4150,84,9,567254.5499999999,1,2,3,6,Low Value
4151,97,11,629694.5,1,3,3,7,Medium Value
4152,23,8,658217.48,3,2,3,8,Medium Value
4153,74,8,537200.16,2,2,2,6,Low Value
4154,58,8,225870.21,2,2,1,5,Low Value
4155,117,7,430303.18000000005,1,1,2,4,Low Value
4156,170,2,185329.08,1,1,1,3,Low Value
4157,66,6,634578.98,2,1,3,6,Low Value
4158,247,4,146487.55,1,1,1,3,Low Value
4159,8,14,665209.46,4,4,3,11,High Value
4160,87,9,438909.48,1,2,2,5,Low Value
4161,37,3,156831.08,3,1,1,5,Low Value
4162,41,12,678315.23,2,4,3,9,Medium Value
4163,197,6,270953.84,1,1,1,3,Low Value
4164,8,9,388029.75,4,2,1,7,Medium Value
4165,69,10,598894.95,2,3,3,8,Medium Value
4166,197,5,314295.02999999997,1,1,1,3,Low Value
4167,24,13,867218.02,3,4,4,11,High Value
4168,7,15,918424.88,4,4,4,12,High Value
4169,464,4,191124.66999999998,1,1,1,3,Low Value
4170,71,14,676151.12,2,4,3,9,Medium Value
4171,191,7,486775.61,1,1,2,4,Low Value
4172,10,10,348921.13,4,3,1,8,Medium Value
4173,11,12,593271.61,4,4,3,11,High Value
4174,60,12,878562.8,2,4,4,10,High Value
4175,34,22,1286824.88,3,4,4,11,High Value
4176,17,7,321380.44,4,1,1,6,Low Value
4177,98,11,392882.63,1,3,1,5,Low Value
4178,11,15,718256.81,4,4,3,11,High Value
4179,12,11,551758.91,4,3,2,9,Medium Value
4180,64,9,599968.43,2,2,3,7,Medium Value
4181,45,9,430793.19999999995,2,2,2,6,Low Value
4182,33,8,258399.56,3,2,1,6,Low Value
4183,121,10,930750.25,1,3,4,8,Medium Value
4184,74,14,937230.7000000001,2,4,4,10,High Value
4185,34,5,146983.21,3,1,1,5,Low Value
4186,47,6,374682.41000000003,2,1,1,4,Low Value
4187,122,6,403669.56,1,1,1,3,Low Value
4188,50,9,425901.83,2,2,2,6,Low Value
4189,14,12,652201.15,4,4,3,11,High Value
4190,126,14,653175.4400000001,1,4,3,8,Medium Value
4191,19,9,568548.64,3,2,3,8,Medium Value
4192,24,14,729866.86,3,4,4,11,High Value
4193,5,7,433230.58999999997,4,1,2,7,Medium Value
4194,25,10,682535.48,3,3,3,9,Medium Value
4195,9,13,719389.92,4,4,3,11,High Value
4196,40,6,510866.18,3,1,2,6,Low Value
4197,37,9,422210.26,3,2,2,7,Medium Value
4198,25,16,1144809.93,3,4,4,11,High Value
4199,135,7,422272.92,1,1,2,4,Low Value
4200,28,8,268944.68,3,2,1,6,Low Value
4201,88,13,762122.03,1,4,4,9,Medium Value
4202,114,10,362921.9,1,3,1,5,Low Value
4203,63,7,312429.45999999996,2,1,1,4,Low Value
4204,10,11,312357.8,4,3,1,8,Medium Value
4205,26,9,458109.75,3,2,2,7,Medium Value
4206,125,9,383694.53,1,2,1,4,Low Value
4207,17,13,581822.58,4,4,3,11,High Value
4208,54,8,403793.51,2,2,1,5,Low Value
4209,89,9,487907.77,1,2,2,5,Low Value
4210,43,8,296258.68,2,2,1,5,Low Value
4211,74,13,666636.8300000001,2,4,3,9,Medium Value
4212,4,6,259394.14,4,1,1,6,Low Value
4213,52,8,264109.61,2,2,1,5,Low Value
4214,5,11,670517.93,4,3,3,10,High Value
4215,22,18,1030970.9299999999,3,4,4,11,High Value
4216,146,10,704155.53,1,3,3,7,Medium Value
4217,74,12,633008.46,2,4,3,9,Medium Value
4218,24,10,567688.57,3,3,3,9,Medium Value
4219,71,8,656318.21,2,2,3,7,Medium Value
4220,135,5,355118.95,1,1,1,3,Low Value
4221,73,11,515085.07,2,3,2,7,Medium Value
4222,17,14,765191.42,4,4,4,12,High Value
4223,76,9,627382.0,2,2,3,7,Medium Value
4224,23,11,819168.58,3,3,4,10,High Value
4225,90,13,786650.67,1,4,4,9,Medium Value
4226,228,11,589552.11,1,3,3,7,Medium Value
4227,7,10,591840.76,4,3,3,10,High Value
4228,45,11,463361.25,2,3,2,7,Medium Value
4229,75,12,579555.5,2,4,3,9,Medium Value
4230,143,7,347666.63,1,1,1,3,Low Value
4231,18,8,529293.9,3,2,2,7,Medium Value
4232,74,14,701290.79,2,4,3,9,Medium Value
4233,43,4,311237.92,2,1,1,4,Low Value
4234,17,11,863071.94,4,3,4,11,High Value
4235,96,7,366721.70999999996,1,1,1,3,Low Value
4236,8,8,607799.36,4,2,3,9,Medium Value
4237,15,12,572121.4,4,4,3,11,High Value
4238,39,14,921077.35,3,4,4,11,High Value
4239,49,12,471975.28,2,4,2,8,Medium Value
4240,259,5,148418.53,1,1,1,3,Low Value
4241,32,7,610372.64,3,1,3,7,Medium Value
4242,6,8,301136.77,4,2,1,7,Medium Value
4243,15,12,712808.74,4,4,3,11,High Value
4244,40,7,304747.81,3,1,1,5,Low Value
4245,26,12,583222.67,3,4,3,10,High Value
4246,87,10,411581.11,1,3,1,5,Low Value
4247,84,12,992295.26,1,4,4,9,Medium Value
4248,52,12,613554.73,2,4,3,9,Medium Value
4249,34,5,324895.89,3,1,1,5,Low Value
4250,103,9,585280.22,1,2,3,6,Low Value
4251,46,13,708138.84,2,4,3,9,Medium Value
4252,211,8,495471.27,1,2,2,5,Low Value
4253,29,9,650976.8200000001,3,2,3,8,Medium Value
4254,17,13,926422.8,4,4,4,12,High Value
4255,57,9,439229.42000000004,2,2,2,6,Low Value
4256,81,10,736175.96,2,3,4,9,Medium Value
4257,27,11,825227.43,3,3,4,10,High Value
4258,7,14,804795.44,4,4,4,12,High Value
4259,8,6,251980.48,4,1,1,6,Low Value
4260,4,14,741534.3,4,4,4,12,High Value
4261,23,11,831795.74,3,3,4,10,High Value
4262,39,15,932065.59,3,4,4,11,High Value
4263,57,13,625241.65,2,4,3,9,Medium Value
4264,113,10,562502.12,1,3,3,7,Medium Value
4265,49,9,514412.81,2,2,2,6,Low Value
4266,72,10,401805.8,2,3,1,6,Low Value
4267,97,13,768989.38,1,4,4,9,Medium Value
4268,138,9,664210.33,1,2,3,6,Low Value
4269,78,12,849106.61,2,4,4,10,High Value
4270,219,11,577055.74,1,3,3,7,Medium Value
4271,16,16,1115637.26,4,4,4,12,High Value
4272,84,11,483210.42,1,3,2,6,Low Value
4273,27,15,806312.32,3,4,4,11,High Value
4274,105,4,140096.93000000002,1,1,1,3,Low Value
4275,33,11,461762.18,3,3,2,8,Medium Value
4276,73,12,774061.78,2,4,4,10,High Value
4277,23,6,380615.04000000004,3,1,1,5,Low Value
4278,19,10,747924.4299999999,3,3,4,10,High Value
4279,70,15,831663.55,2,4,4,10,High Value
4280,107,7,367995.22,1,1,1,3,Low Value
4281,4,3,368392.22,4,1,1,6,Low Value
4282,100,10,439442.8,1,3,2,6,Low Value
4283,47,13,780178.54,2,4,4,10,High Value
4284,19,7,461580.18000000005,3,1,2,6,Low Value
4285,8,8,600804.38,4,2,3,9,Medium Value
4286,22,6,232729.02,3,1,1,5,Low Value
4287,43,10,723485.61,2,3,3,8,Medium Value
4288,155,5,316776.54,1,1,1,3,Low Value
4289,23,13,1056459.7,3,4,4,11,High Value
4290,23,10,736315.5700000001,3,3,4,10,High Value
4291,114,7,561731.5,1,1,3,5,Low Value
4292,49,10,502721.31,2,3,2,7,Medium Value
4293,80,8,337279.3,2,2,1,5,Low Value
4294,91,7,483161.76,1,1,2,4,Low Value
4295,16,13,841159.02,4,4,4,12,High Value
4296,177,6,300671.96,1,1,1,3,Low Value
4297,24,10,561143.89,3,3,3,9,Medium Value
4298,9,6,582824.22,4,1,3,8,Medium Value
4299,77,10,561006.12,2,3,3,8,Medium Value
4300,30,8,352436.62,3,2,1,6,Low Value
4301,108,8,644651.4199999999,1,2,3,6,Low Value
4302,52,10,441520.55,2,3,2,7,Medium Value
4303,5,16,1207309.01,4,4,4,12,High Value
4304,111,8,757473.58,1,2,4,7,Medium Value
4305,9,10,786097.45,4,3,4,11,High Value
4306,63,13,776222.91,2,4,4,10,High Value
4307,96,8,440079.89999999997,1,2,2,5,Low Value
4308,91,13,784154.87,1,4,4,9,Medium Value
4309,225,3,91185.51000000001,1,1,1,3,Low Value
4310,7,18,1268620.5,4,4,4,12,High Value
4311,92,12,740306.03,1,4,4,9,Medium Value
4312,148,8,334369.07,1,2,1,4,Low Value
4313,36,16,1031786.66,3,4,4,11,High Value
4314,73,13,803611.91,2,4,4,10,High Value
4315,41,12,591163.14,2,4,3,9,Medium Value
4316,100,11,456435.49,1,3,2,6,Low Value
4317,80,11,582422.37,2,3,3,8,Medium Value
4318,29,11,991530.68,3,3,4,10,High Value
4319,135,12,416565.51,1,4,1,6,Low Value
4320,9,10,697632.15,4,3,3,10,High Value
4321,78,11,432169.82,2,3,2,7,Medium Value
4322,25,12,579533.22,3,4,3,10,High Value
4323,179,5,474993.36,1,1,2,4,Low Value
4324,68,15,1226590.03,2,4,4,10,High Value
4325,62,11,583345.78,2,3,3,8,Medium Value
4326,55,14,924572.6,2,4,4,10,High Value
4327,283,11,498319.28,1,3,2,6,Low Value
4328,45,8,360758.39,2,2,1,5,Low Value
4329,37,12,653770.84,3,4,3,10,High Value
4330,70,11,675560.57,2,3,3,8,Medium Value
4331,35,10,573206.88,3,3,3,9,Medium Value
4332,29,8,693409.5700000001,3,2,3,8,Medium Value
4333,10,8,445483.83,4,2,2,8,Medium Value
4334,42,7,391625.82999999996,2,1,1,4,Low Value
4335,58,8,398312.73,2,2,1,5,Low Value
4336,18,12,414566.01,3,4,1,8,Medium Value
4337,121,4,178026.71,1,1,1,3,Low Value
4338,17,9,447317.93,4,2,2,8,Medium Value
4339,25,11,926810.3300000001,3,3,4,10,High Value
4340,8,15,831653.49,4,4,4,12,High Value
4341,46,12,847109.9600000001,2,4,4,10,High Value
4342,13,14,1034305.36,4,4,4,12,High Value
4343,13,12,613641.46,4,4,3,11,High Value
4344,50,9,673623.52,2,2,3,7,Medium Value
4345,27,13,379249.75,3,4,1,8,Medium Value
4346,78,9,655000.21,2,2,3,7,Medium Value
4347,20,9,499884.68,3,2,2,7,Medium Value
4348,67,6,356404.47,2,1,1,4,Low Value
4349,75,8,515373.05,2,2,2,6,Low Value
4350,22,12,854984.18,3,4,4,11,High Value
4351,61,12,849675.49,2,4,4,10,High Value
4352,99,11,402735.39999999997,1,3,1,5,Low Value
4353,62,9,636396.1799999999,2,2,3,7,Medium Value
4354,32,14,802998.59,3,4,4,11,High Value
4355,2,11,800028.68,4,3,4,11,High Value
4356,131,10,605175.36,1,3,3,7,Medium Value
4357,26,12,889437.8099999999,3,4,4,11,High Value
4358,12,11,803382.9,4,3,4,11,High Value
4359,37,11,709938.25,3,3,3,9,Medium Value
4360,499,2,188663.52000000002,1,1,1,3,Low Value
4361,17,14,734854.61,4,4,4,12,High Value
4362,17,6,411304.97,4,1,1,6,Low Value
4363,16,10,426418.51,4,3,2,9,Medium Value
4364,203,5,422290.23,1,1,2,4,Low Value
4365,7,10,356806.08999999997,4,3,1,8,Medium Value
4366,28,10,522839.02999999997,3,3,2,8,Medium Value
4367,84,9,675384.3,1,2,3,6,Low Value
4368,29,17,1109879.52,3,4,4,11,High Value
4369,9,10,471142.9,4,3,2,9,Medium Value
4370,174,8,677504.01,1,2,3,6,Low Value
4371,132,15,899478.14,1,4,4,9,Medium Value
4372,213,6,241374.63999999998,1,1,1,3,Low Value
4373,92,12,601765.87,1,4,3,8,Medium Value
4374,45,16,960080.77,2,4,4,10,High Value
4375,16,13,539625.92,4,4,2,10,High Value
4376,199,7,286905.51,1,1,1,3,Low Value
4377,55,9,815464.0,2,2,4,8,Medium Value
4378,31,10,277282.81,3,3,1,7,Medium Value
4379,10,11,837137.51,4,3,4,11,High Value
4380,29,11,547709.08,3,3,2,8,Medium Value
4381,4,14,869521.74,4,4,4,12,High Value
4382,10,7,434392.44,4,1,2,7,Medium Value
4383,70,10,690175.11,2,3,3,8,Medium Value
4384,140,13,709003.38,1,4,3,8,Medium Value
4385,137,5,430285.42,1,1,2,4,Low Value
4386,13,9,1059411.34,4,2,4,10,High Value
4387,41,8,651299.39,2,2,3,7,Medium Value
4388,44,14,854806.66,2,4,4,10,High Value
4389,18,10,643561.67,3,3,3,9,Medium Value
4390,2,15,551611.71,4,4,2,10,High Value
4391,92,7,154599.66,1,1,1,3,Low Value
4392,3,10,516631.79,4,3,2,9,Medium Value
4393,53,8,371731.37,2,2,1,5,Low Value
4394,114,6,285533.06,1,1,1,3,Low Value
4395,88,5,271491.54000000004,1,1,1,3,Low Value
4396,222,8,449197.23,1,2,2,5,Low Value
4397,24,13,739363.1,3,4,4,11,High Value
4398,98,15,708619.48,1,4,3,8,Medium Value
4399,26,11,784679.41,3,3,4,10,High Value
4400,15,14,1009624.66,4,4,4,12,High Value
4401,103,12,792058.42,1,4,4,9,Medium Value
4402,14,7,365767.73,4,1,1,6,Low Value
4403,60,5,191786.40000000002,2,1,1,4,Low Value
4404,9,12,933942.31,4,4,4,12,High Value
4405,14,7,297252.02999999997,4,1,1,6,Low Value
4406,31,7,485507.6,3,1,2,6,Low Value
4407,11,11,804351.58,4,3,4,11,High Value
4408,1,10,786969.3400000001,4,3,4,11,High Value
4409,90,7,691376.62,1,1,3,5,Low Value
4410,11,14,493807.62,4,4,2,10,High Value
4411,42,8,360177.85,2,2,1,5,Low Value
4412,151,5,185348.7,1,1,1,3,Low Value
4413,38,7,321428.55,3,1,1,5,Low Value
4414,51,9,445108.01,2,2,2,6,Low Value
4415,28,12,626670.48,3,4,3,10,High Value
4416,75,10,702275.35,2,3,3,8,Medium Value
4417,71,9,453489.43,2,2,2,6,Low Value
4418,172,9,380310.39,1,2,1,4,Low Value
4419,99,11,579699.46,1,3,3,7,Medium Value
4420,111,8,344814.71,1,2,1,4,Low Value
4421,19,9,504469.52,3,2,2,7,Medium Value
4422,16,4,343175.54000000004,4,1,1,6,Low Value
4423,93,11,832043.11,1,3,4,8,Medium Value
4424,125,7,593018.94,1,1,3,5,Low Value
4425,18,16,886640.81,3,4,4,11,High Value
4426,71,7,367269.39,2,1,1,4,Low Value
4427,120,11,823433.22,1,3,4,8,Medium Value
4428,89,8,516085.16000000003,1,2,2,5,Low Value
4429,7,11,378346.29000000004,4,3,1,8,Medium Value
4430,40,10,542640.76,3,3,2,8,Medium Value
4431,123,8,596025.16,1,2,3,6,Low Value
4432,34,12,559920.6799999999,3,4,3,10,High Value
4433,27,13,338061.07,3,4,1,8,Medium Value
4434,3,8,577041.87,4,2,3,9,Medium Value
4435,196,11,696143.67,1,3,3,7,Medium Value
4436,2,15,743431.51,4,4,4,12,High Value
4437,16,11,652359.66,4,3,3,10,High Value
4438,126,8,268735.47,1,2,1,4,Low Value
4439,10,11,903152.64,4,3,4,11,High Value
4440,14,16,823823.51,4,4,4,12,High Value
4441,41,8,653706.5700000001,2,2,3,7,Medium Value
4442,459,6,323724.05,1,1,1,3,Low Value
4443,5,11,697124.48,4,3,3,10,High Value
4444,154,8,402996.98,1,2,1,4,Low Value
4445,59,14,738837.78,2,4,4,10,High Value
4446,10,12,557091.95,4,4,2,10,High Value
4447,17,14,605150.6900000001,4,4,3,11,High Value
4448,326,3,300326.91000000003,1,1,1,3,Low Value
4449,64,4,233940.22999999998,2,1,1,4,Low Value
4450,161,5,225252.46000000002,1,1,1,3,Low Value
4451,64,12,898023.23,2,4,4,10,High Value
4452,11,17,1161527.18,4,4,4,12,High Value
4453,6,15,893542.4,4,4,4,12,High Value
4454,61,13,556061.49,2,4,2,8,Medium Value
4455,31,13,597750.2999999999,3,4,3,10,High Value
4456,45,12,762228.9,2,4,4,10,High Value
4457,71,14,927824.59,2,4,4,10,High Value
4458,32,11,718326.76,3,3,3,9,Medium Value
4459,34,6,372183.77,3,1,1,5,Low Value
4460,52,16,821724.8999999999,2,4,4,10,High Value
4461,25,12,570692.51,3,4,3,10,High Value
4462,32,7,448913.31,3,1,2,6,Low Value
4463,15,13,839664.99,4,4,4,12,High Value
4464,7,13,839199.69,4,4,4,12,High Value
4465,63,14,934017.97,2,4,4,10,High Value
4466,80,8,731434.53,2,2,4,8,Medium Value
4467,18,10,462714.94,3,3,2,8,Medium Value
4468,111,7,491241.79000000004,1,1,2,4,Low Value
4469,29,10,285961.74,3,3,1,7,Medium Value
4470,17,9,529589.22,4,2,2,8,Medium Value
4471,70,7,649362.43,2,1,3,6,Low Value
4472,81,13,1020368.77,2,4,4,10,High Value
4473,50,13,695788.36,2,4,3,9,Medium Value
4474,3,11,784311.77,4,3,4,11,High Value
4475,76,10,438080.62,2,3,2,7,Medium Value
4476,64,5,426372.0,2,1,2,5,Low Value
4477,1,6,310201.84,4,1,1,6,Low Value
4478,53,12,999727.1,2,4,4,10,High Value
4479,15,7,331365.6,4,1,1,6,Low Value
4480,24,7,403485.73,3,1,1,5,Low Value
4481,19,11,427793.61,3,3,2,8,Medium Value
4482,151,9,486162.16000000003,1,2,2,5,Low Value
4483,60,17,1232660.04,2,4,4,10,High Value
4484,24,13,507936.35,3,4,2,9,Medium Value
4485,47,6,261920.55,2,1,1,4,Low Value
4486,140,7,326281.23,1,1,1,3,Low Value
4487,58,6,374313.09,2,1,1,4,Low Value
4488,91,8,463616.03,1,2,2,5,Low Value
4489,11,11,793451.81,4,3,4,11,High Value
4490,13,13,920149.74,4,4,4,12,High Value
4491,6,11,486892.0,4,3,2,9,Medium Value
4492,46,10,640062.38,2,3,3,8,Medium Value
4493,201,12,677317.19,1,4,3,8,Medium Value
4494,127,11,719133.81,1,3,3,7,Medium Value
4495,39,16,1206467.25,3,4,4,11,High Value
4496,141,6,285284.14999999997,1,1,1,3,Low Value
4497,56,13,902409.16,2,4,4,10,High Value
4498,109,9,289633.42,1,2,1,4,Low Value
4499,104,6,275451.82,1,1,1,3,Low Value
4500,12,8,848826.29,4,2,4,10,High Value
4501,69,10,516343.03,2,3,2,7,Medium Value
4502,36,19,1106771.39,3,4,4,11,High Value
4503,32,14,566990.55,3,4,3,10,High Value
4504,15,10,598363.46,4,3,3,10,High Value
4505,25,10,665035.9199999999,3,3,3,9,Medium Value
4506,2,11,429461.55,4,3,2,9,Medium Value
4507,32,9,385439.27,3,2,1,6,Low Value
4508,74,16,1172065.34,2,4,4,10,High Value
4509,62,9,482236.86,2,2,2,6,Low Value
4510,73,8,505748.35,2,2,2,6,Low Value
4511,24,6,375251.19,3,1,1,5,Low Value
4512,64,11,564390.63,2,3,3,8,Medium Value
4513,137,13,561601.5,1,4,3,8,Medium Value
4514,125,8,686639.38,1,2,3,6,Low Value
4515,193,12,622441.43,1,4,3,8,Medium Value
4516,47,9,748947.01,2,2,4,8,Medium Value
4517,33,10,355247.3,3,3,1,7,Medium Value
4518,50,12,783345.4500000001,2,4,4,10,High Value
4519,354,7,368176.3,1,1,1,3,Low Value
4520,314,6,186074.72,1,1,1,3,Low Value
4521,16,7,294197.93,4,1,1,6,Low Value
4522,35,16,759099.21,3,4,4,11,High Value
4523,161,5,279354.03,1,1,1,3,Low Value
4524,17,15,862185.23,4,4,4,12,High Value
4525,77,5,328212.68000000005,2,1,1,4,Low Value
4526,15,10,686122.86,4,3,3,10,High Value
4527,37,14,845090.72,3,4,4,11,High Value
4528,9,13,780160.07,4,4,4,12,High Value
4529,19,10,447005.33999999997,3,3,2,8,Medium Value
4530,30,8,380824.60000000003,3,2,1,6,Low Value
4531,114,9,637519.45,1,2,3,6,Low Value
4532,215,8,541988.69,1,2,2,5,Low Value
4533,71,6,510778.38,2,1,2,5,Low Value
4534,7,13,760386.6,4,4,4,12,High Value
4535,72,10,481812.82,2,3,2,7,Medium Value
4536,38,6,554510.69,3,1,2,6,Low Value
4537,32,8,302573.49,3,2,1,6,Low Value
4538,94,9,301544.65,1,2,1,4,Low Value
4539,35,11,674472.33,3,3,3,9,Medium Value
4540,82,7,311224.12,2,1,1,4,Low Value
4541,7,9,358193.19999999995,4,2,1,7,Medium Value
4542,26,8,301103.41,3,2,1,6,Low Value
4543,14,15,775334.7999999999,4,4,4,12,High Value
4544,79,7,258564.63999999998,2,1,1,4,Low Value
4545,54,10,747137.39,2,3,4,9,Medium Value
4546,33,13,1072222.48,3,4,4,11,High Value
4547,10,7,463933.98,4,1,2,7,Medium Value
4548,46,12,645206.44,2,4,3,9,Medium Value
4549,81,7,176364.46,2,1,1,4,Low Value
4550,108,7,413503.64,1,1,1,3,Low Value
4551,50,8,501318.64,2,2,2,6,Low Value
4552,52,5,180021.51,2,1,1,4,Low Value
4553,30,9,724696.45,3,2,3,8,Medium Value
4554,27,14,672104.68,3,4,3,10,High Value
4555,4,11,523868.04,4,3,2,9,Medium Value
4556,20,8,556478.81,3,2,2,7,Medium Value
4557,51,5,277218.1,2,1,1,4,Low Value
4558,49,9,511876.64,2,2,2,6,Low Value
4559,15,8,532284.53,4,2,2,8,Medium Value
4560,66,11,612633.15,2,3,3,8,Medium Value
4561,21,8,480073.51,3,2,2,7,Medium Value
4562,6,15,812691.41,4,4,4,12,High Value
4563,37,11,725887.35,3,3,4,10,High Value
4564,26,5,296773.77,3,1,1,5,Low Value
4565,10,11,751923.0599999999,4,3,4,11,High Value
4566,187,7,384646.74,1,1,1,3,Low Value
4567,37,10,391833.58999999997,3,3,1,7,Medium Value
4568,258,8,601866.85,1,2,3,6,Low Value
4569,1,8,611832.8200000001,4,2,3,9,Medium Value
4570,89,5,241515.91999999998,1,1,1,3,Low Value
4571,64,20,933289.94,2,4,4,10,High Value
4572,35,14,953408.8,3,4,4,11,High Value
4573,55,8,349167.39,2,2,1,5,Low Value
4574,63,8,357538.99,2,2,1,5,Low Value
4575,57,9,535190.57,2,2,2,6,Low Value
4576,8,10,714770.39,4,3,3,10,High Value
4577,31,15,723790.88,3,4,3,10,High Value
4578,41,9,382287.45,2,2,1,5,Low Value
4579,45,11,710661.85,2,3,3,8,Medium Value
4580,30,5,241630.27,3,1,1,5,Low Value
4581,70,6,185747.22,2,1,1,4,Low Value
4582,47,10,439382.97,2,3,2,7,Medium Value
4583,83,8,577809.0,1,2,3,6,Low Value
4584,69,11,629032.21,2,3,3,8,Medium Value
4585,210,7,483645.45999999996,1,1,2,4,Low Value
4586,77,12,890923.52,2,4,4,10,High Value
4587,69,7,229420.43,2,1,1,4,Low Value
4588,87,9,588210.6799999999,1,2,3,6,Low Value
4589,53,7,334215.6,2,1,1,4,Low Value
4590,91,7,438327.70999999996,1,1,2,4,Low Value
4591,98,11,647297.5700000001,1,3,3,7,Medium Value
4592,148,2,111372.07,1,1,1,3,Low Value
4593,59,12,851493.78,2,4,4,10,High Value
4594,80,8,570237.47,2,2,3,7,Medium Value
4595,203,6,296554.53,1,1,1,3,Low Value
4596,31,11,576109.73,3,3,3,9,Medium Value
4597,152,4,257898.12,1,1,1,3,Low Value
4598,75,11,845064.73,2,3,4,9,Medium Value
4599,79,5,325726.16000000003,2,1,1,4,Low Value
4600,29,11,594093.04,3,3,3,9,Medium Value
4601,59,9,656823.12,2,2,3,7,Medium Value
4602,9,11,495896.25,4,3,2,9,Medium Value
4603,10,14,823968.53,4,4,4,12,High Value
4604,18,11,455845.2,3,3,2,8,Medium Value
4605,10,12,716124.6,4,4,3,11,High Value
4606,114,7,321817.2,1,1,1,3,Low Value
4607,66,9,494200.6,2,2,2,6,Low Value
4608,25,10,302832.75,3,3,1,7,Medium Value
4609,11,9,866267.09,4,2,4,10,High Value
4610,27,8,526991.26,3,2,2,7,Medium Value
4611,91,7,387993.97,1,1,1,3,Low Value
4612,97,9,236355.17,1,2,1,4,Low Value
4613,9,13,657137.79,4,4,3,11,High Value
4614,10,11,443948.7,4,3,2,9,Medium Value
4615,112,9,513750.02,1,2,2,5,Low Value
4616,149,3,311120.69,1,1,1,3,Low Value
4617,18,11,791275.3200000001,3,3,4,10,High Value
4618,27,12,946425.94,3,4,4,11,High Value
4619,22,13,705937.6699999999,3,4,3,10,High Value
4620,21,12,647200.19,3,4,3,10,High Value
4621,119,15,732691.51,1,4,4,9,Medium Value
4622,126,9,534476.26,1,2,2,5,Low Value
4623,9,5,338184.98,4,1,1,6,Low Value
4624,41,9,440354.93,2,2,2,6,Low Value
4625,147,6,260956.14,1,1,1,3,Low Value
4626,113,14,777350.3200000001,1,4,4,9,Medium Value
4627,26,13,606905.9400000001,3,4,3,10,High Value
4628,126,8,531839.2,1,2,2,5,Low Value
4629,117,10,625155.18,1,3,3,7,Medium Value
4630,33,12,769458.19,3,4,4,11,High Value
4631,18,11,580029.91,3,3,3,9,Medium Value
4632,35,5,420673.7,3,1,2,6,Low Value
4633,19,9,354737.87,3,2,1,6,Low Value
4634,34,11,608738.5700000001,3,3,3,9,Medium Value
4635,25,9,431642.66,3,2,2,7,Medium Value
4636,63,7,264703.61,2,1,1,4,Low Value
4637,75,13,619321.6900000001,2,4,3,9,Medium Value
4638,36,14,669696.34,3,4,3,10,High Value
4639,29,10,300221.39,3,3,1,7,Medium Value
4640,40,5,483831.44000000006,3,1,2,6,Low Value
4641,132,10,586480.52,1,3,3,7,Medium Value
4642,38,7,394793.3,3,1,1,5,Low Value
4643,42,14,845849.87,2,4,4,10,High Value
4644,53,12,507697.76,2,4,2,8,Medium Value
4645,13,14,857583.2899999999,4,4,4,12,High Value
4646,95,7,497487.03,1,1,2,4,Low Value
4647,16,8,401461.61,4,2,1,7,Medium Value
4648,97,10,609744.09,1,3,3,7,Medium Value
4649,80,9,598449.16,2,2,3,7,Medium Value
4650,11,14,719688.96,4,4,3,11,High Value
4651,98,13,755981.17,1,4,4,9,Medium Value
4652,45,8,502550.36,2,2,2,6,Low Value
4653,75,16,847663.11,2,4,4,10,High Value
4654,9,8,270686.37,4,2,1,7,Medium Value
4655,41,9,513256.63,2,2,2,6,Low Value
4656,99,9,372570.45,1,2,1,4,Low Value
4657,35,8,428769.28,3,2,2,7,Medium Value
4658,195,8,545318.0700000001,1,2,2,5,Low Value
4659,77,9,602778.16,2,2,3,7,Medium Value
4660,42,12,639137.98,2,4,3,9,Medium Value
4661,66,11,599690.6799999999,2,3,3,8,Medium Value
4662,23,16,860892.04,3,4,4,11,High Value
4663,39,8,330578.79000000004,3,2,1,6,Low Value
4664,44,6,381023.23,2,1,1,4,Low Value
4665,67,12,843215.8,2,4,4,10,High Value
4666,81,10,486799.88,2,3,2,7,Medium Value
4667,149,6,357167.10000000003,1,1,1,3,Low Value
4668,16,9,569766.92,4,2,3,9,Medium Value
4669,59,8,371740.78,2,2,1,5,Low Value
4670,22,8,658776.27,3,2,3,8,Medium Value
4671,96,14,649315.16,1,4,3,8,Medium Value
4672,14,13,553844.87,4,4,2,10,High Value
4673,167,5,299514.14,1,1,1,3,Low Value
4674,100,7,289371.36,1,1,1,3,Low Value
4675,46,16,1019040.62,2,4,4,10,High Value
4676,271,9,703763.43,1,2,3,6,Low Value
4677,13,11,853449.58,4,3,4,11,High Value
4678,2,14,1204210.56,4,4,4,12,High Value
4679,68,10,810284.66,2,3,4,9,Medium Value
4680,89,10,528851.47,1,3,2,6,Low Value
4681,60,14,655378.22,2,4,3,9,Medium Value
4682,115,11,513324.53,1,3,2,6,Low Value
4683,10,13,743310.52,4,4,4,12,High Value
4684,42,15,1027034.08,2,4,4,10,High Value
4685,143,5,357969.9,1,1,1,3,Low Value
4686,45,7,490411.15,2,1,2,5,Low Value
4687,229,7,633209.6,1,1,3,5,Low Value
4688,97,10,593316.91,1,3,3,7,Medium Value
4689,110,15,734705.81,1,4,4,9,Medium Value
4690,21,6,395889.99,3,1,1,5,Low Value
4691,56,14,757306.5499999999,2,4,4,10,High Value
4692,74,9,452796.98,2,2,2,6,Low Value
4693,69,8,529705.47,2,2,2,6,Low Value
4694,112,10,580859.69,1,3,3,7,Medium Value
4695,12,13,785412.29,4,4,4,12,High Value
4696,23,9,492734.85,3,2,2,7,Medium Value
4697,55,10,799720.1,2,3,4,9,Medium Value
4698,71,9,397134.14999999997,2,2,1,5,Low Value
4699,129,7,258263.40000000002,1,1,1,3,Low Value
4700,50,10,580045.1699999999,2,3,3,8,Medium Value
4701,212,4,239111.91999999998,1,1,1,3,Low Value
4702,14,9,429101.86,4,2,2,8,Medium Value
4703,37,10,594773.95,3,3,3,9,Medium Value
4704,149,10,878515.45,1,3,4,8,Medium Value
4705,95,5,213387.57,1,1,1,3,Low Value
4706,60,16,791153.92,2,4,4,10,High Value
4707,72,6,455335.07999999996,2,1,2,5,Low Value
4708,66,7,438960.14,2,1,2,5,Low Value
4709,54,10,486755.04,2,3,2,7,Medium Value
4710,41,14,919726.84,2,4,4,10,High Value
4711,16,12,537377.21,4,4,2,10,High Value
4712,40,10,687242.56,3,3,3,9,Medium Value
4713,20,10,490758.65,3,3,2,8,Medium Value
4714,64,19,1054317.48,2,4,4,10,High Value
4715,10,14,779470.76,4,4,4,12,High Value
4716,8,14,588200.19,4,4,3,11,High Value
4717,68,11,901851.95,2,3,4,9,Medium Value
4718,211,7,437186.32999999996,1,1,2,4,Low Value
4719,33,11,605420.07,3,3,3,9,Medium Value
4720,13,17,1260470.21,4,4,4,12,High Value
4721,240,10,754442.3200000001,1,3,4,8,Medium Value
4722,66,10,698850.52,2,3,3,8,Medium Value
4723,47,15,1099411.1400000001,2,4,4,10,High Value
4724,9,15,637365.86,4,4,3,11,High Value
4725,14,10,647377.1,4,3,3,10,High Value
4726,31,7,255746.17,3,1,1,5,Low Value
4727,6,9,326790.69,4,2,1,7,Medium Value
4728,95,9,491402.38,1,2,2,5,Low Value
4729,17,12,264586.09,4,4,1,9,Medium Value
4730,78,10,442739.35000000003,2,3,2,7,Medium Value
4731,70,11,719853.48,2,3,3,8,Medium Value
4732,40,10,669895.49,3,3,3,9,Medium Value
4733,24,12,727958.3400000001,3,4,4,11,High Value
4734,5,11,728237.49,4,3,4,11,High Value
4735,36,14,706182.68,3,4,3,10,High Value
4736,87,8,534090.48,1,2,2,5,Low Value
4737,28,10,563546.5499999999,3,3,3,9,Medium Value
4738,41,7,480348.12,2,1,2,5,Low Value
4739,85,10,689024.8,1,3,3,7,Medium Value
4740,67,7,324406.08999999997,2,1,1,4,Low Value
4741,89,6,530607.7899999999,1,1,2,4,Low Value
4742,86,13,883619.82,1,4,4,9,Medium Value
4743,33,12,497550.46,3,4,2,9,Medium Value
4744,232,10,736750.4400000001,1,3,4,8,Medium Value
4745,6,12,710924.31,4,4,3,11,High Value
4746,147,6,238856.44,1,1,1,3,Low Value
4747,79,7,358694.11,2,1,1,4,Low Value
4748,49,11,557054.84,2,3,2,7,Medium Value
4749,53,11,671463.71,2,3,3,8,Medium Value
4750,10,8,351168.86,4,2,1,7,Medium Value
4751,30,9,681900.92,3,2,3,8,Medium Value
4752,85,9,438711.25,1,2,2,5,Low Value
4753,56,13,552048.62,2,4,2,8,Medium Value
4754,27,9,645911.49,3,2,3,8,Medium Value
4755,103,12,784858.73,1,4,4,9,Medium Value
4756,83,11,824474.96,1,3,4,8,Medium Value
4757,31,12,536535.93,3,4,2,9,Medium Value
4758,34,10,431299.73,3,3,2,8,Medium Value
4759,22,7,307462.93,3,1,1,5,Low Value
4760,91,6,295884.77,1,1,1,3,Low Value
4761,27,17,461442.61,3,4,2,9,Medium Value
4762,9,12,780601.04,4,4,4,12,High Value
4763,132,9,274912.45,1,2,1,4,Low Value
4764,85,4,219965.91000000003,1,1,1,3,Low Value
4765,64,13,743743.9,2,4,4,10,High Value
4766,69,5,396506.66000000003,2,1,1,4,Low Value
4767,23,12,423806.77,3,4,2,9,Medium Value
4768,130,6,274746.53,1,1,1,3,Low Value
4769,24,13,799774.25,3,4,4,11,High Value
4770,157,8,692090.36,1,2,3,6,Low Value
4771,53,9,759770.1599999999,2,2,4,8,Medium Value
4772,84,9,546255.07,1,2,2,5,Low Value
4773,4,8,556034.16,4,2,2,8,Medium Value
4774,18,10,432249.76,3,3,2,8,Medium Value
4775,24,11,646580.5,3,3,3,9,Medium Value
4776,154,9,735863.3,1,2,4,7,Medium Value
4777,58,12,538182.08,2,4,2,8,Medium Value
4778,168,8,504304.86,1,2,2,5,Low Value
4779,21,12,697103.81,3,4,3,10,High Value
4780,6,7,352971.79,4,1,1,6,Low Value
4781,15,14,860897.73,4,4,4,12,High Value
4782,5,14,626793.85,4,4,3,11,High Value
4783,7,11,711277.6900000001,4,3,3,10,High Value
4784,179,6,353790.07,1,1,1,3,Low Value
4785,135,6,417410.33,1,1,2,4,Low Value
4786,142,10,311666.51,1,3,1,5,Low Value
4787,7,12,1019852.3300000001,4,4,4,12,High Value
4788,26,10,773107.14,3,3,4,10,High Value
4789,76,6,190770.0,2,1,1,4,Low Value
4790,36,11,836923.23,3,3,4,10,High Value
4791,94,8,621557.57,1,2,3,6,Low Value
4792,161,10,688511.0,1,3,3,7,Medium Value
4793,92,7,322900.18,1,1,1,3,Low Value
4794,2,8,457881.88,4,2,2,8,Medium Value
4795,178,5,356540.47,1,1,1,3,Low Value
4796,62,7,489105.54,2,1,2,5,Low Value
4797,47,11,718223.2,2,3,3,8,Medium Value
4798,103,11,398681.82999999996,1,3,1,5,Low Value
4799,116,8,485391.4,1,2,2,5,Low Value
4800,70,6,490354.45,2,1,2,5,Low Value
4801,63,9,424375.17,2,2,2,6,Low Value
4802,56,9,563793.61,2,2,3,7,Medium Value
4803,29,12,762414.61,3,4,4,11,High Value
4804,34,8,564460.64,3,2,3,8,Medium Value
4805,17,11,336875.14,4,3,1,8,Medium Value
4806,183,11,372960.52999999997,1,3,1,5,Low Value
4807,1,12,812422.53,4,4,4,12,High Value
4808,13,7,504082.26,4,1,2,7,Medium Value
4809,73,10,489899.70999999996,2,3,2,7,Medium Value
4810,14,7,377395.06,4,1,1,6,Low Value
4811,15,6,246172.85000000003,4,1,1,6,Low Value
4812,115,7,534801.5,1,1,2,4,Low Value
4813,22,8,702267.88,3,2,3,8,Medium Value
4814,318,5,275649.44,1,1,1,3,Low Value
4815,8,15,949551.88,4,4,4,12,High Value
4816,180,8,590119.37,1,2,3,6,Low Value
4817,60,12,1145152.81,2,4,4,10,High Value
4818,116,6,310452.82,1,1,1,3,Low Value
4819,170,10,576353.37,1,3,3,7,Medium Value
4820,69,11,534616.05,2,3,2,7,Medium Value
4821,13,10,561836.62,4,3,3,10,High Value
4822,87,12,695164.19,1,4,3,8,Medium Value
4823,69,18,1128463.47,2,4,4,10,High Value
4824,60,15,807144.13,2,4,4,10,High Value
4825,101,9,675106.5599999999,1,2,3,6,Low Value
4826,78,7,430722.31,2,1,2,5,Low Value
4827,25,11,467016.83,3,3,2,8,Medium Value
4828,33,8,537165.86,3,2,2,7,Medium Value
4829,4,6,316420.07999999996,4,1,1,6,Low Value
4830,198,6,404721.62,1,1,1,3,Low Value
4831,4,8,161982.37,4,2,1,7,Medium Value
4832,110,9,469850.68000000005,1,2,2,5,Low Value
4833,26,13,827780.04,3,4,4,11,High Value
4834,62,11,776767.67,2,3,4,9,Medium Value
4835,37,11,462765.38,3,3,2,8,Medium Value
4836,8,9,478577.65,4,2,2,8,Medium Value
4837,58,11,600475.88,2,3,3,8,Medium Value
4838,38,15,1139122.83,3,4,4,11,High Value
4839,8,12,909906.93,4,4,4,12,High Value
4840,51,22,1550365.79,2,4,4,10,High Value
4841,166,10,586202.67,1,3,3,7,Medium Value
4842,19,14,872253.26,3,4,4,11,High Value
4843,11,9,370873.77,4,2,1,7,Medium Value
4844,88,7,282158.92000000004,1,1,1,3,Low Value
4845,35,8,522838.39,3,2,2,7,Medium Value
4846,31,10,727483.7,3,3,4,10,High Value
4847,144,11,712679.99,1,3,3,7,Medium Value
4848,163,7,311251.22,1,1,1,3,Low Value
4849,14,10,617485.08,4,3,3,10,High Value
4850,135,10,852080.09,1,3,4,8,Medium Value
4851,61,7,432347.88,2,1,2,5,Low Value
4852,35,6,255298.12,3,1,1,5,Low Value
4853,1,16,1063648.29,4,4,4,12,High Value
4854,25,13,619530.3,3,4,3,10,High Value
4855,179,10,731492.1,1,3,4,8,Medium Value
4856,29,7,259088.21,3,1,1,5,Low Value
4857,85,12,953799.53,1,4,4,9,Medium Value
4858,111,11,822824.25,1,3,4,8,Medium Value
4859,4,10,453934.61000000004,4,3,2,9,Medium Value
4860,89,5,181148.29,1,1,1,3,Low Value
4861,12,14,1017070.74,4,4,4,12,High Value
4862,16,12,623716.03,4,4,3,11,High Value
4863,2,20,906322.6,4,4,4,12,High Value
4864,38,10,506177.56,3,3,2,8,Medium Value
4865,37,10,610510.16,3,3,3,9,Medium Value
4866,103,15,637511.93,1,4,3,8,Medium Value
4867,57,13,707942.49,2,4,3,9,Medium Value
4868,17,8,498126.15,4,2,2,8,Medium Value
4869,20,12,778537.42,3,4,4,11,High Value
4870,73,13,1101441.86,2,4,4,10,High Value
4871,95,12,677375.87,1,4,3,8,Medium Value
4872,12,7,399220.25,4,1,1,6,Low Value
4873,40,14,845880.12,3,4,4,11,High Value
4874,41,11,854826.3200000001,2,3,4,9,Medium Value
4875,13,9,569474.58,4,2,3,9,Medium Value
4876,90,8,650282.02,1,2,3,6,Low Value
4877,13,16,1245265.58,4,4,4,12,High Value
4878,11,8,608570.27,4,2,3,9,Medium Value
4879,21,6,402911.36,3,1,1,5,Low Value
4880,12,10,449658.49,4,3,2,9,Medium Value
4881,125,12,654734.38,1,4,3,8,Medium Value
4882,66,12,807982.54,2,4,4,10,High Value
4883,100,14,714554.26,1,4,3,8,Medium Value
4884,64,5,414754.44,2,1,1,4,Low Value
4885,122,5,261292.2,1,1,1,3,Low Value
4886,144,11,748999.32,1,3,4,8,Medium Value
4887,50,9,791413.09,2,2,4,8,Medium Value
4888,51,15,934858.54,2,4,4,10,High Value
4889,63,7,200267.31,2,1,1,4,Low Value
4890,61,12,742922.78,2,4,4,10,High Value
4891,23,12,569174.0,3,4,3,10,High Value
4892,11,14,1063654.36,4,4,4,12,High Value
4893,37,8,358147.88,3,2,1,6,Low Value
4894,120,10,473540.64,1,3,2,6,Low Value
4895,51,9,327117.5,2,2,1,5,Low Value
4896,69,11,787264.47,2,3,4,9,Medium Value
4897,24,14,831466.82,3,4,4,11,High Value
4898,99,9,682994.87,1,2,3,6,Low Value
4899,13,5,105530.69,4,1,1,6,Low Value
4900,93,12,440102.29,1,4,2,7,Medium Value
4901,110,9,653823.05,1,2,3,6,Low Value
4902,86,13,916610.21,1,4,4,9,Medium Value
4903,43,8,550563.56,2,2,2,6,Low Value
4904,215,6,305820.67,1,1,1,3,Low Value
4905,16,15,566761.24,4,4,3,11,High Value
4906,47,11,516368.11,2,3,2,7,Medium Value
4907,16,12,461494.89,4,4,2,10,High Value
4908,65,9,462175.54,2,2,2,6,Low Value
4909,45,12,523741.70999999996,2,4,2,8,Medium Value
4910,11,11,878449.68,4,3,4,11,High Value
4911,35,9,718432.01,3,2,3,8,Medium Value
4912,10,11,588161.72,4,3,3,10,High Value
4913,37,5,317738.65,3,1,1,5,Low Value
4914,24,12,805112.55,3,4,4,11,High Value
4915,61,13,546772.97,2,4,2,8,Medium Value
4916,15,12,580657.05,4,4,3,11,High Value
4917,54,6,259734.51,2,1,1,4,Low Value
4918,49,9,432207.2,2,2,2,6,Low Value
4919,29,10,638065.8200000001,3,3,3,9,Medium Value
4920,1,12,534293.01,4,4,2,10,High Value
4921,142,7,389825.58999999997,1,1,1,3,Low Value
4922,13,10,813807.1699999999,4,3,4,11,High Value
4923,208,5,338211.95,1,1,1,3,Low Value
4924,34,15,979433.42,3,4,4,11,High Value
4925,16,11,734597.6,4,3,4,11,High Value
4926,40,17,1346623.17,3,4,4,11,High Value
4927,8,15,1017336.11,4,4,4,12,High Value
4928,1,9,405295.33,4,2,1,7,Medium Value
4929,24,11,633793.3300000001,3,3,3,9,Medium Value
4930,22,9,502961.95,3,2,2,7,Medium Value
4931,6,13,515744.08,4,4,2,10,High Value
4932,127,8,378574.42,1,2,1,4,Low Value
4933,75,9,464117.17,2,2,2,6,Low Value
4934,122,6,300104.06,1,1,1,3,Low Value
4935,109,12,505457.64999999997,1,4,2,7,Medium Value
4936,45,12,768836.3,2,4,4,10,High Value
4937,93,14,502236.97000000003,1,4,2,7,Medium Value
4938,1,13,750562.97,4,4,4,12,High Value
4939,18,6,392615.4,3,1,1,5,Low Value
4940,74,8,550051.17,2,2,2,6,Low Value
4941,129,7,366022.39,1,1,1,3,Low Value
4942,35,10,617424.16,3,3,3,9,Medium Value
4943,36,15,780670.51,3,4,4,11,High Value
4944,17,14,1076732.55,4,4,4,12,High Value
4945,4,16,874436.99,4,4,4,12,High Value
4946,1,13,869724.99,4,4,4,12,High Value
4947,10,15,796093.82,4,4,4,12,High Value
4948,109,8,310017.57,1,2,1,4,Low Value
4949,40,7,377339.22000000003,3,1,1,5,Low Value
4950,121,7,491226.99,1,1,2,4,Low Value
4951,230,11,697398.0599999999,1,3,3,7,Medium Value
4952,37,7,404606.88,3,1,1,5,Low Value
4953,145,5,255345.64,1,1,1,3,Low Value
4954,32,12,871921.49,3,4,4,11,High Value
4955,31,11,676244.49,3,3,3,9,Medium Value
4956,66,7,512509.9,2,1,2,5,Low Value
4957,20,10,571322.73,3,3,3,9,Medium Value
4958,69,14,647586.29,2,4,3,9,Medium Value
4959,63,7,598004.5800000001,2,1,3,6,Low Value
4960,242,11,513338.29,1,3,2,6,Low Value
4961,30,7,286615.26999999996,3,1,1,5,Low Value
4962,138,6,121174.67,1,1,1,3,Low Value
4963,166,5,314304.38,1,1,1,3,Low Value
4964,9,15,676194.28,4,4,3,11,High Value
4965,26,16,953139.5,3,4,4,11,High Value
4966,89,13,713389.54,1,4,3,8,Medium Value
4967,64,10,597787.53,2,3,3,8,Medium Value
4968,86,6,462236.68,1,1,2,4,Low Value
4969,2,9,419943.56,4,2,2,8,Medium Value
4970,160,4,172447.38999999998,1,1,1,3,Low Value
4971,40,8,566526.5800000001,3,2,3,8,Medium Value
4972,2,12,710024.53,4,4,3,11,High Value
4973,22,11,721250.53,3,3,3,9,Medium Value
4974,114,9,389909.17,1,2,1,4,Low Value
4975,8,14,719040.77,4,4,3,11,High Value
4976,283,5,119188.63,1,1,1,3,Low Value
4977,39,10,657512.19,3,3,3,9,Medium Value
4978,114,10,531475.24,1,3,2,6,Low Value
4979,62,13,880128.36,2,4,4,10,High Value
4980,3,9,384187.66000000003,4,2,1,7,Medium Value
4981,27,8,357972.06,3,2,1,6,Low Value
4982,223,9,498873.87,1,2,2,5,Low Value
4983,75,7,382933.64,2,1,1,4,Low Value
4984,24,12,694437.73,3,4,3,10,High Value
4985,75,5,149713.43,2,1,1,4,Low Value
4986,121,7,104611.25,1,1,1,3,Low Value
4987,3,7,230362.45,4,1,1,6,Low Value
4988,32,9,637322.06,3,2,3,8,Medium Value
4989,48,9,295784.79,2,2,1,5,Low Value
4990,91,10,506280.93,1,3,2,6,Low Value
4991,16,9,792975.19,4,2,4,10,High Value
4992,55,13,986789.8899999999,2,4,4,10,High Value
4993,6,9,522198.20999999996,4,2,2,8,Medium Value
4994,39,16,1004799.86,3,4,4,11,High Value
4995,41,14,745008.59,2,4,4,10,High Value
4996,55,10,610899.65,2,3,3,8,Medium Value
4997,38,10,603129.6,3,3,3,9,Medium Value
4998,371,4,215236.11,1,1,1,3,Low Value
4999,9,9,500482.27,4,2,2,8,Medium Value
5000,23,14,863239.82,3,4,4,11,High Value
